"n_participant","n_items","prevalence_type","seed","no_of_cores","name","internal_assign","external_assign","sequential_assign","integrative_assign","guess_assign","bias1_assign","bias2_assign","total_runtime_assign","internal_refit_loo","external_refit_loo","sequential_refit_loo","integrative_refit_loo","guess_refit_loo","bias1_refit_loo","bias2_refit_loo","internal_refit_waic","external_refit_waic","sequential_refit_waic","integrative_refit_waic","guess_refit_waic","bias1_refit_waic","bias2_refit_waic","total_runtime_refit_loo","total_runtime_refit_waic"
150,60,"equal",1234,4,"AMD EPYC 9B45",122.096370458603,23.5396587848663,262.586793422699,163.933939218521,23.8762443065643,24.3804261684418,22.0222134590149,642.43564581871,26.8084557056427,3.85706949234009,58.764034986496,22.7664496898651,3.12490272521973,1.05869960784912,1.7553539276123,25.42547082901,3.95254039764404,62.0852377414703,25.131603717804,3.20989489555359,1.09658408164978,1.83554196357727,118.134966135025,122.736873626709
150,60,"equal",1235,4,"AMD EPYC 9B45",108.076224327087,20.9876606464386,240.191760063171,149.409902095795,20.3883898258209,21.2164940834045,21.9609084129333,582.231339454651,19.7046933174133,3.0971565246582,63.8647592067719,25.2686183452606,2.76092624664307,2.13460636138916,0.867861270904541,21.8369274139404,3.21497678756714,73.4571313858032,23.5374267101288,3.03358149528503,1.81614208221436,0,117.698621273041,126.896185874939
150,60,"equal",1236,4,"AMD EPYC 9B45",107.844788551331,21.7775161266327,245.616006851196,152.753627538681,20.5364863872528,21.4000432491302,21.2125451564789,591.141013860703,24.6535751819611,3.08247232437134,69.1634511947632,20.2562661170959,3.20239567756653,0.851690769195557,0.887757062911987,25.6039953231812,2.95621514320374,89.0205790996552,20.2802758216858,3.21811604499817,1.33817195892334,1.36333298683167,122.097608327866,143.780686378479
150,60,"equal",1237,4,"AMD EPYC 9B45",106.748384952545,22.367518901825,237.589714050293,149.488989114761,21.0430958271027,21.3372368812561,22.213476896286,580.788416624069,19.7882783412933,3.22862815856934,72.2977430820465,24.7277748584747,2.92343592643738,1.14220523834229,0.717870712280273,21.0284907817841,3.23860478401184,73.38698554039,23.0420536994934,2.93203353881836,1.45541715621948,1.75335335731506,124.825936317444,126.836938858032
150,60,"equal",1238,4,"AMD EPYC 9B45",105.370928764343,20.9131350517273,239.978333234787,145.74915266037,20.8491470813751,21.0968828201294,22.4160087108612,576.373588323593,24.6205582618713,3.5064001083374,53.1901409626007,25.1828005313873,3.0915699005127,0.72087025642395,0.857957124710083,23.8825290203094,3.26530432701111,57.9432926177979,26.8843517303467,3.27188038825989,1.0408308506012,1.4312002658844,111.170297145844,117.719389200211
150,60,"equal",1239,4,"AMD EPYC 9B45",107.056245088577,21.077570438385,240.892685413361,146.142645597458,20.7298269271851,21.3227889537811,21.4168567657471,578.638619184494,22.6516919136047,3.38927006721497,64.0477485656738,21.0262506008148,3.06615090370178,0.720467567443848,1.43822073936462,23.0789642333984,3.10031294822693,81.5291469097137,21.1630926132202,3.38733911514282,1.08605790138245,1.45417380332947,116.339800357819,134.799087524414
150,60,"equal",1240,4,"AMD EPYC 9B45",108.710334300995,23.270982503891,251.265782833099,154.266986131668,22.1792747974396,21.7261791229248,21.8376314640045,603.257171154022,20.8337440490723,4.17095541954041,71.5624308586121,24.4528727531433,2.57331037521362,0.738276958465576,0.867372751235962,21.1367743015289,4.29102969169617,83.7066602706909,23.8913772106171,2.44448161125183,1.12786483764648,1.21216440200806,125.198963165283,137.810352325439
150,60,"equal",1241,4,"AMD EPYC 9B45",114.757709503174,23.51420378685,248.622486352921,153.35166478157,21.3464872837067,21.7338624000549,22.2298784255981,605.556292533875,17.8473310470581,4.25622463226318,69.8871669769287,23.8092238903046,3.20450019836426,0.737060785293579,0.883882999420166,24.2632210254669,3.6666796207428,83.3456926345825,19.9584760665894,3.27407884597778,1.15127825737,1.16694355010986,120.625390529633,136.826370000839
150,60,"equal",1242,4,"AMD EPYC 9B45",108.418498516083,21.179669380188,247.000277757645,154.889830112457,21.1975305080414,22.8234341144562,21.8145825862885,597.323822975159,24.6791210174561,2.84387183189392,65.440331697464,22.9043350219727,2.91110444068909,1.16482472419739,0.710667133331299,26.2361042499542,3.08000469207764,74.8381226062775,21.3352365493774,2.97564315795898,1.40659713745117,1.09036087989807,120.654255867004,130.962069272995
150,60,"equal",1243,4,"AMD EPYC 9B45",111.144262313843,21.2162206172943,240.557572841644,149.479109525681,21.0849256515503,20.6235032081604,22.0164792537689,586.122073411942,21.2726962566376,3.91451239585876,46.662162065506,32.4270627498627,2.73083281517029,0,0.836333513259888,23.8387370109558,3.89458060264587,46.5976932048798,33.0811538696289,3.06130504608154,0,0,107.843599796295,110.473469734192
150,60,"equal",1244,4,"AMD EPYC 9B45",114.773801326752,24.5739932060242,259.562622308731,159.513040542603,21.8156571388245,22.4971561431885,22.7160561084747,625.452326774597,22.4328846931458,3.09336018562317,59.4645640850067,39.3496868610382,3.02178525924683,1.40492010116577,1.24882054328918,23.1681842803955,3.19460368156433,85.5874156951904,32.6870579719543,2.65454530715942,1.80012798309326,1.40160584449768,130.016021728516,150.493540763855
150,60,"equal",1245,4,"AMD EPYC 9B45",112.634373903275,22.0112073421478,245.671667814255,155.39897942543,22.0784993171692,21.8482990264893,23.7776734828949,603.420700311661,20.7243399620056,3.99711894989014,54.1611895561218,30.6060388088226,3.14177441596985,0.914327621459961,0.922861576080322,22.9995458126068,4.2412588596344,53.2521402835846,32.238391160965,3.48667073249817,1.17383456230164,1.16882467269897,114.46765089035,118.56066608429
150,60,"equal",1246,4,"AMD EPYC 9B45",116.426105737686,23.3412549495697,252.128979921341,158.668210983276,22.0761458873749,22.8932344913483,22.2684218883514,617.802353858948,13.158899307251,4.48200392723083,64.4378397464752,24.3570983409882,4.09345459938049,0.891582250595093,1.16578054428101,18.2349848747253,4.71443247795105,54.6987035274506,23.5924079418182,4.33200359344482,1.24152517318726,1.53506755828857,112.586658716202,108.349125146866
150,60,"equal",1247,4,"AMD EPYC 9B45",107.621837615967,21.3554847240448,236.762356758118,148.425066232681,20.7996723651886,21.5286438465118,22.5407617092133,579.033823251724,20.4438519477844,3.81763100624084,70.4711403846741,23.5838916301727,2.64602756500244,1.02248215675354,0.99521017074585,20.5533983707428,3.98953986167908,64.9502539634705,24.3618953227997,3.18539214134216,1.51595973968506,1.22395706176758,122.980234861374,119.780396461487
150,60,"equal",1248,4,"AMD EPYC 9B45",128.876568078995,27.5671746730804,265.666436910629,163.796119451523,23.2892670631409,22.0850865840912,23.2871000766754,654.567752838135,25.7732541561127,3.32041931152344,54.4943587779999,23.106870174408,3.76176691055298,1.09168434143066,1.17066478729248,24.7262773513794,3.15954351425171,76.3443992137909,19.1357395648956,3.93560075759888,1.42787718772888,1.42899584770203,112.71901845932,130.158433437347
150,60,"equal",1249,4,"AMD EPYC 9B45",108.086183786392,21.7829277515411,237.435428857803,149.226525783539,20.4627633094788,20.8891451358795,21.1228680610657,579.005842685699,20.9030818939209,3.27023696899414,65.4512100219727,25.4263696670532,2.73797082901001,1.16033887863159,0.726771116256714,24.2739884853363,2.78948521614075,68.1166498661041,24.5445559024811,3.49569964408875,1.37696743011475,1.40542697906494,119.675979375839,126.002773523331
150,60,"equal",1250,4,"AMD EPYC 9B45",108.468456983566,21.3685538768768,247.963057994843,148.919385671616,20.9983770847321,20.8746962547302,21.2851073741913,589.877635240555,22.9877905845642,2.96857619285583,62.8274121284485,25.6608295440674,3.28958630561829,0,1.12196135520935,24.0894935131073,2.77843523025513,65.2819991111755,27.7219219207764,3.55162382125854,0,1.46443939208984,118.856156110764,124.887912988663
150,60,"equal",1251,4,"AMD EPYC 9B45",106.986954689026,21.1185266971588,249.478003740311,147.86208987236,21.6984322071075,21.3264057636261,21.7448582649231,590.215271234512,27.0863626003265,3.01359820365906,64.4019739627838,22.8846769332886,2.96110892295837,1.00348377227783,0.886430740356445,29.3382477760315,2.74524092674255,67.293128490448,23.5943286418915,3.10069370269775,1.27626276016235,1.07318329811096,122.237635135651,128.421085596085
150,60,"equal",1252,4,"AMD EPYC 9B45",108.663863182068,21.4570169448853,244.994818925858,148.105563879013,20.8114233016968,21.1779465675354,21.7009222507477,586.911555051804,24.7237930297852,3.44638085365295,63.0765814781189,20.2813673019409,3.2305428981781,0.887875080108643,0.721418380737305,25.0500433444977,3.64051795005798,66.4852759838104,22.4815185070038,3.54463505744934,1.24300479888916,0,116.367959022522,122.444995641708
150,60,"equal",1253,4,"AMD EPYC 9B45",109.007253646851,21.3429501056671,234.516193151474,145.582677364349,20.6792485713959,20.9394445419312,21.2231385707855,573.290905952454,21.8680348396301,3.61979556083679,60.371682882309,29.0563659667969,2.54994630813599,0.834208250045776,1.0381007194519,25.6949641704559,3.23795175552368,66.9176075458527,24.1803212165833,3.12721157073975,1.35831713676453,1.2576892375946,119.338134527206,125.774062633514
150,60,"equal",1254,4,"AMD EPYC 9B45",107.135048151016,21.3147263526917,235.13717508316,148.389699697495,21.2006154060364,21.5597002506256,21.7057511806488,576.442716121674,18.0902919769287,3.50056099891663,56.329409122467,30.3849444389343,3.03903198242188,0.874413013458252,1.00509977340698,21.2868204116821,3.42895126342773,60.5410878658295,26.1700644493103,3.48190975189209,1.41426181793213,1.47805547714233,113.223751306534,117.801151037216
150,60,"equal",1255,4,"AMD EPYC 9B45",108.312832355499,21.1941492557526,235.969150543213,148.119729995728,21.7977888584137,22.570018529892,21.8732776641846,579.836947202682,17.7568848133087,2.80959486961365,84.4735643863678,20.6345503330231,2.86685013771057,1.02614212036133,1.77972626686096,18.4694874286652,2.58931851387024,92.4456806182861,24.3436484336853,3.03656697273254,1.31041765213013,1.81771373748779,131.347312927246,144.012833356857
150,60,"equal",1256,4,"AMD EPYC 9B45",104.854643106461,21.5942556858063,244.533949136734,146.315642595291,20.9136574268341,20.8135423660278,21.150276184082,580.175966501236,20.9053635597229,3.91738796234131,69.684720993042,25.20081615448,2.54431557655334,0.855989217758179,0.721797704696655,24.6919450759888,4.1143856048584,74.6011757850647,20.5437004566193,2.94635486602783,1.08080887794495,1.10097789764404,123.830391168594,129.079348564148
150,60,"equal",1257,4,"AMD EPYC 9B45",110.914955377579,21.8228771686554,247.667947053909,154.532986879349,21.5027043819427,21.2078528404236,21.759895324707,599.409219026566,22.4990785121918,3.63393044471741,64.6619246006012,25.1865341663361,3.24652433395386,0,0.916972160339355,21.0513188838959,3.67581272125244,69.1914432048798,28.2914614677429,3.69127416610718,0,1.14568376541138,120.14496421814,127.04699420929
150,60,"equal",1258,4,"AMD EPYC 9B45",107.077004671097,20.7187361717224,236.794365644455,153.070636987686,20.7438545227051,21.9671726226807,21.078492641449,581.450263261795,23.0791153907776,4.44667029380798,59.8571636676788,14.8339014053345,3.18775963783264,0.854377746582031,1.0571722984314,24.0466446876526,4.2248432636261,66.2772963047028,15.2586951255798,3.54540395736694,1.32901787757874,1.27548575401306,107.316160440445,115.95738697052
150,60,"equal",1259,4,"AMD EPYC 9B45",107.843133449554,21.3798849582672,246.000993967056,151.614950895309,21.2014408111572,21.0836470127106,21.3558626174927,590.479913711548,23.5388593673706,2.72772932052612,72.1972527503967,22.7273087501526,3.24964141845703,0.719044208526611,1.12160778045654,28.0152928829193,3.10328912734985,71.6958458423615,21.5043938159943,3.32928204536438,0,1.37680339813232,126.281443595886,129.024907112122
150,60,"equal",1260,4,"AMD EPYC 9B45",107.91333937645,21.1247782707214,241.126695871353,147.379314899445,20.4276075363159,21.8330917358398,23.4771053791046,583.281933069229,26.1932687759399,2.42207026481628,70.0988383293152,28.7713222503662,4.34426856040955,1.25096487998962,1.21090745925903,32.9186079502106,2.1263644695282,67.1275269985199,23.0981698036194,4.0879442691803,1.48385715484619,1.46142554283142,134.291640520096,132.303896188736
150,60,"equal",1261,4,"AMD EPYC 9B45",108.773070812225,22.1732132434845,243.308017492294,155.907241821289,21.0472276210785,21.366361618042,22.076779127121,594.651911735535,17.6652553081512,4.18404006958008,65.8609085083008,30.8420941829681,2.62101244926453,1.03691720962524,0,23.0943768024445,4.04500269889832,64.8687164783478,30.0946929454803,3.16756081581116,1.2719042301178,0,122.21022772789,126.5422539711
150,60,"equal",1262,4,"AMD EPYC 9B45",107.620162725449,21.3170907497406,241.177373886108,149.170102834702,21.1053287982941,22.5667307376862,21.6300349235535,584.586824655533,20.9739515781403,3.13305068016052,57.5032429695129,27.7818546295166,3.53164410591125,1.06490635871887,0.711415767669678,23.6455206871033,3.22409629821777,59.2428946495056,26.9430842399597,3.96491622924805,1.2523992061615,0,114.70006608963,118.272911310196
150,60,"equal",1263,4,"AMD EPYC 9B45",119.768688201904,25.5168442726135,246.932598352432,151.854641199112,20.7831604480743,22.0038990974426,21.4263422489166,608.286173820496,21.0693247318268,3.35698771476746,72.8088607788086,27.9678981304169,2.37420296669006,1.14550113677979,1.12153840065002,26.1119246482849,3.07720160484314,62.9857470989227,28.5347936153412,2.42501759529114,1.3950047492981,1.68702387809753,129.84431385994,126.216713190079
150,60,"equal",1264,4,"AMD EPYC 9B45",106.680409431458,21.1787264347076,249.915103197098,150.84872508049,22.1743404865265,21.9271514415741,21.8953943252563,594.61985039711,19.6559221744537,3.26008176803589,63.0036020278931,31.6769783496857,2.2347936630249,1.02761816978455,1.16103267669678,24.4111080169678,3.47547245025635,59.6476714611053,28.1861364841461,2.79340481758118,1.26541757583618,1.28929352760315,122.020028829575,121.068504333496
150,60,"equal",1265,4,"AMD EPYC 9B45",110.127001523972,20.9528207778931,239.751016139984,146.318675279617,21.4023833274841,20.8297281265259,22.7172195911407,582.098844766617,26.0440111160278,3.12190628051758,62.8182685375214,20.5432612895966,2.97157502174377,0.835683107376099,1.45589113235474,26.6652090549469,3.44796276092529,65.0680360794067,18.4333837032318,3.20132350921631,1.33274459838867,1.32207107543945,117.790596485138,119.470730781555
150,60,"equal",1266,4,"AMD EPYC 9B45",108.808325767517,21.0604829788208,232.482049465179,149.272710800171,20.4303617477417,21.0932791233063,21.2551109790802,574.402320861816,23.2002696990967,2.64217257499695,63.2394726276398,30.4179885387421,2.49079704284668,0.868342876434326,0.890544652938843,25.6354105472565,2.53928327560425,72.0072858333588,30.168741941452,2.49562048912048,1.24670195579529,1.09753656387329,123.749588012695,135.190580606461
150,60,"equal",1267,4,"AMD EPYC 9B45",107.633636236191,21.5426423549652,242.034174442291,152.324051380157,20.9194958209991,21.8677270412445,21.3622505664825,587.683977842331,25.2347030639648,3.31260895729065,70.7058706283569,23.2743363380432,2.3192822933197,1.02975034713745,0,23.4236001968384,3.25821828842163,76.2812724113464,25.664125919342,2.78614950180054,1.24030733108521,0,125.876551628113,132.653673648834
150,60,"equal",1268,4,"AMD EPYC 9B45",107.158228158951,21.8847966194153,241.408493280411,147.771527051926,21.374888420105,20.8906185626984,21.7806723117828,582.269224405289,25.602725982666,3.27986407279968,65.6386728286743,21.2932424545288,2.68811345100403,0.735050439834595,1.5577220916748,28.7016739845276,3.67473483085632,68.9547202587128,17.5225987434387,3.05777359008789,1.0586986541748,1.6210036277771,120.795391321182,124.591203689575
150,60,"equal",1269,4,"AMD EPYC 9B45",109.128226280212,22.8597991466522,238.113562822342,152.094609737396,20.8955464363098,21.0765931606293,21.2938303947449,585.462167978287,20.8489668369293,3.62172269821167,57.2111978530884,23.878027677536,3.36085629463196,0.903627157211304,1.01256942749023,23.5224330425262,3.71586990356445,53.5963368415833,27.4587802886963,3.3600594997406,1.10989832878113,1.11176919937134,110.836967945099,113.875147104263
150,60,"equal",1270,4,"AMD EPYC 9B45",109.157180309296,21.7602488994598,242.842211008072,148.955400705338,20.8663811683655,21.3043365478516,22.5185189247131,587.404277563095,29.6523575782776,3.47000980377197,47.3341174125671,20.1119084358215,3.02095532417297,1.49517297744751,1.18954730033875,26.1516687870026,3.33845067024231,51.3817322254181,22.2492191791534,3.72379517555237,1.46613883972168,1.44319248199463,106.274068832397,109.754197359085
150,60,"equal",1271,4,"AMD EPYC 9B45",114.028265237808,23.0510146617889,249.394378185272,156.549985408783,21.6391170024872,21.7531843185425,21.6968672275543,608.112812042236,29.4175546169281,2.93842029571533,66.0950465202332,21.7830536365509,2.74294066429138,0.882215976715088,0.855673313140869,30.5768992900848,2.85513377189636,57.5581486225128,23.9474864006042,3.24495577812195,1.32965970039368,1.23850202560425,124.714905023575,120.750785589218
150,60,"equal",1272,4,"AMD EPYC 9B45",110.099759817123,21.2577891349792,243.532060861588,149.877166986465,20.6368050575256,21.7294485569,21.1933958530426,588.326426267624,25.6752181053162,3.39920401573181,68.8652725219727,22.7898833751678,1.82916951179504,0.698341608047485,1.37859058380127,27.6770005226135,3.58990025520325,71.9553241729736,22.8652906417847,2.13185667991638,1.07628846168518,1.49585223197937,124.635679721832,130.791512966156
150,60,"equal",1273,4,"AMD EPYC 9B45",108.676885843277,22.0087153911591,242.218946695328,157.230967760086,21.7874755859375,21.4433875083923,21.7094657421112,595.075844526291,24.9949085712433,2.86171555519104,58.9475698471069,31.2477240562439,2.58678650856018,1.01608729362488,0.869609355926514,28.2207937240601,3.10332465171814,57.9295833110809,32.1357600688934,2.60574388504028,1.32473611831665,1.30331683158875,122.524401187897,126.623258590698
150,60,"equal",1274,4,"AMD EPYC 9B45",112.674177408218,21.6171157360077,251.369574546814,155.330833673477,22.6470103263855,21.5780959129333,21.318377494812,606.535185098648,19.9913816452026,4.07453203201294,60.2619912624359,19.4774270057678,3.86412739753723,0.837127208709717,1.01141285896301,18.3855066299438,4.10505962371826,65.8212523460388,20.8783023357391,4.314288854599,1.03529143333435,1.45783257484436,109.517999410629,115.997533798218
150,60,"equal",1275,4,"AMD EPYC 9B45",108.244312286377,23.0205328464508,244.811772584915,154.060114622116,21.0680027008057,21.9253747463226,22.0681798458099,595.198289632797,30.3731441497803,3.21395397186279,55.380321264267,17.6879320144653,3.46555018424988,0.715027332305908,1.01261377334595,27.6990892887115,3.5454568862915,61.9655208587646,18.9551961421967,3.73224282264709,0,1.24138045310974,111.848542690277,117.138886451721
150,60,"equal",1276,8,"Apple M1",116.037029981613,19.2842309474945,777.039649009705,2125.21677613258,14.6578688621521,1034.05737781525,15.125002861023,4101.41793560982,23.081759929657,2.8634090423584,955.409678936005,28.4549601078033,1.50726103782654,0.88033390045166,1.04020595550537,30.2471299171448,2.50670099258423,52.0642490386963,32.5414419174194,1.80683088302612,1.27626299858093,1.19167494773865,1013.23760890961,121.63429069519
150,60,"equal",1277,8,"Apple M1",123.99066400528,19.6008830070496,269.183812856674,142.183851957321,19.245099067688,19.6394779682159,19.5486979484558,613.392486810684,23.9961152076721,3.71149492263794,71.010782957077,24.6529409885406,1.97004795074463,1.20167517662048,1.41749501228333,26.3729300498962,3.34050583839417,69.6325759887695,29.8607559204102,2.38551497459412,1.23936891555786,1.50899410247803,127.960552215576,134.3406457901
150,60,"equal",1278,8,"Apple M1",163.566740036011,29.5291748046875,327.90874505043,168.532754182816,23.2281858921051,22.4308950901031,24.4378349781036,759.634330034256,34.7274529933929,3.5752899646759,90.1408860683441,35.6285109519958,3.55305314064026,1.15561699867249,1.41577100753784,31.129762172699,3.13222599029541,746.979664087296,209.746383905411,3.79573202133179,1.92721819877625,1.58375597000122,170.196581125259,998.29474234581
150,60,"equal",1279,8,"Apple M1",125.312473058701,20.1863558292389,271.460752010345,168.487584114075,18.7314569950104,22.538782119751,25.3125491142273,652.029953241348,322.807801008224,2.93919897079468,855.459448814392,25.7649488449097,2.52866697311401,1.03637981414795,1.0121750831604,27.1029598712921,3.19528484344482,55.3588440418243,28.6047298908234,2.25503301620483,1.26230311393738,1.41930389404297,1211.54861950874,119.19845867157
150,60,"equal",1280,8,"Apple M1",228.951624155045,20.065526008606,235.615087985992,172.80020904541,17.3438420295715,17.9114949703217,17.6693978309631,710.357182025909,20.5839860439301,3.14235401153564,66.8939549922943,24.1465768814087,2.56454086303711,0.988085985183716,0.853540182113647,19.0022921562195,3.25320887565613,73.8980991840363,25.0931310653687,2.92573499679565,1.16690492630005,1.18399000167847,119.173038959503,126.523361206055
150,60,"equal",1281,8,"Apple M1",126.091912031174,19.7153379917145,260.620826005936,150.596785068512,21.7813589572906,20.8363289833069,20.0326681137085,619.675217151642,463.553652048111,4.1980459690094,2386.59538221359,877.104304075241,3.48947191238403,0.942339181900024,0.877290964126587,30.3882911205292,2.61976194381714,66.1231460571289,23.3654901981354,2.60039377212524,1.10648894309998,1.1722149848938,3736.76048636436,127.37578701973
150,60,"equal",1282,8,"Apple M1",113.017545938492,18.741094827652,254.153805017471,143.119258880615,19.6120488643646,21.5378110408783,19.5092508792877,589.690815448761,30.9924499988556,2.54037308692932,67.9983260631561,29.1576678752899,2.96228384971619,1.0813889503479,0.910932779312134,36.3560438156128,2.43300890922546,90.3735909461975,33.6114819049835,2.62570381164551,1.05891799926758,1.29827284812927,135.643422603607,167.757020235062
150,60,"equal",1283,8,"Apple M1",110.108268976212,19.2405998706818,240.928819894791,138.107774019241,18.8985409736633,19.4238200187683,20.8562049865723,567.564028739929,33.6267378330231,3.8764979839325,64.5583779811859,18.8597419261932,2.47197580337524,1.18956995010376,0.954699993133545,37.7413039207458,3.67428588867188,63.8984777927399,22.2246489524841,2.46254706382751,1.10951590538025,1.21144413948059,125.537601470947,132.32222366333
300,60,"equal",1234,4,"AMD EPYC 9B45",250.392339706421,54.9949822425842,496.300775766373,342.587339401245,49.7081112861633,48.603935956955,49.4827899932861,1292.07027435303,62.0792336463928,5.55438542366028,106.979561567307,53.2465155124664,6.18640542030334,1.71452975273132,1.7720742225647,59.3032138347626,5.37355899810791,118.666109085083,52.279974937439,6.61615419387817,1.77082204818726,1.89925765991211,237.532705545425,245.90909075737
300,60,"equal",1235,4,"AMD EPYC 9B45",239.483329296112,52.7236523628235,468.697556495667,312.322010755539,45.7279419898987,47.8247509002686,48.6291279792786,1215.40836977959,64.2910823822021,6.27381420135498,110.894563436508,41.5971150398254,4.96848583221436,2.69465899467468,1.30256915092468,57.9198007583618,5.47767186164856,129.323271989822,47.8026485443115,5.38349962234497,2.58476400375366,2.27461576461792,232.022289037704,250.766272544861
300,60,"equal",1236,4,"AMD EPYC 9B45",238.16956782341,51.8816616535187,478.486613988876,326.135849952698,47.2855904102325,47.4701972007751,48.5338830947876,1237.9633641243,52.7731425762177,6.56059455871582,119.173163890839,51.1797003746033,5.66167688369751,1.22003436088562,1.77144289016724,54.3068327903748,5.71925210952759,154.472645759583,51.645325422287,6.36609244346619,1.52957201004028,2.17486310005188,238.339755535126,276.21458363533
300,60,"equal",1237,4,"AMD EPYC 9B45",236.037615060806,51.555335521698,471.403863430023,316.052134513855,47.1230466365814,46.3403503894806,47.9616963863373,1216.47404193878,49.6364476680756,7.0820529460907,101.995632171631,76.9385180473328,4.86937046051025,1.07544255256653,1.31172227859497,54.7596328258514,6.7575306892395,116.787734508514,67.2239375114441,5.02169179916382,0,1.90905094146729,242.909186124802,252.459578275681
300,60,"equal",1238,4,"AMD EPYC 9B45",234.046650886536,49.6215097904205,469.757853269577,320.027830123901,45.8561317920685,47.2455186843872,47.625899553299,1214.18139410019,50.16468501091,6.84118127822876,111.777294397354,61.6546750068665,5.09563255310059,1.44342517852783,1.42665338516235,51.3211178779602,6.56907534599304,120.070780992508,62.794780254364,5.72365212440491,2.13097667694092,2.05621433258057,238.40354681015,250.666597604752
300,60,"equal",1239,4,"AMD EPYC 9B45",237.050329208374,51.4517538547516,479.444840669632,324.295637130737,46.8170170783997,47.6492722034454,47.4355990886688,1234.14444923401,58.8408737182617,4.51685428619385,123.568882465363,52.4372084140778,6.80789065361023,1.24341440200806,1.66277313232422,58.7989232540131,4.87899160385132,126.654024124146,50.8705415725708,7.1778838634491,1.54598879814148,1.94307732582092,249.077897071838,251.869430541992
300,60,"equal",1240,4,"AMD EPYC 9B45",245.640177965164,54.3244345188141,483.883019447327,335.402520656586,51.2701556682587,50.3454897403717,50.8137905597687,1271.67958855629,50.3623435497284,6.44188404083252,136.595063924789,67.1451206207275,4.63802194595337,1.3307044506073,1.53266978263855,60.33327460289,6.89835643768311,120.853226423264,69.4268703460693,4.57868218421936,1.73385834693909,1.73661422729492,268.045808315277,265.560882568359
300,60,"equal",1241,4,"AMD EPYC 9B45",242.905724287033,53.1395998001099,497.97714138031,336.633562088013,49.5077509880066,49.7345404624939,50.0643754005432,1279.96269440651,40.3927690982819,7.11545300483704,133.500636100769,62.0796239376068,4.94512438774109,1.85120034217834,1.37277865409851,44.7962474822998,6.36817717552185,126.020413637161,65.602077960968,5.31857371330261,2.50043725967407,1.81486535072327,251.257585525513,252.420792579651
300,60,"equal",1242,4,"AMD EPYC 9B45",241.37081694603,53.9043369293213,493.730481386185,327.094170093536,48.2181005477905,50.2185490131378,49.3559076786041,1263.8923625946,50.5775701999664,4.85293912887573,156.937094211578,52.8427512645721,4.90987110137939,1.90012192726135,1.73392724990845,57.6578133106232,4.66929626464844,152.142574548721,58.7502586841583,4.97731280326843,1.98803281784058,1.82165503501892,273.754275083542,282.006943464279
300,60,"equal",1243,4,"AMD EPYC 9B45",232.551995515823,53.2981615066528,473.218189477921,321.127861499786,47.4705934524536,46.9293081760406,46.6058418750763,1221.20195150375,57.8993837833405,6.35526776313782,104.414080619812,72.8259723186493,4.60988831520081,0.962199687957764,2.2343418598175,56.1936037540436,5.59310054779053,116.138584136963,63.9886703491211,4.8114013671875,1.45823431015015,2.69073820114136,249.301134347916,250.874332666397
300,60,"equal",1244,4,"AMD EPYC 9B45",240.951261997223,53.9006147384644,486.038123130798,333.377485752106,50.6704812049866,51.0450558662415,50.4313452243805,1266.4143679142,55.1382613182068,5.9859139919281,130.856738090515,50.1907544136047,6.2888355255127,1.41184067726135,1.50601863861084,56.6620488166809,6.08096504211426,145.058157205582,47.7747013568878,6.63736748695374,1.80561566352844,2.16888999938965,251.37836265564,266.187745571136
300,60,"equal",1245,4,"AMD EPYC 9B45",239.616310596466,55.5180532932281,489.383858203888,333.949198961258,49.169335603714,48.5861794948578,50.431184053421,1266.65412020683,55.0054271221161,6.45519042015076,118.800106048584,80.4216463565826,7.14845728874207,1.15006375312805,0,67.0823440551758,6.01254963874817,111.772439479828,55.2427186965942,7.45450329780579,0,0,268.980890989304,247.564555168152
300,60,"equal",1246,4,"AMD EPYC 9B45",237.04064655304,51.6086373329163,469.040124177933,319.830022096634,45.6462833881378,47.3979363441467,48.9562296867371,1219.51987957954,44.598221540451,5.20893216133118,126.170642852783,59.249388217926,6.12525534629822,1.51541376113892,1.67141795158386,46.4787149429321,5.14573955535889,130.5139939785,62.9834003448486,6.83182621002197,1.83200478553772,1.8971848487854,244.539271831512,255.682864665985
300,60,"equal",1247,4,"AMD EPYC 9B45",233.280197143555,52.5002884864807,476.523539543152,318.797331809998,47.2560155391693,46.6823761463165,47.8595371246338,1222.8992857933,47.3231856822968,5.68357110023499,114.589301586151,67.5273740291595,5.45206713676453,1.46621155738831,1.74858427047729,54.915150642395,5.7967312335968,121.104140043259,56.1399400234222,6.29358601570129,1.92418265342712,2.32177138328552,243.790295362473,248.495501995087
300,60,"equal",1248,4,"AMD EPYC 9B45",237.422089099884,50.5269103050232,474.048403024673,319.97327208519,46.9948239326477,47.2373027801514,48.0986788272858,1224.30148005486,48.0344884395599,5.09305310249329,123.919275283813,64.7465281486511,6.85009336471558,0,1.39635467529297,55.4190287590027,5.22935318946838,116.774003744125,61.6231188774109,7.11174392700195,0,1.8894202709198,250.039793014526,248.046668767929
300,60,"equal",1249,4,"AMD EPYC 9B45",233.666193962097,50.9590373039246,466.573476552963,321.583615064621,45.2641198635101,48.1105740070343,48.0614297389984,1214.21844649315,43.9121985435486,6.82493591308594,120.663139820099,65.6995806694031,4.48365664482117,1.94702649116516,1.27532601356506,49.1960582733154,6.86532020568848,112.424604415894,69.2007904052734,4.88379573822021,2.44919729232788,1.82375431060791,244.805864095688,246.843520641327
300,60,"equal",1250,4,"AMD EPYC 9B45",235.657974720001,52.2469894886017,495.068447828293,316.808214902878,49.5509209632874,48.4445357322693,47.6236937046051,1245.40077733994,51.3044509887695,5.83686590194702,131.795486450195,58.0697786808014,5.23441672325134,1.23681592941284,1.45648264884949,59.8724043369293,5.60416078567505,135.819885015488,52.9178285598755,5.02367758750916,1.66383624076843,1.89781069755554,254.934297323227,262.799603223801
300,60,"equal",1251,4,"AMD EPYC 9B45",238.469690084457,51.5165100097656,478.598667144775,327.479383707047,49.093249797821,47.9702506065369,48.2765719890594,1241.40432333946,52.663477897644,5.76922631263733,129.057616472244,62.435506105423,4.85648536682129,1.26169180870056,1.20659875869751,53.6230139732361,5.49979496002197,133.69790148735,59.8304014205933,5.66639351844788,1.55569791793823,1.54704403877258,257.250602722168,261.42024731636
300,60,"equal",1252,4,"AMD EPYC 9B45",234.928030490875,52.2540190219879,472.833939552307,324.326323986053,46.5299854278564,46.5864727497101,47.1122341156006,1224.57100534439,51.1553122997284,6.18748450279236,135.944919586182,58.6810472011566,4.34081149101257,1.08986067771912,1.69263124465942,54.239207983017,6.21417212486267,138.644514799118,58.409880399704,5.05379295349121,1.56676292419434,1.81131744384766,259.09206700325,265.939648628235
300,60,"equal",1253,4,"AMD EPYC 9B45",230.636512517929,51.0661089420319,475.801415920258,316.697528839111,47.0032846927643,48.440477848053,47.4690389633179,1217.11436772346,45.8452956676483,5.78689289093018,121.960401535034,63.2697048187256,5.42002487182617,1.79975414276123,1.32545590400696,51.928751707077,6.04237508773804,119.608175039291,58.9713594913483,5.55119204521179,2.58427000045776,1.69886088371277,245.407529830933,246.384984254837
300,60,"equal",1254,4,"AMD EPYC 9B45",254.487439632416,54.4057223796844,484.281888008118,318.560193538666,47.7311310768127,47.8422150611877,48.2012183666229,1255.50980806351,54.0643622875214,4.59723091125488,154.278255939484,51.6870377063751,4.05268931388855,1.7416934967041,1.76660656929016,52.9097592830658,4.87512421607971,162.03492641449,51.9567277431488,4.58514928817749,2.18112683296204,1.90341567993164,272.187876224518,280.446229457855
300,60,"equal",1255,4,"AMD EPYC 9B45",244.462426662445,52.6836836338043,493.943475723267,330.216552019119,49.1659202575684,51.0151970386505,49.9885628223419,1271.4758181572,51.4154438972473,6.40786051750183,148.473698616028,50.2609930038452,4.71301698684692,1.75939607620239,2.40102171897888,49.0574080944061,6.38488435745239,145.382109165192,56.920473575592,5.03630495071411,2.25679540634155,2.67528486251831,265.43143081665,267.713260412216
300,60,"equal",1256,4,"AMD EPYC 9B45",237.833219051361,50.8665673732758,479.826257228851,334.121344804764,50.0246744155884,48.584175825119,49.3504998683929,1250.60673856735,52.1425821781158,6.24107933044434,132.642605543137,70.1058294773102,3.84326815605164,1.40100789070129,2.01112508773804,60.9990246295929,5.7903048992157,140.704684257507,81.6756391525269,4.19691872596741,1.74444913864136,1.96047139167786,268.387497663498,297.071492195129
300,60,"equal",1257,4,"AMD EPYC 9B45",243.479859113693,52.6951062679291,494.800919771194,331.058432340622,48.7662167549133,50.0172832012177,48.5963032245636,1269.41412067413,54.5428905487061,8.68327355384827,131.529416561127,41.4527690410614,5.11439824104309,0,1.73633742332458,52.2636578083038,8.22657752037048,157.662095308304,43.0122201442719,5.40494775772095,2.0904369354248,2.09808111190796,243.05908536911,270.758016586304
300,60,"equal",1258,4,"AMD EPYC 9B45",237.942415475845,50.334979057312,476.832657575607,314.547007322311,46.9425106048584,48.2582838535309,47.5900053977966,1222.44785928726,52.165421962738,7.15158176422119,140.825407028198,44.0216417312622,5.48502445220947,1.23938488960266,1.76306796073914,54.4990916252136,6.29136300086975,138.825303792953,43.7825522422791,6.33959317207336,1.87355899810791,1.91101098060608,252.651529788971,253.522473812103
300,60,"equal",1259,4,"AMD EPYC 9B45",233.89662528038,52.0250482559204,478.248668193817,338.199456691742,49.7200753688812,50.5032093524933,50.0880143642426,1252.68109750748,52.5522303581238,6.64581322669983,131.82673740387,58.1942238807678,5.65808248519897,1.08621287345886,1.18079376220703,53.487450838089,5.53561854362488,131.123688459396,58.8650839328766,6.46835947036743,1.81704998016357,1.93010640144348,257.144093990326,259.227357625961
300,60,"equal",1260,4,"AMD EPYC 9B45",236.904353380203,51.4867994785309,485.500998973846,323.110771417618,50.1384196281433,49.6759808063507,54.0256628990173,1250.84298658371,62.1339209079742,6.56898093223572,148.594467163086,61.669308423996,5.18535017967224,1.51661396026611,1.74722576141357,57.5137457847595,5.49744391441345,156.792324542999,76.864883184433,5.24930858612061,1.89129710197449,1.85425567626953,287.415867328644,305.66325879097
300,60,"equal",1261,4,"AMD EPYC 9B45",238.286352872849,51.8436665534973,496.787219524384,324.861916065216,47.3389112949371,47.3453118801117,47.8961546421051,1254.3595328331,41.2362337112427,6.26057028770447,131.584203243256,60.5332877635956,5.43093371391296,1.44637179374695,1.67932677268982,51.1823651790619,6.21027493476868,113.705318927765,63.0752515792847,5.65367817878723,2.1856484413147,1.94532203674316,248.170927286148,243.957859277725
300,60,"equal",1262,4,"AMD EPYC 9B45",237.857776403427,51.2481555938721,488.650126934052,321.7955930233,45.9474020004272,48.8436260223389,46.7779533863068,1241.12063336372,49.1931798458099,6.27097034454346,112.83864068985,61.6049149036407,6.16744089126587,1.71915555000305,1.19787287712097,52.7104589939117,6.36119937896729,119.857689142227,61.4468245506287,6.12759804725647,2.25071406364441,1.53901433944702,238.992175102234,250.293498516083
300,60,"equal",1263,4,"AMD EPYC 9B45",237.774392366409,51.7248554229736,471.879270553589,317.455125331879,44.8667619228363,48.9914877414703,46.7101650238037,1219.40205836296,65.42147397995,4.97590160369873,114.365951776505,52.3638155460358,5.04951930046082,1.84010910987854,1.52077269554138,53.6945626735687,4.98628687858582,133.173273801804,58.4973700046539,5.62622404098511,2.32055926322937,1.88315534591675,245.53754401207,260.181432008743
300,60,"equal",1264,4,"AMD EPYC 9B45",235.84919500351,51.9355103969574,490.991300821304,328.233831882477,47.0908391475677,47.7323613166809,49.7931687831879,1251.62620735168,41.4998836517334,7.60898065567017,125.02605676651,61.6547529697418,5.47147369384766,1.37923765182495,1.20486330986023,39.191338300705,7.49445605278015,139.744856357574,63.0717916488647,5.84211015701294,1.81021976470947,1.55373930931091,243.845248699188,258.708511590958
300,60,"equal",1265,4,"AMD EPYC 9B45",238.507769584656,52.5981202125549,479.941928863525,316.135778427124,45.4525187015533,47.1885573863983,47.7344090938568,1227.55908226967,51.1627399921417,5.61698961257935,122.526805400848,58.7977228164673,5.86340522766113,1.47710728645325,1.82790231704712,50.9885928630829,5.27869081497192,130.110872030258,58.2422320842743,5.9897665977478,2.1819474697113,2.36725115776062,247.272672653198,255.159353017807
300,60,"equal",1266,4,"AMD EPYC 9B45",234.107964515686,51.0448017120361,467.043744564056,322.108158826828,47.4606580734253,47.1224045753479,49.4151782989502,1218.30291056633,41.8929286003113,6.37231421470642,136.01796579361,75.9203050136566,4.35596179962158,1.07880043983459,1.49482250213623,48.1894638538361,5.65542697906494,135.883702754974,79.736469745636,5.24220371246338,1.58352088928223,1.72764277458191,267.133098363876,278.018430709839
300,60,"equal",1267,4,"AMD EPYC 9B45",238.936759471893,52.2386500835419,478.07556271553,334.740616798401,48.2193644046783,47.3185882568359,48.5879034996033,1248.11744523048,48.8139553070068,6.41375327110291,138.670053243637,50.602180480957,5.59118723869324,1.8108856678009,1.76853060722351,58.2643675804138,7.34996271133423,167.069284439087,55.9486150741577,6.07485437393188,1.88151836395264,1.62150025367737,253.670545816422,298.210102796555
300,60,"equal",1268,4,"AMD EPYC 9B45",238.710512161255,53.4443461894989,484.896601200104,320.947043895721,48.3672070503235,48.8790254592896,50.5290277004242,1245.77376365662,50.2373154163361,6.24270272254944,145.083378314972,57.9101400375366,5.19697237014771,1.28734016418457,1.76884365081787,58.1238851547241,5.95105481147766,133.827481985092,61.8221390247345,5.61624336242676,1.73007678985596,1.9107506275177,267.726692676544,268.981631755829
300,60,"equal",1269,4,"AMD EPYC 9B45",240.544243335724,52.8515295982361,483.031351566315,323.790549993515,46.731805562973,46.4476931095123,47.8943862915039,1241.29155945778,47.7611463069916,5.50443148612976,121.770275592804,69.8285608291626,5.90467715263367,1.37200021743774,1.03841114044189,41.4554252624512,5.39605331420898,140.031119346619,73.0885696411133,5.98899173736572,1.67610287666321,1.54739236831665,253.179502725601,269.183654546738
300,60,"equal",1270,4,"AMD EPYC 9B45",250.313343763351,54.9789543151855,482.486951351166,353.559279680252,47.9671821594238,47.4842281341553,48.7563374042511,1285.54627680779,50.1555237770081,6.28589415550232,143.087724924088,48.7638924121857,5.65797567367554,1.36534404754639,1.6702139377594,55.7674834728241,5.42222476005554,140.712243318558,50.7196743488312,6.02423691749573,1.68775129318237,2.32938456535339,256.986568927765,262.6629986763
300,60,"equal",1271,4,"AMD EPYC 9B45",248.494210243225,54.3086638450623,562.686728000641,370.523415327072,49.0265526771545,47.4298605918884,49.4437372684479,1381.91316795349,58.8354761600494,5.53725218772888,126.122977256775,55.5753202438354,5.23656964302063,1.72194790840149,1.31776165962219,68.1512188911438,5.28523373603821,139.955663204193,49.1364123821259,5.78408455848694,1.67527270317078,1.82141804695129,254.347305059433,271.80930352211
300,60,"equal",1272,4,"AMD EPYC 9B45",239.240859031677,52.4792964458466,502.940344810486,333.626630544662,49.5173308849335,49.3907239437103,50.9270453453064,1278.12223100662,50.1607093811035,5.34883046150208,145.437848329544,62.7342913150787,5.01306962966919,1.9697425365448,1.42137098312378,53.9025692939758,5.16116428375244,141.338124275208,84.2742695808411,5.27452516555786,2.48095536231995,2.03254413604736,272.085862636566,294.464152097702
300,60,"equal",1273,4,"AMD EPYC 9B45",248.40373301506,55.6640694141388,493.836900949478,331.641724348068,49.5958962440491,49.5661060810089,49.8013255596161,1278.50975561142,50.9439167976379,4.95601058006287,156.205671072006,47.9374310970306,6.28522634506226,1.28745079040527,1.52944469451904,56.1807882785797,5.23395442962646,157.242027759552,52.5304486751556,6.78515768051147,1.64719271659851,2.19643473625183,269.145151376724,281.816004276276
300,60,"equal",1274,4,"AMD EPYC 9B45",245.809541463852,55.2482936382294,492.094287872314,336.31766295433,50.8145935535431,49.8276207447052,49.9514937400818,1280.06349396706,43.5684309005737,6.58329367637634,146.751408338547,46.0530469417572,6.82504606246948,1.57059812545776,1.21981692314148,44.7309684753418,5.49669432640076,155.780893564224,46.7079079151154,7.2525589466095,2.2857654094696,1.75815606117249,252.571640968323,264.012944698334
300,60,"equal",1275,4,"AMD EPYC 9B45",239.33691239357,54.4042391777039,499.880915403366,333.075951576233,48.4374504089355,48.232492685318,49.0230662822723,1272.3910279274,56.2230265140533,5.0853316783905,134.110038280487,55.3390703201294,5.09293150901794,1.72725248336792,1.47091841697693,59.2643702030182,5.35692501068115,141.535048723221,56.6026895046234,5.56077933311462,1.89153218269348,1.69295692443848,259.048569202423,271.90430188179
300,60,"equal",1276,8,"Apple M1",806.168934822083,129.672832965851,762.971044063568,317.738745927811,41.1733300685883,38.4283268451691,39.2960331439972,2135.44924783707,57.991357088089,5.80139017105103,130.887200117111,54.807776927948,4.02467513084412,1.43220615386963,1.05114984512329,64.7997829914093,5.5890519618988,124.201112031937,59.5730080604553,4.41192197799683,1.70494198799133,0,255.995755434036,260.279819011688
300,60,"equal",1277,8,"Apple M1",2146.7483279705,33.9503581523895,5592.47441005707,2287.3844230175,34.2963509559631,34.9355199337006,36.2828011512756,10166.0721912384,51.462023973465,5.0898768901825,135.38272690773,50.7207021713257,4.23528003692627,1.01514387130737,1.78213500976562,55.4715149402618,4.74569702148438,151.642357826233,53.5301768779755,4.57998704910278,0,2.18021106719971,249.687888860703,272.149944782257
300,60,"equal",1278,8,"Apple M1",241.422379016876,41.1068348884583,501.981498003006,295.546895980835,40.4638261795044,40.7804670333862,41.2240509986877,1202.52595210075,54.8627171516418,4.44226503372192,141.918284893036,58.760852098465,5.79777598381042,1.31467890739441,1.51591992378235,55.246279001236,4.73969388008118,155.157250165939,53.6074070930481,6.45997500419617,1.62345886230469,2.00928997993469,268.612493991852,278.84335398674
300,60,"equal",1279,8,"Apple M1",236.998107910156,38.7512159347534,478.918380022049,280.682035207748,38.2779381275177,37.7101199626923,37.9972159862518,1149.33501315117,49.8745059967041,5.93349289894104,120.072396993637,61.1954121589661,5.86706495285034,1.48221015930176,1.74360489845276,57.6533410549164,6.41825795173645,138.302217006683,69.7682299613953,5.38096690177917,1.97395706176758,2.1699960231781,246.168688058853,281.666965961456
300,60,"equal",1280,8,"Apple M1",253.12455701828,44.8372008800507,538.936501979828,3977.49782705307,31.4648239612579,982.333548069,31.1844301223755,5859.37888908386,46.6455628871918,4.5677649974823,104.25757598877,984.355142116547,3.78709387779236,1.55170488357544,1.15420293807983,954.810323953629,4.45043611526489,2016.18020200729,1060.36604404449,921.618875026703,1.82736897468567,1.72540593147278,1146.31904768944,4960.97865605354
300,60,"equal",1281,8,"Apple M1",261.59296298027,44.5755200386047,516.619167089462,298.717761039734,38.3484930992126,39.6929349899292,38.8621230125427,1238.40896224976,51.1164140701294,6.80141496658325,128.703909873962,50.4544260501862,4.98203206062317,1.42186713218689,1.31707406044006,55.6126239299774,6.53031897544861,140.009683847427,51.1197700500488,5.52173113822937,1.68796610832214,2.05409908294678,244.797138214111,262.5361931324
300,60,"equal",1282,8,"Apple M1",269.453273057938,46.9412858486176,569.814996957779,329.002248048782,46.426069021225,46.9474251270294,47.2373609542847,1355.82265901566,63.0692899227142,5.52536702156067,139.911906003952,62.1609930992126,4.41956996917725,2.23090314865112,0,66.8878998756409,5.66244006156921,138.081923007965,63.3638570308685,4.83541202545166,1.67316508293152,0,277.318029165268,280.504697084427
300,60,"equal",1283,8,"Apple M1",376.845877885818,63.4697999954224,841.128273010254,515.03983092308,66.1501488685608,68.5312919616699,84.2469789981842,2015.41220164299,99.181077003479,10.891674041748,242.559987068176,101.525346040726,14.3370971679688,3.96257710456848,2.90425300598145,115.018332958221,12.9442381858826,270.20287322998,85.8435578346252,9.00423812866211,3.72850918769836,2.88555002212524,475.362011432648,499.627299547195
150,120,"equal",1234,4,"AMD EPYC 9B45",224.727732419968,49.4700791835785,557.555656909943,336.298733949661,46.2935421466827,44.4760661125183,44.1129207611084,1302.93473148346,74.4546010494232,4.72873711585999,107.043177127838,74.8901395797729,5.22342395782471,0.936492443084717,1.58038139343262,76.9641227722168,4.58180737495422,97.6214363574982,63.0474376678467,5.28443956375122,1.82996129989624,2.3249671459198,268.856952667236,251.654172182083
150,120,"equal",1235,4,"AMD EPYC 9B45",218.864832639694,45.5864231586456,505.908390760422,302.918963670731,43.2020263671875,41.9386038780212,42.1997745037079,1200.61901497841,54.4079964160919,4.53652286529541,109.674939870834,51.8273923397064,6.07238864898682,2.60693359375,1.26753687858582,46.9101657867432,4.53858208656311,123.934921264648,42.2045080661774,5.93115592002869,3.65623164176941,2.71929502487183,230.393710613251,229.894859790802
150,120,"equal",1236,4,"AMD EPYC 9B45",221.823668956757,47.6527163982391,516.267470836639,316.681609630585,43.5048182010651,43.4059104919434,42.7263569831848,1232.06255149841,48.2104365825653,6.75000596046448,126.427741527557,52.9868993759155,5.76269197463989,0,0.849866628646851,53.8841860294342,6.07428240776062,120.159928798676,51.6595764160156,5.83388543128967,1.27324509620667,1.2912495136261,240.987642049789,240.176353693008
150,120,"equal",1237,4,"AMD EPYC 9B45",215.762822628021,46.2801566123962,512.725095510483,307.585340499878,43.5816125869751,42.1781237125397,42.3154308795929,1210.42858242989,40.9676930904388,5.63047456741333,137.168406009674,62.0318429470062,6.28005218505859,0.881816387176514,1.0972044467926,55.3553075790405,5.64591407775879,108.069666862488,65.0822360515594,5.52662682533264,0,1.75474977493286,254.05748963356,241.434501171112
150,120,"equal",1238,4,"AMD EPYC 9B45",215.155676603317,45.5671758651733,525.573990821838,301.333033561707,42.0922629833221,40.1650094985962,41.3443024158478,1211.2314517498,48.7925825119019,4.71539521217346,139.56298661232,47.4993598461151,4.69648599624634,1.39186120033264,2.35590100288391,52.8879592418671,4.58012771606445,134.991364479065,44.6928858757019,4.93617463111877,2.71052718162537,2.35186076164246,249.014572381973,247.150899887085
150,120,"equal",1239,4,"AMD EPYC 9B45",214.65859746933,48.1639783382416,491.449323654175,295.716691493988,41.2785451412201,41.7963981628418,42.2230548858643,1175.28658914566,46.800377368927,4.07388257980347,119.555094480515,51.7896614074707,5.24717831611633,1.35745048522949,3.5156421661377,51.0970897674561,3.99242806434631,111.792636871338,55.3766460418701,5.33103823661804,1.70553088188171,5.08676409721375,232.339286804199,234.382133960724
150,120,"equal",1240,4,"AMD EPYC 9B45",225.155783176422,48.9968638420105,542.056612968445,310.702752113342,43.7088000774384,42.493456363678,43.2319688796997,1256.34623742104,53.2769575119019,4.90337228775024,120.76190161705,70.7121505737305,4.79631042480469,0.91684103012085,1.4958610534668,60.9389610290527,4.77185750007629,108.80890583992,64.766446352005,4.26005387306213,1.55550909042358,2.5369508266449,256.863394498825,247.638684511185
150,120,"equal",1241,4,"AMD EPYC 9B45",220.787179708481,48.7647409439087,518.460763931274,321.095235347748,44.1241283416748,43.6031973361969,44.1676301956177,1241.0028758049,35.363881111145,6.37917613983154,162.720730304718,56.7122509479523,4.45491242408752,2.24039316177368,1.50398468971252,40.1696166992188,6.16890668869019,146.272652864456,57.3426866531372,4.77933931350708,3.08347344398499,1.84440970420837,269.375328779221,259.661085367203
150,120,"equal",1242,4,"AMD EPYC 9B45",213.601526498795,48.8155145645142,531.111416101456,312.627985715866,44.2651062011719,42.119556427002,42.8855066299438,1235.42661213875,50.7731304168701,5.30505394935608,148.187914609909,53.4023778438568,3.91118216514587,1.67735719680786,1.09354853630066,48.8894181251526,5.16210508346558,146.16113114357,57.383129119873,4.21176052093506,2.28201222419739,1.97603511810303,264.350564718246,266.065591335297
150,120,"equal",1243,4,"AMD EPYC 9B45",220.089421033859,47.6375441551208,518.234365463257,309.180306196213,42.2002384662628,42.089182138443,41.9695880413055,1221.40064549446,40.6534781455994,5.80044078826904,137.195186376572,57.8340451717377,4.70063209533691,1.68467283248901,1.08863735198975,49.7470467090607,5.76142358779907,124.306667327881,57.8084902763367,4.86770224571228,1.96967244148254,1.50167751312256,248.957092761993,245.962680101395
150,120,"equal",1244,4,"AMD EPYC 9B45",229.019055366516,49.8369026184082,562.1141269207,352.534257173538,49.4896581172943,46.4263682365417,45.6657736301422,1335.08614206314,58.9359083175659,6.26625823974609,105.463508605957,40.1986117362976,6.66232776641846,1.98539876937866,1.41916799545288,61.4964137077332,5.45198750495911,115.728993654251,43.6985969543457,6.49085688591003,2.3713264465332,1.81632876396179,220.931181430817,237.054503917694
150,120,"equal",1245,4,"AMD EPYC 9B45",224.073538541794,49.3219196796417,518.677371025085,313.80561041832,43.7589209079742,43.4335680007935,43.4352040290833,1236.50613260269,61.1328589916229,7.02638721466064,81.2574934959412,62.8509459495544,6.05711126327515,0,0.862017154693604,63.9440836906433,5.75243091583252,89.4621515274048,60.2673432826996,6.49728441238403,0,2.22061109542847,219.186814069748,228.143904924393
150,120,"equal",1246,4,"AMD EPYC 9B45",225.458785772324,49.4996645450592,530.355557441711,310.928058385849,44.0980606079102,42.6908144950867,43.2748959064484,1246.30583715439,65.9778044223785,4.48238444328308,127.630655765533,54.9537880420685,5.0541787147522,0,0.847367525100708,71.3764204978943,4.45342397689819,108.902170658112,59.042661190033,5.39018559455872,1.28681993484497,2.03701758384705,258.946178913116,252.488699436188
150,120,"equal",1247,4,"AMD EPYC 9B45",219.155194997787,45.1718497276306,513.009647369385,299.355226039886,42.4378001689911,42.3272407054901,41.9432530403137,1203.40021204948,44.7846047878265,4.77675867080688,128.251458406448,41.9090690612793,5.73170161247253,1.97436785697937,2.9735312461853,48.6064820289612,4.68121600151062,115.528541564941,45.7852516174316,5.91228485107422,2.32599568367004,3.76865792274475,230.401491641998,226.608429670334
150,120,"equal",1248,4,"AMD EPYC 9B45",224.370275497437,48.3737010955811,526.129469394684,303.167599439621,42.261063337326,41.5319802761078,41.296867609024,1227.13095664978,46.9986116886139,4.85946083068848,126.981110811234,77.3682599067688,5.87835121154785,1.12841415405273,1.69562673568726,43.5557312965393,5.06159782409668,105.822476387024,65.1803765296936,6.00923466682434,2.88603854179382,2.49713754653931,264.909835338593,231.012592792511
150,120,"equal",1249,4,"AMD EPYC 9B45",212.040456295013,46.1255354881287,517.307960271835,310.927732467651,42.6349012851715,41.5459930896759,42.6784648895264,1213.261043787,46.7790334224701,6.34305095672607,116.419924259186,68.4929184913635,4.45004153251648,1.50779056549072,0.839922666549683,47.6846585273743,5.97819566726685,111.085327863693,70.2856886386871,4.60104036331177,2.60305404663086,1.25239157676697,244.832681894302,243.490356683731
150,120,"equal",1250,4,"AMD EPYC 9B45",221.892155408859,47.5562508106232,514.754475355148,309.954628944397,43.294043302536,42.5123996734619,42.2700366973877,1222.23399019241,51.7556598186493,4.46854424476624,118.097985744476,55.1381511688232,5.71542263031006,2.25444912910461,1.48778343200684,57.4506561756134,3.97475075721741,114.58962893486,55.2691781520844,5.81930088996887,3.10598945617676,1.50946617126465,238.917996168137,241.718970537186
150,120,"equal",1251,4,"AMD EPYC 9B45",221.296514034271,47.3842933177948,525.42600274086,307.958149671555,43.0065696239471,42.3409719467163,41.9797561168671,1229.39225745201,40.8792223930359,5.10168504714966,127.89469408989,65.113311290741,6.75993871688843,1.14138770103455,0.892362594604492,50.2572844028473,4.89527583122253,125.580237388611,52.8272819519043,6.92313146591187,2.18620896339417,0,247.782601833344,242.669420003891
150,120,"equal",1252,4,"AMD EPYC 9B45",219.936889410019,45.8152389526367,509.491012573242,306.369290351868,43.4471673965454,41.1620187759399,41.4143402576447,1207.6359577179,62.634893655777,6.56752276420593,142.010145187378,41.7452945709229,3.01766133308411,0,1.11847639083862,67.4171528816223,6.1889431476593,125.007210016251,49.0991654396057,3.42495083808899,0,1.99214887619019,257.093993902206,253.129571199417
150,120,"equal",1253,4,"AMD EPYC 9B45",212.728368997574,46.5192937850952,500.306382894516,299.464826822281,43.628814458847,41.6286027431488,41.353312253952,1185.62960195541,43.5982820987701,6.51960802078247,107.851094484329,54.246878862381,3.86316394805908,3.38820791244507,1.07715821266174,54.2128713130951,5.82517123222351,110.262471914291,47.7760851383209,4.14022660255432,4.48359560966492,1.48869776725769,220.544393539429,228.189119577408
150,120,"equal",1254,4,"AMD EPYC 9B45",218.204582452774,46.1167559623718,512.241999387741,299.617251396179,42.905522108078,41.9713428020477,40.7282407283783,1201.78569483757,62.154084444046,4.27487397193909,143.960692405701,43.8503727912903,3.62714290618896,1.11188435554504,2.18297672271729,58.8595306873322,4.06817054748535,133.299228191376,53.8216648101807,3.95034646987915,1.78495001792908,2.78529334068298,261.162027597427,258.569184064865
150,120,"equal",1255,4,"AMD EPYC 9B45",220.317491531372,47.2536723613739,567.713746547699,371.803017377853,52.9844923019409,51.3595924377441,51.1396324634552,1362.57164502144,56.7288715839386,5.8196918964386,175.829734325409,65.5385758876801,6.648362159729,1.06148719787598,1.00186562538147,64.2340934276581,5.12946248054504,176.697274446487,66.4599099159241,5.43666911125183,1.6477632522583,1.4444751739502,312.628588676453,321.049647808075
150,120,"equal",1256,4,"AMD EPYC 9B45",217.974378108978,47.7098021507263,510.437735319138,299.296717166901,41.7593970298767,40.692741394043,40.2283146381378,1198.0990858078,48.2925970554352,4.54128336906433,139.663745164871,74.9267988204956,4.26312708854675,0,1.52559232711792,46.8782639503479,4.59105038642883,126.947998523712,70.694123506546,4.66466045379639,1.27800130844116,2.54531288146973,273.213143825531,257.599411010742
150,120,"equal",1257,4,"AMD EPYC 9B45",227.487821817398,47.9518349170685,532.066822290421,320.753004550934,44.8459801673889,43.0891308784485,43.4505441188812,1259.64513874054,59.592080116272,8.13375425338745,98.1909668445587,45.1285510063171,4.97560167312622,0.926131963729858,1.12849426269531,63.3308420181274,8.05983066558838,97.0732202529907,48.4913444519043,5.23370480537415,1.51393866539001,1.69546437263489,218.075580120087,225.39834523201
150,120,"equal",1258,4,"AMD EPYC 9B45",217.098121166229,45.5098769664764,501.704920530319,298.062592029572,41.3913803100586,41.1669261455536,41.1702342033386,1186.10405135155,39.7082941532135,5.75614523887634,157.834293365479,53.2662250995636,3.9155056476593,0,2.08597230911255,46.1121556758881,5.30700492858887,139.954200744629,56.0281755924225,3.60973405838013,1.24344253540039,3.95022058486938,262.566435813904,256.204934120178
150,120,"equal",1259,4,"AMD EPYC 9B45",222.805047273636,52.4575352668762,545.93825507164,324.50035405159,42.9737420082092,42.7958929538727,41.9920749664307,1273.46290159225,47.6949698925018,5.09006857872009,112.442751169205,53.0572810173035,7.17068266868591,1.46649742126465,1.64928078651428,57.647825717926,3.85393786430359,105.505467891693,51.9307498931885,7.21153974533081,2.52757239341736,1.94596171379089,228.571531534195,230.62305521965
150,120,"equal",1260,4,"AMD EPYC 9B45",216.140342473984,47.2177495956421,651.173948287964,378.211047172546,42.6721112728119,41.9493198394775,42.1353480815887,1419.49986672401,46.8608975410461,4.07863306999207,145.646391153336,79.3654232025146,4.32593989372253,0,1.58634400367737,50.3621437549591,4.5714647769928,131.396983623505,75.7326202392578,4.28522944450378,1.55253124237061,2.09122133255005,281.863628864288,269.992194414139
150,120,"equal",1261,4,"AMD EPYC 9B45",213.503483295441,45.0677485466003,517.696579217911,304.652483940125,42.4505639076233,40.9528522491455,42.6134119033813,1206.93712306023,43.2060062885284,6.12134599685669,110.409242630005,64.3289351463318,5.00190138816833,1.39931535720825,2.25272250175476,49.3711843490601,5.42692041397095,90.5857465267181,56.4663589000702,4.74498677253723,2.29020690917969,3.81678509712219,232.719469308853,212.702188968658
150,120,"equal",1262,4,"AMD EPYC 9B45",218.175837755203,48.3536334037781,512.211724042892,310.022338151932,43.3032972812653,41.9114310741425,43.7980060577393,1217.77626776695,41.2649431228638,5.60917353630066,131.560938596725,67.4565663337708,5.05620193481445,0.87151312828064,0.834735870361328,46.9279572963715,6.05900478363037,132.69607591629,68.1209516525269,5.43481779098511,0,1.26467561721802,252.654072523117,260.503483057022
150,120,"equal",1263,4,"AMD EPYC 9B45",221.582230091095,46.41282081604,502.432744503021,300.288187503815,42.7745339870453,42.6865074634552,42.6654999256134,1198.84252429008,57.0374090671539,5.21970152854919,113.69690155983,40.8818080425262,6.02398347854614,2.32993173599243,1.40717625617981,53.8218600749969,5.18457841873169,104.120481491089,36.8838613033295,6.20252060890198,4.3909797668457,2.04115343093872,226.596911668777,212.645435094833
150,120,"equal",1264,4,"AMD EPYC 9B45",216.00728225708,48.9691829681396,516.560989379883,320.965852022171,43.4826836585999,42.3532452583313,42.186318397522,1230.52555394173,45.6402575969696,9.07353234291077,93.4376449584961,53.5319561958313,5.79505896568298,0.848552227020264,1.07261753082275,42.6793341636658,8.55705833435059,95.1546289920807,60.1228110790253,6.61559700965881,1.4661021232605,1.7655668258667,209.399619817734,216.361098527908
150,120,"equal",1265,4,"AMD EPYC 9B45",214.634322166443,46.5524568557739,500.689043283463,296.349173545837,43.3307929039001,40.5016076564789,40.3314986228943,1182.38889503479,56.5869662761688,3.88782358169556,116.318214893341,58.8930435180664,5.20632290840149,1.74779868125916,1.12184238433838,62.2851932048798,3.7935938835144,98.49076795578,51.8643710613251,5.09070205688477,2.5397002696991,3.22961783409119,243.762012243271,227.293946266174
150,120,"equal",1266,4,"AMD EPYC 9B45",217.689034461975,46.5809745788574,514.774906158447,299.498966932297,42.4471039772034,41.6745767593384,40.5016932487488,1203.16725611687,40.3971340656281,5.2657196521759,126.09574842453,70.3368961811066,4.1269314289093,2.19571280479431,1.51450562477112,35.0975258350372,5.36916947364807,136.358547210693,81.9163806438446,4.29925060272217,2.19718098640442,1.80352449417114,249.932648181915,267.041579246521
150,120,"equal",1267,4,"AMD EPYC 9B45",220.744298458099,46.5399663448334,512.624749898911,318.526577472687,42.1312267780304,42.4144642353058,41.8755400180817,1224.85682320595,49.9875311851501,6.49359083175659,155.999999046326,45.4434022903442,5.27126598358154,1.88752746582031,1.13841724395752,47.061767578125,5.67880916595459,125.487013101578,55.4857847690582,5.57043886184692,2.29326581954956,1.78827166557312,266.221734046936,243.365350961685
150,120,"equal",1268,4,"AMD EPYC 9B45",221.250839233398,47.9849717617035,526.26250576973,308.875449180603,43.4572069644928,42.1941285133362,43.3170073032379,1233.3421087265,49.060747385025,6.2352123260498,129.373561143875,70.2820098400116,4.59773135185242,1.85379672050476,0.917623519897461,53.6079289913177,6.98739457130432,150.313051700592,65.034868478775,4.89905452728271,2.14514827728271,0,262.320682287216,282.987446546555
150,120,"equal",1269,4,"AMD EPYC 9B45",223.951880931854,47.0178124904633,517.402466058731,312.271128892899,44.2352113723755,41.621509552002,42.0576939582825,1228.55770325661,42.3514289855957,6.13719010353088,125.468714237213,54.0744452476501,5.33593034744263,1.15691828727722,2.36093926429749,44.2800104618073,6.0023136138916,97.7777762413025,59.6467969417572,5.4336953163147,1.74773573875427,3.93483281135559,236.885566473007,218.823161125183
150,120,"equal",1270,4,"AMD EPYC 9B45",213.35840511322,47.1457381248474,499.269817590714,312.482960939407,43.9334836006165,41.7208981513977,43.0183715820312,1200.92967510223,57.9215087890625,6.44870901107788,129.848793029785,44.4207470417023,3.95576500892639,1.51866674423218,2.7179434299469,67.4531097412109,6.14325904846191,121.007475852966,28.9052174091339,4.10963249206543,2.04653167724609,3.8733537197113,246.832133054733,233.538579940796
150,120,"equal",1271,4,"AMD EPYC 9B45",222.647958278656,48.414422750473,516.657849311829,319.969958305359,45.268221616745,42.6691505908966,41.5414981842041,1237.16905903816,57.3277673721313,3.6517276763916,145.253580093384,57.2942335605621,4.9967896938324,1.17565774917603,1.11750745773315,66.8961381912231,3.58669686317444,122.010722398758,55.0189220905304,5.26400923728943,1.84365200996399,1.51583027839661,270.81726360321,256.135971069336
150,120,"equal",1272,4,"AMD EPYC 9B45",219.901649236679,47.0047771930695,520.014065027237,314.857613325119,43.4306664466858,42.3112843036652,42.2930080890656,1229.81306362152,45.8395535945892,4.48390245437622,143.800932645798,57.1459980010986,4.3726851940155,1.70362615585327,3.17581987380981,47.5040338039398,4.10175061225891,119.486897945404,54.0251860618591,5.26355457305908,2.57072734832764,4.34449934959412,260.52251791954,237.296649694443
150,120,"equal",1273,4,"AMD EPYC 9B45",226.981620550156,49.22336769104,531.035755395889,323.796723365784,45.6929512023926,45.844001531601,44.4317302703857,1267.00615000725,55.8376202583313,4.86946654319763,155.525527715683,47.3213663101196,5.05346941947937,1.49019837379456,1.13725757598877,52.2982501983643,4.63766241073608,144.544682264328,52.1565103530884,5.34054589271545,2.06304621696472,2.33066058158875,271.234906196594,263.371357917786
150,120,"equal",1274,4,"AMD EPYC 9B45",221.361517190933,49.863116979599,514.580137252808,310.483941078186,44.9671442508698,43.5153577327728,43.9451019763947,1228.71631646156,43.5800874233246,6.17984437942505,128.658756494522,52.3106818199158,5.76890921592712,1.39379692077637,1.40333223342896,49.9688894748688,6.49954199790955,115.159281015396,51.584686756134,5.92869353294373,2.17028665542603,1.98653078079224,239.29540848732,233.29791021347
150,120,"equal",1275,4,"AMD EPYC 9B45",226.615208148956,49.207151889801,525.14781332016,341.795777320862,43.9206488132477,42.3670485019684,43.1855549812317,1272.23920297623,67.9376194477081,3.98481035232544,121.31328701973,47.5968732833862,4.68235468864441,1.70731854438782,1.96330451965332,62.9076843261719,3.62569665908813,134.69503903389,47.4994451999664,4.92667365074158,2.60871982574463,2.42999339103699,249.185567855835,258.693252086639
150,120,"equal",1276,8,"Apple M1",2425.97873091698,935.679739952087,1413.67905902863,258.516185998917,36.8225390911102,35.8898711204529,36.1385140419006,5142.70464015007,48.8556520938873,5.09595608711243,104.899775981903,73.7329578399658,3.54028391838074,2.23618102073669,0.838037014007568,46.1553249359131,4.7262749671936,108.066013097763,81.0378220081329,3.9859471321106,3.2170090675354,1.38954210281372,239.198843955994,248.577933311462
150,120,"equal",1277,8,"Apple M1",236.546006202698,41.1889431476593,1382.04363298416,277.146735906601,39.4258990287781,37.4133079051971,37.3130209445953,2051.07754611969,39.8833699226379,3.98782300949097,152.260089874268,57.0857310295105,5.08046722412109,2.02157807350159,2.421058177948,51.2702398300171,4.07615399360657,129.871496915817,48.1978690624237,5.48356294631958,2.66618418693542,3.55309700965881,262.740117311478,245.118603944778
150,120,"equal",1278,8,"Apple M1",225.352597951889,37.7009449005127,513.601980209351,282.8700299263,44.3914279937744,37.275465965271,39.1802690029144,1180.37271595001,60.4268369674683,4.89798212051392,135.176281929016,67.451761007309,6.88186597824097,1.98078799247742,2.67344403266907,74.729089975357,3.77760100364685,131.130091905594,61.3426928520203,6.90079593658447,3.14953899383545,3.05425405502319,279.488960027695,284.084064722061
150,120,"equal",1279,8,"Apple M1",237.183061122894,57.4664540290833,526.049319028854,293.09640789032,40.2177369594574,39.2604420185089,39.5017139911652,1232.77513504028,44.3303110599518,5.33338212966919,149.231253862381,81.6224889755249,4.85076308250427,1.22264695167542,1.50233507156372,61.077714920044,4.34865999221802,132.194905996323,72.2648618221283,6.94369101524353,2.35796904563904,2.54398679733276,288.09318113327,281.731789588928
150,120,"equal",1280,8,"Apple M1",231.698415994644,39.2249529361725,511.659110069275,293.356982946396,42.9870839118958,41.8696920871735,41.717875957489,1202.51411390305,65.4903249740601,4.87574481964111,120.747643947601,69.6655452251434,4.52578902244568,2.39616894721985,1.17136001586914,1559.55095505714,3.81761813163757,1018.31888604164,893.855680942535,3.56683206558228,3.1871280670166,1.34414291381836,268.872576951981,3483.64124321938
150,120,"equal",1281,8,"Apple M1",243.468837022781,42.4003582000732,549.665539979935,285.047078847885,37.8968608379364,36.8543329238892,36.1884410381317,1231.52144885063,55.0872859954834,8.86096000671387,121.053881883621,44.5022161006927,2.83226013183594,1.35057401657104,1.38353896141052,64.6804001331329,8.70167207717896,103.127712965012,47.0314159393311,3.12637805938721,1.79415702819824,2.19579696655273,235.070717096329,230.657533168793
150,120,"equal",1282,8,"Apple M1",240.81888794899,44.6539678573608,538.889820814133,320.339740037918,56.7654569149017,958.186647891998,983.781460046768,3143.43598151207,932.469038963318,3.60560989379883,403.819555044174,45.3375480175018,3.7432210445404,1.01208519935608,0.991286993026733,55.4429910182953,4.28047204017639,108.31637096405,73.1630229949951,5.17750692367554,1.76121091842651,1.69068312644958,1390.97834515572,249.832257986069
150,120,"equal",1283,8,"Apple M1",307.913738965988,53.447958946228,666.948398828506,378.679445028305,51.893895149231,50.7530739307404,50.6730449199677,1560.30955576897,92.7592241764069,8.49162316322327,94.6066679954529,99.5980820655823,9.21438884735107,2.28306198120117,2.92187714576721,111.748456001282,9.52471089363098,109.626387834549,114.896412849426,9.46324896812439,3.99378108978271,3.92610502243042,309.874925374985,363.179102659225
300,120,"equal",1234,4,"AMD EPYC 9B45",467.051008701324,106.396188020706,1004.79652690887,632.779026269913,89.2567811012268,89.5994701385498,87.8092629909515,2477.68826413155,121.455145597458,8.26501727104187,251.151698112488,124.08562541008,8.9062647819519,2.07666349411011,2.03218650817871,133.680325984955,7.82697916030884,248.894894123077,121.735459327698,8.39762401580811,2.85279130935669,3.02721190452576,517.972601175308,526.415285825729
300,120,"equal",1235,4,"AMD EPYC 9B45",465.133497238159,107.202030658722,1005.93005108833,625.410243988037,91.0598964691162,87.2379386425018,89.5348453521729,2471.50850343704,133.239977836609,8.45576071739197,257.425743103027,111.257563829422,10.1471903324127,2.04078555107117,2.14488363265991,137.850638151169,7.85416603088379,208.389806270599,112.17693734169,11.5843772888184,4.30682873725891,3.01894640922546,524.711905002594,485.181700229645
300,120,"equal",1236,4,"AMD EPYC 9B45",467.101144313812,106.289840698242,1058.24533772469,644.148547172546,89.1716334819794,86.6900005340576,88.7885611057281,2540.43506503105,135.890143871307,9.86230897903442,249.227457761765,96.3650937080383,9.71492576599121,1.47802424430847,2.0806565284729,152.587308883667,9.29979133605957,194.758131504059,114.317252159119,10.6315760612488,2.28980946540833,2.67132973670959,504.618610858917,486.555199146271
300,120,"equal",1237,4,"AMD EPYC 9B45",469.513555765152,107.488954782486,1009.65410399437,643.886853218079,94.7528469562531,92.2027304172516,95.4128756523132,2512.9119207859,127.805171489716,12.3516545295715,213.614766120911,135.152034521103,10.0227355957031,0,1.26770377159119,135.82285785675,11.9248335361481,201.609892368317,138.145473480225,9.76617360115051,1.71268200874329,1.95308399200439,500.214066028595,500.934996843338
300,120,"equal",1238,4,"AMD EPYC 9B45",467.143136501312,102.696413516998,1005.20228552818,625.806827306747,90.0267016887665,85.7980680465698,88.9167823791504,2465.59021496773,113.225731372833,8.94918537139893,256.693920850754,138.712757587433,9.42625546455383,1.77519130706787,2.01994848251343,115.605411291122,7.70215845108032,236.494246244431,144.165512084961,9.69492983818054,3.55404281616211,3.14784932136536,530.802990436554,520.364150047302
300,120,"equal",1239,4,"AMD EPYC 9B45",461.611171722412,103.233639955521,991.285791635513,619.556057453156,92.2227802276611,85.3162038326263,89.7444198131561,2442.97006464005,136.929378986359,8.78099489212036,204.654630899429,124.716068983078,9.41185331344604,2.18332815170288,1.98473978042603,131.319843530655,8.78803634643555,190.158930778503,131.411679983139,9.40890574455261,3.12468647956848,4.85658049583435,488.660995006561,479.068663358688
300,120,"equal",1240,4,"AMD EPYC 9B45",489.597481250763,111.204028367996,1033.75118660927,660.138984918594,93.3052177429199,95.2380621433258,94.381932258606,2577.61689329147,127.064137458801,9.77127313613892,198.133358716965,147.004947185516,9.61243224143982,2.82740759849548,2.57871437072754,143.521140098572,9.54755282402039,209.939293146133,141.19913482666,8.57346129417419,3.31707286834717,3.16008639335632,496.992270708084,519.257741451263
300,120,"equal",1241,4,"AMD EPYC 9B45",479.299150943756,110.852255105972,1042.28120803833,645.121387958527,95.2699146270752,92.7918467521667,95.1674809455872,2560.78324437141,96.1742956638336,12.4071400165558,255.568635702133,138.912695884705,8.1655604839325,2.75365114212036,1.84985756874084,97.8696355819702,11.9862673282623,235.887249946594,137.804876804352,9.27422261238098,3.91142320632935,3.10730743408203,515.831836462021,499.840982913971
300,120,"equal",1242,4,"AMD EPYC 9B45",476.6916680336,109.965618371964,1023.64071893692,640.235431194305,93.6670506000519,93.1269381046295,96.0996813774109,2533.42710661888,119.376024961472,8.18860268592834,276.721932649612,126.562174081802,7.85540771484375,2.81812000274658,2.27833294868469,125.169746875763,7.40209794044495,266.725405216217,118.634313583374,8.05973887443542,3.86345243453979,3.10287046432495,543.80059504509,532.957625389099
300,120,"equal",1243,4,"AMD EPYC 9B45",465.966258525848,102.393929004669,1008.7455060482,630.502514839172,87.8212523460388,88.5554683208466,88.668741941452,2472.65367102623,125.441297769547,10.2170588970184,205.347237825394,129.534375190735,9.41204786300659,1.7287654876709,2.94174432754517,129.001532554626,9.95693111419678,218.728226900101,121.921739578247,9.64742755889893,2.10848355293274,4.65835523605347,484.622527360916,496.022696495056
300,120,"equal",1244,4,"AMD EPYC 9B45",487.545622825623,110.849228382111,1041.79472374916,652.773851633072,95.8139808177948,88.9515898227692,94.0055470466614,2571.73454427719,117.980814218521,12.2877967357635,258.659785747528,125.944411039352,9.9784882068634,0,1.60215902328491,130.851881980896,10.0389041900635,231.258497953415,133.636554956436,11.5740971565247,2.10488295555115,2.57468342781067,526.453454971313,522.039502620697
300,120,"equal",1245,4,"AMD EPYC 9B45",484.647579193115,112.943173885345,1027.55971837044,664.583706378937,95.1307299137115,94.1815297603607,92.7497718334198,2571.79620933533,131.618766784668,11.0273435115814,251.046704769135,102.532655477524,14.3790764808655,0,1.3523063659668,142.797210693359,10.3847930431366,259.490144252777,106.333008289337,13.4882197380066,2.02697467803955,1.75026106834412,511.95685338974,536.270611763
300,120,"equal",1246,4,"AMD EPYC 9B45",478.925997972488,101.731924772263,999.472591161728,629.596781730652,88.5810654163361,88.6154310703278,87.9956684112549,2474.91946053505,111.725293636322,9.89817142486572,246.575062036514,115.089395046234,12.2443981170654,2.08112788200378,2.26476097106934,120.342799425125,10.1614792346954,250.863089323044,111.789076805115,10.0937838554382,2.52114582061768,2.98812866210938,499.878209114075,508.759503126144
300,120,"equal",1247,4,"AMD EPYC 9B45",470.725519418716,107.654970884323,1047.2085044384,626.662625789642,89.1562654972076,85.7499692440033,90.9432852268219,2518.10114049911,111.331595897675,11.1760096549988,267.279499053955,111.165263175964,9.17759394645691,1.19606781005859,3.11214637756348,105.554318904877,10.7026507854462,238.258230447769,123.267782211304,10.1423532962799,2.39701533317566,4.89249181747437,514.438175916672,495.214842796326
300,120,"equal",1248,4,"AMD EPYC 9B45",462.261444568634,105.032789945602,1020.43000674248,624.75143122673,87.4648168087006,88.3427217006683,87.3038499355316,2475.58706092834,115.952797651291,10.9252066612244,207.083230257034,139.929838418961,9.83319592475891,1.49318337440491,1.98539471626282,128.875199556351,9.99694871902466,192.801330327988,148.109261989594,9.81629800796509,2.29086399078369,2.34720897674561,487.202847003937,494.237111568451
300,120,"equal",1249,4,"AMD EPYC 9B45",468.06950211525,108.180597543716,1006.82555603981,645.865593910217,94.0158269405365,88.7815973758698,92.5309631824493,2504.26963710785,124.914846658707,11.4102139472961,212.845230102539,139.094722509384,7.77824783325195,2.43773245811462,1.29556369781494,128.881270885468,9.83855438232422,241.510707616806,127.258958816528,7.37264037132263,3.12647318840027,2.62460517883301,499.776557207108,520.613210439682
300,120,"equal",1250,4,"AMD EPYC 9B45",466.816178798676,108.056035280228,1007.05103373528,637.947009563446,88.347011089325,91.0010027885437,88.3436450958252,2487.56191635132,119.077443122864,7.43292880058289,216.974289655685,163.144143104553,12.7256708145142,2.50378108024597,2.30218076705933,125.052353858948,7.06967854499817,216.560773611069,151.835160732269,10.9750120639801,3.7077100276947,2.30555605888367,524.160437345505,517.506244897842
300,120,"equal",1251,4,"AMD EPYC 9B45",464.499299287796,105.782918214798,1024.91761493683,644.396285772324,94.4455642700195,88.7578737735748,91.0779957771301,2513.87755203247,106.209589004517,9.9591588973999,253.980163812637,139.824137926102,9.46738910675049,2.45416903495789,1.44855570793152,112.100556612015,9.02140974998474,278.034712076187,130.80383181572,9.90675020217896,2.86836242675781,1.88846254348755,523.343163490295,544.624085426331
300,120,"equal",1252,4,"AMD EPYC 9B45",471.962722539902,105.231156587601,1022.10618782043,647.358788251877,93.0553126335144,87.2992498874664,89.6628658771515,2516.67628359795,122.294777154922,10.5198554992676,313.006873607635,101.269690275192,7.44184160232544,2.05183720588684,0,130.790607452393,10.6750144958496,295.345129013062,94.8107824325562,8.31178903579712,2.21229434013367,1.71093153953552,556.58487534523,543.856548309326
300,120,"equal",1253,4,"AMD EPYC 9B45",489.055864334106,109.272026062012,1050.92949676514,679.890471220016,93.5170810222626,90.2785310745239,88.8944447040558,2601.83791518211,116.387619256973,13.0562257766724,234.411247968674,109.944891691208,9.41949415206909,2.7835385799408,1.51252436637878,123.008078336716,11.2577059268951,232.83145403862,110.725758314133,9.06950616836548,3.72027730941772,2.38280725479126,487.515541791916,492.995587348938
300,120,"equal",1254,4,"AMD EPYC 9B45",484.20699930191,110.84893321991,1142.98320841789,644.276098489761,91.3478691577911,92.2387290000916,90.5027272701263,2656.40456485748,144.348512649536,9.73355174064636,245.256275177002,124.900018692017,8.21627449989319,2.62060594558716,1.91020512580872,157.26333117485,9.10996842384338,231.280299425125,119.552339315414,8.8043794631958,3.43115067481995,2.64655041694641,536.98544383049,532.088018894196
300,120,"equal",1255,4,"AMD EPYC 9B45",478.146432638168,105.999969244003,1003.51336359978,635.324966907501,90.6785495281219,90.257954120636,89.5361812114716,2493.45741724968,116.719536781311,11.2163875102997,227.48174738884,115.808359622955,10.3291234970093,2.860684633255,2.29752993583679,125.366982221603,10.3548476696014,226.092049598694,111.808906316757,10.5858161449432,3.44922280311584,2.85936331748962,486.713369369507,490.517188072205
300,120,"equal",1256,4,"AMD EPYC 9B45",481.141041994095,107.83000421524,1021.19191551208,654.549910783768,95.1113684177399,93.180549621582,93.1353797912598,2546.14017033577,109.933319568634,8.46751642227173,284.209678888321,141.672598361969,7.77813172340393,2.3847541809082,2.80588388442993,107.226826906204,7.2861635684967,287.058647871017,146.766964197159,7.56717681884766,3.52168226242065,4.46048283576965,557.251883029938,563.887944459915
300,120,"equal",1257,4,"AMD EPYC 9B45",469.496638059616,103.017260313034,1005.10694527626,650.014461994171,89.4031133651733,88.3689551353455,88.2492775917053,2493.65665173531,119.909806728363,15.3759589195251,229.306322336197,101.20056271553,9.45774531364441,1.4949848651886,1.85964679718018,135.056030273438,14.2851526737213,212.159481048584,94.0868306159973,9.90439367294312,2.28457546234131,2.28774189949036,478.605027675629,470.064205646515
300,120,"equal",1258,4,"AMD EPYC 9B45",468.214246034622,106.177847862244,1006.5815308094,637.05193066597,93.5162968635559,89.7556169033051,91.2730805873871,2492.57054972649,100.412331104279,11.9124205112457,257.627084970474,119.385465145111,9.88235950469971,2.01912593841553,2.5338282585144,118.248067378998,10.0556573867798,244.437386989594,116.477253198624,9.62486004829407,2.68885684013367,3.99433732032776,503.772615432739,505.52641916275
300,120,"equal",1259,4,"AMD EPYC 9B45",474.582902431488,104.223441839218,1029.8644452095,647.136811971664,89.2653610706329,86.0778019428253,87.3022327423096,2518.45299720764,99.4925017356873,12.2740197181702,268.306097507477,117.954972982407,10.469539642334,1.26896357536316,1.96123433113098,112.492121219635,11.1591858863831,254.448998212814,122.841306686401,10.5854337215424,1.92038798332214,3.12051033973694,511.727329492569,516.567944049835
300,120,"equal",1260,4,"AMD EPYC 9B45",482.620693922043,108.751934051514,1363.82216453552,788.625248432159,92.9246819019318,89.5642402172089,89.1430056095123,3015.45196866989,99.4489727020264,9.62713432312012,283.368712663651,136.651475191116,9.4562816619873,1.55911922454834,2.38319635391235,104.486735343933,8.62565159797668,362.53023815155,150.486815929413,10.4483571052551,2.26851868629456,3.93577480316162,542.494892120361,642.782091617584
300,120,"equal",1261,4,"AMD EPYC 9B45",472.052911043167,102.123566865921,1026.36422657967,630.512547969818,90.0885410308838,89.4232647418976,90.1796038150787,2500.74466204643,113.240306854248,10.4543313980103,288.49187707901,120.195508956909,8.95374798774719,1.48832178115845,2.37802338600159,133.337902545929,9.358149766922,240.982231616974,109.875387430191,9.52734470367432,2.18578672409058,3.62731456756592,545.202117443085,508.894117355347
300,120,"equal",1262,4,"AMD EPYC 9B45",472.872180938721,105.039363861084,1022.89589595795,639.581068277359,94.2380905151367,90.558173418045,89.7769734859467,2514.96174645424,99.4064824581146,11.336562871933,244.815958499908,132.068907737732,9.93408155441284,1.9442400932312,2.28365397453308,111.570686340332,10.287930727005,226.821036815643,145.771486282349,9.84917569160461,2.73728847503662,2.4353141784668,501.789887189865,509.472918510437
300,120,"equal",1263,4,"AMD EPYC 9B45",460.79844379425,107.199014902115,1008.24793481827,633.972060918808,90.4219706058502,88.9924731254578,88.8067855834961,2478.43868374825,108.083505392075,9.60705828666687,233.859708309174,127.15977191925,9.67292404174805,3.6290500164032,1.83882331848145,105.965712308884,8.15121841430664,247.023043394089,132.587925434113,9.88402533531189,4.09069776535034,3.35267877578735,493.850841283798,511.055301427841
300,120,"equal",1264,4,"AMD EPYC 9B45",474.878441810608,104.49934720993,1041.52918934822,641.678077936172,91.756578207016,88.6456933021545,86.9563097953796,2529.94363760948,98.1646785736084,12.2188198566437,225.454767942429,127.341406822205,11.9239382743835,2.24141788482666,2.00864434242249,110.042183160782,11.8086929321289,235.98674249649,131.518004179001,10.9930262565613,2.82907772064209,2.40845465660095,479.353673696518,505.586181402206
300,120,"equal",1265,4,"AMD EPYC 9B45",475.159342050552,103.552843809128,1019.91500926018,635.799187898636,88.8914954662323,86.3749735355377,87.4952187538147,2497.18807077408,101.228176355362,9.82472801208496,217.241503238678,138.446630716324,10.1326928138733,2.70914793014526,3.26472496986389,109.022602319717,8.98401165008545,186.523961782455,139.23184967041,10.4760444164276,3.02786016464233,5.66769289970398,482.847604036331,462.934022903442
300,120,"equal",1266,4,"AMD EPYC 9B45",476.753888607025,108.872454881668,1034.8645632267,653.00203537941,91.7018868923187,90.1984846591949,90.1314561367035,2545.52476978302,89.9008755683899,10.4791128635406,278.356060504913,158.357289552689,8.08204436302185,2.28769493103027,0,105.441662549973,9.66030764579773,276.322899341583,149.071380853653,7.75818943977356,3.45915794372559,1.99654674530029,547.463077783585,553.710144519806
300,120,"equal",1267,4,"AMD EPYC 9B45",526.033466815948,142.344609737396,1088.47591400146,651.307622671127,93.8984434604645,93.2650737762451,93.8961243629456,2689.22125482559,121.078078746796,10.995589017868,262.127760887146,112.027502536774,9.94074106216431,2.05598020553589,2.3271210193634,123.255475997925,10.3630921840668,253.429219722748,110.902520895004,10.3720071315765,3.45754623413086,3.05580186843872,520.552773475647,514.83566403389
300,120,"equal",1268,4,"AMD EPYC 9B45",490.090807914734,111.85552239418,1047.38802647591,650.579217910767,93.7409465312958,93.3494479656219,89.0546555519104,2576.05862474442,114.184752941132,9.7687087059021,262.327570438385,141.478786706924,7.91032242774963,1.5061252117157,2.26223611831665,132.778180360794,8.84232544898987,222.275442838669,152.424540519714,8.25042247772217,2.32781434059143,3.67400979995728,539.438502550125,530.572735786438
300,120,"equal",1269,4,"AMD EPYC 9B45",470.373055934906,105.619553565979,1027.70953392982,637.717525959015,90.345458984375,86.6346859931946,88.658013343811,2507.05782771111,107.267183065414,10.8810229301453,254.682780742645,109.749037265778,10.7098870277405,2.25511145591736,2.20038843154907,101.216434240341,9.64673542976379,286.458278656006,111.639955043793,10.4682991504669,2.86385250091553,3.54246807098389,497.745410919189,525.83602309227
300,120,"equal",1270,4,"AMD EPYC 9B45",486.2003262043,106.407203435898,1042.06940889359,632.57203245163,90.5173327922821,87.0927693843842,86.2453932762146,2531.10446643829,119.256534099579,12.1367111206055,253.776233911514,90.4805428981781,9.02479195594788,2.83191847801208,2.28257894515991,113.360124111176,12.0557024478912,244.265532493591,80.7504911422729,9.45091986656189,4.5006251335144,4.13714075088501,489.789311408997,468.520535945892
300,120,"equal",1271,4,"AMD EPYC 9B45",499.113603591919,113.514976501465,1040.53934907913,679.952731609344,93.2319173812866,93.116845369339,91.5951161384583,2611.06453967094,105.362441062927,9.63029432296753,269.675431251526,151.029624700546,9.80121302604675,1.26366591453552,1.75133299827576,116.815034866333,8.58234357833862,248.266447782516,159.167373418808,9.15311121940613,2.64886903762817,2.17277336120605,548.514003276825,546.805953264236
300,120,"equal",1272,4,"AMD EPYC 9B45",519.473670005798,122.295216560364,1055.4659075737,663.766396045685,91.5593347549438,88.5530323982239,91.0273847579956,2632.14094209671,105.871739149094,10.4202618598938,255.159208297729,138.469702243805,9.41755366325378,1.82147455215454,2.17284321784973,130.16242980957,8.25703120231628,235.81791138649,134.844467878342,9.35882639884949,2.68410730361938,2.92014098167419,523.33278298378,524.044914960861
300,120,"equal",1273,4,"AMD EPYC 9B45",479.441624641418,111.787959098816,1029.31438279152,648.846079349518,93.8674819469452,88.1549088954926,92.4227774143219,2543.83521413803,120.722617387772,8.72830414772034,285.926939487457,122.627834558487,7.66078996658325,1.95715260505676,1.85411667823792,124.212296009064,8.56738233566284,275.138395786285,132.850641965866,7.89383387565613,2.9496545791626,1.93268013000488,549.477754831314,553.544884681702
300,120,"equal",1274,4,"AMD EPYC 9B45",475.913049459457,108.550759792328,1041.27700138092,660.462625980377,95.5272314548492,91.28950715065,93.1659581661224,2566.1861333847,107.474303007126,12.3869507312775,248.994879961014,128.622991800308,10.8286423683167,1.4459855556488,1.49421191215515,118.685347318649,11.4428391456604,254.486829996109,125.735509157181,10.7940812110901,2.72816944122314,1.95830917358398,511.247965335846,525.831085443497
300,120,"equal",1275,4,"AMD EPYC 9B45",487.676733732224,113.776746034622,1011.10636115074,650.230015516281,95.0340251922607,93.7661261558533,89.6102609634399,2541.20026874542,132.764107465744,10.6578593254089,234.264675617218,130.74102973938,7.46079874038696,3.00982284545898,3.0213508605957,136.590518474579,7.03872394561768,216.888963460922,126.037592887878,7.35983061790466,4.80543875694275,4.89329099655151,521.919644594193,503.614359140396
300,120,"equal",1276,8,"Apple M1",822.722832918167,131.683653831482,11963.6886911392,2938.3982360363,80.187549829483,969.313900947571,999.234587192535,17905.2294518948,1133.5979950428,8.64468502998352,225.78027009964,148.203256130219,9.31192994117737,1.16945791244507,1.45468592643738,234.749898910522,25.3345351219177,412.174066066742,1069.79388785362,9.76066613197327,2.69011402130127,2.94965291023254,1528.1622800827,1757.45282101631
300,120,"equal",1277,8,"Apple M1",485.644550085068,86.8005771636963,1036.28111791611,594.634252071381,1039.79407501221,1009.5142929554,1977.99805307388,6230.66691827774,87.3212890625,8.17647695541382,5032.65822005272,116.591822862625,6.30491590499878,1.83796691894531,1.83797883987427,116.460245847702,7.91205811500549,1241.16911697388,113.566889047623,7.27315378189087,2.46723794937134,1.97943997383118,5254.72867059708,1490.8281416893
300,120,"equal",1278,8,"Apple M1",3236.526501894,1091.39165687561,1884.58967995644,579.460508108139,87.6661560535431,85.9456329345703,83.2699401378632,7048.85007596016,133.928880929947,9.33320689201355,237.301962137222,119.239120006561,10.3399419784546,2.18270897865295,1.16564702987671,127.493189811707,9.10863709449768,236.603322982788,127.678807020187,10.5735738277435,3.03719401359558,2.54727602005005,513.491467952728,517.042000770569
300,120,"equal",1279,8,"Apple M1",467.088370084763,84.3090009689331,1109.62448596954,583.22214102745,81.6418430805206,80.8846349716187,1573.83527708054,3980.60575318336,2754.69940686226,169.397403001785,19759.9616270065,122.900969982147,8.75973916053772,2.43376398086548,1.73671507835388,119.634767055511,8.76128220558167,187.678369045258,121.640719175339,9.092041015625,3.01722002029419,2.42292785644531,22819.8896250725,452.247326374054
300,120,"equal",1280,8,"Apple M1",474.667774915695,82.5423557758331,1204.01340198517,651.583201885223,101.528131961823,97.078558921814,97.6162188053131,2709.02964425087,135.94501709938,11.6607429981232,305.187875032425,1465.4087729454,9.44051790237427,2.12744212150574,1.6849148273468,955.924730062485,7.84597301483154,2403.99351620674,1000.64857602119,10.623498916626,2.96399116516113,2.18254899978638,1931.45528292656,4384.18283438683
300,120,"equal",1281,8,"Apple M1",486.86890912056,84.8635489940643,1428.92346191406,617.760712862015,87.5059998035431,84.1485080718994,79.9740459918976,2870.04518675804,130.482886075974,13.6263370513916,235.431083917618,102.829581975937,9.08437204360962,2.17897200584412,1.49056100845337,127.716136932373,12.6762418746948,234.310034036636,109.253628015518,9.63943099975586,4.19316005706787,2.23552417755127,495.123794078827,500.024156093597
300,120,"equal",1282,8,"Apple M1",529.814926147461,92.0565929412842,1108.89855289459,610.6285572052,96.0210340023041,95.1027190685272,95.7635550498962,2628.28593730927,160.438874006271,9.17484498023987,252.852406978607,137.607308864594,11.0190000534058,1.7664589881897,2.74782109260559,178.721196174622,9.2431058883667,251.018475055695,133.837051868439,10.1001069545746,2.66861391067505,2.65741395950317,575.606714963913,588.245963811874
300,120,"equal",1283,8,"Apple M1",493.34631896019,87.6381919384003,4117.52716803551,605.597656011581,89.5970530509949,904.169888019562,79.7350370883942,6377.61131310463,122.972837924957,9.29337692260742,212.026386976242,135.177736997604,12.961630821228,2.06634593009949,1.94226098060608,132.965229034424,8.97011804580688,192.758941888809,143.64053106308,13.3993809223175,3.90927600860596,3.30481505393982,496.440576553345,498.948292016983
150,60,"extreme",1234,4,"AMD EPYC 9B45",117.98325419426,23.2578423023224,262.68487238884,159.195921897888,22.0911197662354,21.9127833843231,22.1214275360107,629.247221469879,54.0628755092621,3.63332796096802,34.775538444519,17.8761827945709,1.11081671714783,0.933802366256714,0.722323656082153,56.3143379688263,3.77650094032288,39.5342667102814,16.6137490272522,1.49557065963745,1.13399004936218,1.12759804725647,113.114867448807,119.996013402939
150,60,"extreme",1235,4,"AMD EPYC 9B45",109.130356550217,21.3669602870941,243.284996986389,147.909561395645,21.3624668121338,21.8929452896118,21.557769536972,586.505056858063,40.576087474823,3.93628907203674,41.357492685318,20.6504096984863,1.23524594306946,0.724735021591187,0,40.7177248001099,3.66418528556824,51.5167310237885,21.0128843784332,2.0014820098877,0,0,108.480259895325,118.913007497787
150,60,"extreme",1236,4,"AMD EPYC 9B45",111.832635879517,21.6670455932617,244.005269050598,153.74481678009,21.9213392734528,20.8498108386993,21.4979379177094,595.518855333328,47.1105127334595,3.86335444450378,30.6405184268951,15.985454082489,1.95788717269897,0.858052253723145,0,49.8398334980011,3.75022125244141,30.7928910255432,18.334529876709,2.15831732749939,1.21336603164673,0,100.41577911377,106.089159011841
150,60,"extreme",1237,4,"AMD EPYC 9B45",106.520910978317,22.16996717453,244.157017946243,150.753565788269,21.4759256839752,21.2687036991119,21.8575003147125,588.203591585159,43.4821290969849,3.92489147186279,32.497079372406,25.1982593536377,1.10435819625854,0,0.70433783531189,45.8381953239441,3.70068264007568,45.1074366569519,21.3095457553864,1.43640303611755,0,0,106.911055326462,117.392263412476
150,60,"extreme",1238,4,"AMD EPYC 9B45",108.444128274918,21.2067756652832,235.691496372223,150.871031284332,21.179119348526,21.4207496643066,20.8031437397003,579.616444349289,50.298407793045,3.15663385391235,44.4322245121002,15.1927366256714,1.7511043548584,0,0,46.1113719940186,3.52021956443787,49.6546339988708,18.376095533371,2.0098671913147,0,0,114.831107139587,119.672188282013
150,60,"extreme",1239,4,"AMD EPYC 9B45",109.188894271851,21.4194989204407,233.738837003708,152.200958490372,21.3480560779572,20.3306059837341,21.1303627490997,579.357213497162,47.8188571929932,3.59181880950928,29.7205646038055,20.6135182380676,1.72657155990601,0,0,49.193461894989,3.78613376617432,34.4078104496002,20.0285050868988,1.7722795009613,0,0,103.471330404282,109.188190698624
150,60,"extreme",1240,4,"AMD EPYC 9B45",113.331153154373,21.8780832290649,251.16700553894,155.544101476669,22.945050239563,21.094256401062,22.4659388065338,608.425588846207,52.0057137012482,3.41725826263428,51.8119673728943,13.9195365905762,1.1244843006134,0,0,49.4004731178284,3.58351469039917,52.3292655944824,13.6608188152313,1.853670835495,0,0,122.278960227966,120.827743053436
150,60,"extreme",1241,4,"AMD EPYC 9B45",115.726297616959,23.1765034198761,239.46710896492,150.720967054367,22.0387670993805,21.7970786094666,22.6631972789764,595.589920043945,55.6362619400024,3.83002972602844,41.11745429039,11.9435079097748,1.12469244003296,0,0,53.859983921051,4.30158138275146,42.6681888103485,11.8979239463806,1.56864023208618,0,0,113.651946306229,114.296318292618
150,60,"extreme",1242,4,"AMD EPYC 9B45",108.681293487549,23.3867795467377,247.667298555374,151.364803314209,21.7561707496643,21.3337209224701,21.550475358963,595.740541934967,49.1640164852142,3.28124117851257,43.3906397819519,14.8831539154053,2.14463663101196,0,0,49.895138502121,3.00637006759644,41.8036262989044,17.6863632202148,2.44939088821411,0,0,112.863687992096,114.840888977051
150,60,"extreme",1243,4,"AMD EPYC 9B45",107.391322374344,21.9396758079529,232.509484767914,147.966272354126,21.48983502388,21.4264690876007,22.2377510070801,574.960810422897,43.8017070293427,2.04966831207275,46.5228037834167,23.8768539428711,1.97912168502808,0.700822114944458,0,43.7894401550293,1.8596031665802,58.2932820320129,22.1800091266632,2.31621336936951,0,0,118.930976867676,128.438547849655
150,60,"extreme",1244,4,"AMD EPYC 9B45",114.824668169022,22.8981149196625,257.663424015045,160.416170120239,22.0920860767365,21.5376183986664,21.899772644043,621.331854343414,48.4315662384033,3.85428667068481,29.2569041252136,20.5624487400055,2.00270843505859,0,0,51.754200220108,4.03521513938904,36.3326654434204,18.8343226909637,2.20839810371399,0,0,104.107914209366,113.164801597595
150,60,"extreme",1245,4,"AMD EPYC 9B45",113.77464056015,21.9556796550751,247.908766746521,153.445086956024,22.8722615242004,21.0426197052002,21.6239964962006,602.623051643372,57.0077919960022,2.96375465393066,28.9968461990356,16.2366728782654,2.17054200172424,0,0,56.0679593086243,2.9704327583313,39.2262752056122,16.2934975624084,2.21492600440979,0,0,107.375607728958,116.773090839386
150,60,"extreme",1246,4,"AMD EPYC 9B45",115.402294635773,23.6199557781219,257.345505475998,156.972959518433,22.8055925369263,22.9247946739197,22.9157855510712,621.986888170242,61.8881332874298,2.83074903488159,43.7326402664185,11.7335727214813,1.59634685516357,0,0,59.3667891025543,3.34662389755249,46.6043350696564,11.3323817253113,1.85763788223267,0,0,121.781442165375,122.507767677307
150,60,"extreme",1247,4,"AMD EPYC 9B45",109.369025707245,22.8835043907166,237.682852745056,153.173355102539,22.030592918396,20.7762427330017,21.009521484375,586.925095081329,51.2595098018646,2.77262759208679,32.6931848526001,17.7618539333344,2.09173488616943,0.715298175811768,0.695966958999634,53.7867472171783,2.8747410774231,41.3596920967102,15.1712741851807,2.16668128967285,1.06148242950439,1.04477429389954,107.990176200867,117.465392589569
150,60,"extreme",1248,4,"AMD EPYC 9B45",117.415333747864,24.0426733493805,259.917904376984,148.933227062225,22.227950334549,21.9884128570557,23.463488817215,617.988990545273,51.3077845573425,3.78665208816528,34.6181378364563,20.7581980228424,1.74191880226135,0,0.723122596740723,47.8200726509094,3.79206609725952,35.1523613929749,19.3712618350983,2.03867626190186,0,0,112.935813903809,108.174438238144
150,60,"extreme",1249,4,"AMD EPYC 9B45",109.408160448074,21.8070759773254,237.366162776947,149.059486627579,21.416779756546,20.9420063495636,20.9404335021973,580.940105438232,50.4060211181641,3.234694480896,39.3663923740387,16.8097581863403,2.01601958274841,0.714003324508667,0,45.6857674121857,3.09957218170166,50.0206000804901,16.2531147003174,2.18494534492493,1.02338075637817,0,112.546889066696,118.267380475998
150,60,"extreme",1250,4,"AMD EPYC 9B45",107.636652708054,21.5472500324249,250.766464710236,150.045366764069,21.7167029380798,21.1622405052185,22.2291176319122,595.103795289993,51.4182686805725,3.09367895126343,27.993997335434,17.2978084087372,2.36329388618469,0,0,54.6884298324585,3.09521770477295,29.9339730739594,16.8974370956421,2.74180555343628,0,0,102.167047262192,107.356863260269
150,60,"extreme",1251,4,"AMD EPYC 9B45",108.506793260574,21.7225677967072,238.138678073883,155.08475112915,21.068133354187,22.1810033321381,21.1738653182983,587.875792264938,49.7390730381012,3.78682112693787,35.5321216583252,15.4792478084564,1.84158515930176,0.711421966552734,0,49.9172086715698,3.55687046051025,49.3274531364441,14.1131932735443,1.87679290771484,1.01249527931213,0,107.090270757675,119.804013729095
150,60,"extreme",1252,4,"AMD EPYC 9B45",110.625421524048,21.4072210788727,241.88121008873,152.55889749527,22.2181270122528,21.6053555011749,22.2981595993042,592.594392299652,45.750232219696,3.21034479141235,30.0102279186249,21.0744972229004,1.94856214523315,0,0.714244604110718,49.5874948501587,3.21824884414673,34.3725283145905,19.9286806583405,2.00643992424011,1.01112794876099,0,102.708108901978,110.124520540237
150,60,"extreme",1253,4,"AMD EPYC 9B45",107.245905160904,22.4006175994873,236.450313091278,147.271362304688,20.9820110797882,20.4747278690338,21.2527539730072,576.077691078186,49.0403077602386,3.17386770248413,46.6669633388519,13.9348397254944,1.79492902755737,0,0,46.6973767280579,3.06917452812195,56.8483290672302,14.2910885810852,2.13526558876038,0,0,114.610907554626,123.041234493256
150,60,"extreme",1254,4,"AMD EPYC 9B45",109.27284860611,21.9011054039001,234.741850137711,148.80015206337,21.2609088420868,20.5418643951416,21.6619067192078,578.180636167526,42.1199939250946,2.76547360420227,41.2162117958069,25.9822766780853,1.72479367256165,0.709571123123169,0,45.6308922767639,2.71918201446533,43.2298951148987,25.990683555603,1.85911965370178,1.07033371925354,0,114.518320798874,120.500106334686
150,60,"extreme",1255,4,"AMD EPYC 9B45",108.79744386673,21.5573287010193,237.892507076263,151.010302305222,21.5284006595612,20.8439264297485,21.1949195861816,582.824828624725,45.5224123001099,2.74471426010132,48.2148623466492,20.6615080833435,1.11622738838196,0.719960451126099,0.898930549621582,46.2724528312683,2.64303088188171,54.2030956745148,20.6123514175415,1.55235815048218,1.16130232810974,1.17317700386047,119.878615379333,127.617768287659
150,60,"extreme",1256,4,"AMD EPYC 9B45",109.453415632248,21.7491960525513,237.503529787064,151.222000837326,21.1036491394043,20.6302936077118,22.3791115283966,584.041196584702,47.1365833282471,3.2882764339447,51.7850077152252,13.7092771530151,1.55240440368652,0.706910371780396,0,47.85817527771,3.24964022636414,54.4642922878265,14.852676153183,1.78373575210571,1.05734252929688,0,118.178459405899,123.265862226486
150,60,"extreme",1257,4,"AMD EPYC 9B45",110.907499551773,22.8344261646271,252.289442062378,157.844728708267,21.7187995910645,21.1327137947083,21.6068692207336,608.334479093552,49.7916512489319,3.88431644439697,35.2995011806488,14.8619840145111,2.16831374168396,0,0,50.2317805290222,3.76457023620605,35.9962773323059,16.6868848800659,2.2450647354126,0,1.06413531303406,106.005766630173,109.988713026047
150,60,"extreme",1258,4,"AMD EPYC 9B45",105.944247722626,21.2030861377716,246.204728126526,148.647040367126,21.2173783779144,20.4338932037354,20.675803899765,584.326177835464,48.9240553379059,2.87070274353027,50.8225076198578,19.4811494350433,0.911642789840698,0,0,46.7222471237183,2.98415040969849,50.5411560535431,20.682163476944,1.39571094512939,0,0,123.010057926178,122.325428009033
150,60,"extreme",1259,4,"AMD EPYC 9B45",106.977057695389,21.1166195869446,236.517723798752,150.287664651871,21.5056791305542,21.2527847290039,21.0789885520935,578.736518144608,48.6632106304169,2.06676197052002,41.2644641399384,19.0666077136993,1.93673467636108,0.871681690216064,0,50.7308189868927,2.29378581047058,48.9026646614075,17.1899938583374,2.32003593444824,1.04763221740723,0,113.869460821152,122.484931468964
150,60,"extreme",1260,4,"AMD EPYC 9B45",108.104626655579,23.3921785354614,258.991396188736,159.604872226715,21.8634433746338,21.1513421535492,21.4588024616241,614.566661596298,51.267026424408,3.96887731552124,34.6460828781128,15.5828013420105,2.10589694976807,0,0,59.3708627223969,4.29987835884094,32.2790343761444,14.2048616409302,2.09706282615662,0,0,107.570684909821,112.251699924469
150,60,"extreme",1261,4,"AMD EPYC 9B45",108.850844144821,22.1595931053162,237.471687555313,149.898015975952,21.8180804252625,20.7907147407532,21.8789958953857,582.867931842804,54.9387099742889,3.17650866508484,26.6163485050201,18.4506466388702,1.23450803756714,0,0,54.4455525875092,2.58430981636047,44.2956874370575,17.8619766235352,1.56282234191895,0,0,104.416721820831,120.750348806381
150,60,"extreme",1262,4,"AMD EPYC 9B45",105.481313228607,21.8760211467743,237.659099340439,151.360354661942,21.3518340587616,20.5280139446259,21.8785281181335,580.135164499283,48.848160982132,3.85213422775269,32.4470026493073,20.1851201057434,1.10155701637268,0,0,51.2591648101807,3.92436695098877,35.370272397995,17.2899217605591,1.8002347946167,0,0,106.433974981308,109.64396071434
150,60,"extreme",1263,4,"AMD EPYC 9B45",111.069374084473,21.6932368278503,235.074327707291,152.097324609756,22.384824514389,21.9259269237518,21.5450372695923,585.790051937103,44.8541979789734,3.84362459182739,29.9876165390015,19.7094564437866,1.98176074028015,0,0,47.0356214046478,2.94022870063782,43.0770914554596,19.8373093605042,2.45774435997009,0,0,100.376656293869,115.347995281219
150,60,"extreme",1264,4,"AMD EPYC 9B45",110.345499277115,22.4734632968903,242.100765228271,148.54550242424,21.4012818336487,21.7377841472626,21.3890402317047,587.993336439133,54.7448370456696,3.68932247161865,18.6561884880066,18.1246519088745,1.77511405944824,0.713572263717651,0,52.4218339920044,3.77740836143494,17.5133714675903,19.6545472145081,2.26607155799866,0.988580942153931,0,97.7036862373352,96.6218135356903
150,60,"extreme",1265,4,"AMD EPYC 9B45",108.139025688171,22.4944450855255,246.513688802719,149.41219496727,21.2210011482239,20.6768293380737,21.5934526920319,590.050637722015,40.1920824050903,3.33986759185791,41.3810701370239,20.3148398399353,2.29268288612366,0,0.848785161972046,51.3700089454651,3.5583918094635,40.2049627304077,17.684821844101,2.40722966194153,0,1.31501793861389,108.369328022003,116.540432929993
150,60,"extreme",1266,4,"AMD EPYC 9B45",108.859118700027,21.4170968532562,237.074727535248,150.08965921402,21.1194958686829,20.5056433677673,20.818409204483,579.884150743484,52.4689908027649,3.51648497581482,27.0574278831482,17.9306700229645,2.23575019836426,0.697016477584839,0.710268497467041,43.3367667198181,3.08803224563599,43.4351563453674,18.7778363227844,2.71916508674622,1.02221012115479,0,104.616608858109,112.379166841507
150,60,"extreme",1267,4,"AMD EPYC 9B45",111.872573375702,21.3572454452515,246.862951517105,155.903772592545,21.9156301021576,21.8156435489655,22.1047115325928,601.832528114319,46.0886781215668,3.49368166923523,34.7392041683197,20.1597056388855,1.53810906410217,0.697822332382202,0,47.4010901451111,3.67287659645081,37.959582567215,19.6328885555267,1.57021975517273,0,0,106.717200994492,110.236657619476
150,60,"extreme",1268,4,"AMD EPYC 9B45",107.224758148193,21.409184217453,242.18946480751,150.313982248306,21.32652592659,20.6080703735352,21.3389050960541,584.410890817642,44.4407269954681,3.50739240646362,31.1080079078674,25.2584021091461,1.794353723526,0,0.774235486984253,47.3056988716125,3.43855786323547,43.4846830368042,22.6286637783051,2.03392386436462,0,0,106.883118629456,118.891527414322
150,60,"extreme",1269,4,"AMD EPYC 9B45",106.355552434921,21.2824592590332,239.369333267212,151.406162500381,20.9567031860352,21.4481427669525,20.9917523860931,581.810105800629,58.1951675415039,2.22879886627197,42.5096859931946,21.3492531776428,1.82495975494385,0,0.730735540390015,59.3214526176453,2.60789108276367,42.2755815982819,19.734546661377,2.07745981216431,0,0,126.838600873947,126.016931772232
150,60,"extreme",1270,4,"AMD EPYC 9B45",109.23463177681,21.8620178699493,239.10515999794,148.178591489792,21.0694320201874,20.7287900447845,21.0860204696655,581.264643669128,45.1857941150665,3.45221757888794,36.2943217754364,20.5158543586731,1.52269268035889,0,0.842221260070801,49.8766677379608,3.54405379295349,41.7069439888,18.9102687835693,2.0165901184082,0,1.03225159645081,107.813101768494,117.086776018143
150,60,"extreme",1271,4,"AMD EPYC 9B45",113.257759094238,23.3358869552612,245.622387170792,153.305594444275,22.6075844764709,21.4063575267792,21.9233820438385,601.458951711655,45.0226163864136,2.86484718322754,40.7801923751831,21.8954167366028,2.06599879264832,0,0,47.6685400009155,3.00131726264954,41.3001573085785,21.3933024406433,2.48868060112,0,0,112.629071474075,115.851997613907
150,60,"extreme",1272,4,"AMD EPYC 9B45",110.663316249847,21.8954954147339,241.760364532471,154.968632459641,22.7060933113098,20.8443658351898,22.3136518001556,595.151919603348,44.0171868801117,4.35142087936401,31.5593466758728,17.1800107955933,2.15837550163269,0.874582767486572,0,44.086300611496,4.71305513381958,36.7745518684387,17.3742361068726,2.31895279884338,0,0,100.140923500061,105.26709651947
150,60,"extreme",1273,4,"AMD EPYC 9B45",111.309650182724,22.4030621051788,258.323966264725,165.937064886093,22.815169095993,22.5122356414795,22.1859846115112,625.487132787704,52.6560158729553,3.71347069740295,34.441463470459,13.9923944473267,1.57380151748657,0,0.724472999572754,56.0523426532745,3.78078484535217,29.512378692627,15.9582438468933,2.0270848274231,0,1.10080218315125,107.101619005203,108.431637048721
150,60,"extreme",1274,4,"AMD EPYC 9B45",111.704183340073,22.2158269882202,248.423551082611,150.867120027542,22.3258943557739,21.6962776184082,22.1385354995728,599.371388912201,49.1352880001068,3.31959414482117,23.8475217819214,23.4047648906708,1.81277966499329,0,0,52.0251202583313,3.47835636138916,30.200309753418,18.6750359535217,2.15167450904846,0,0,101.519948482513,106.530496835709
150,60,"extreme",1275,4,"AMD EPYC 9B45",108.771652460098,21.381071805954,247.740578651428,150.896824836731,21.1844248771667,20.3569359779358,22.9977118968964,593.32920050621,50.347293138504,2.58351874351501,32.5234713554382,20.8035218715668,1.95306396484375,0,0,52.4533956050873,2.48318529129028,42.7787823677063,19.8472623825073,2.25419974327087,0,0,108.210869073868,119.816825389862
150,60,"extreme",1276,8,"Apple M1",117.328718185425,19.2183618545532,240.786826133728,138.687083005905,18.9281179904938,19.4366381168365,19.1448659896851,573.530611276627,51.7162618637085,3.23267483711243,42.8613059520721,23.601254940033,1.42103791236877,0,0,50.9340209960938,3.02716112136841,53.4169359207153,23.786817073822,1.73702001571655,0,0,122.832535505295,132.901955127716
150,60,"extreme",1277,8,"Apple M1",117.805191993713,19.849044084549,249.051817893982,141.028726100922,19.8195731639862,19.2642388343811,19.2931900024414,586.111782073975,53.9537580013275,3.40944290161133,58.0469560623169,12.4652919769287,1.59742212295532,0,0.736968040466309,49.5133111476898,2.91093802452087,74.7150268554688,15.4577147960663,1.70670604705811,0,1.0104660987854,130.209839105606,145.314162969589
150,60,"extreme",1278,8,"Apple M1",140.303631067276,23.0315170288086,306.87643289566,167.680805921555,22.0932018756866,21.1926431655884,21.3790040016174,702.557235956192,86.4833099842072,2.9471480846405,57.0457851886749,32.0345098972321,1.70214796066284,0,0,89.235297203064,6.57058215141296,65.2226829528809,26.7716150283813,1.77780604362488,0,0,180.212901115417,189.577983379364
150,60,"extreme",1279,8,"Apple M1",3822.43399500847,18.9875810146332,258.69727396965,150.365388154984,20.4518699645996,20.6409981250763,20.6919000148773,4312.26900625229,60.1780228614807,3.20817399024963,42.3238000869751,24.7782790660858,1.388179063797,1.04066610336304,0,58.1927969455719,3.02096199989319,42.9591979980469,20.115345954895,2.02864408493042,1.40133595466614,0,132.917121171951,127.718282938004
150,60,"extreme",1280,8,"Apple M1",782.976321935654,15.8791151046753,3636.70871901512,2037.87948799133,15.4953360557556,934.929542064667,18.8355360031128,7442.70405817032,49.6535849571228,2.35097312927246,604.15855383873,14.3891859054565,1.75564503669739,0.810321092605591,0,1007.78476691246,2.77069807052612,959.765357017517,13.5865471363068,2.00832414627075,0,0,673.118263959885,1985.91569328308
150,60,"extreme",1281,8,"Apple M1",125.899895906448,21.5587680339813,252.10563993454,154.11616897583,19.7461969852448,18.2597970962524,18.3937530517578,610.080219984055,62.3359441757202,2.56776905059814,48.3724808692932,15.6849429607391,1.15973782539368,0.788702964782715,0,66.5270750522614,2.44833993911743,59.4010398387909,12.0676019191742,1.65805912017822,0,0,130.909577846527,142.102115869522
150,60,"extreme",1282,8,"Apple M1",123.760936021805,19.2398891448975,1062.60256385803,130.498378992081,18.5698990821838,18.2096390724182,18.3354449272156,1391.21675109863,58.5026190280914,3.22818684577942,41.3240458965302,16.3654508590698,1.52451395988464,0,0,61.2067110538483,3.19123101234436,44.6432888507843,20.1348760128021,1.90636205673218,0,0,120.944816589355,131.082468986511
150,60,"extreme",1283,8,"Apple M1",220.471138000488,39.0218410491943,2064.25192284584,1290.37422609329,24.1470811367035,919.50551700592,23.5187261104584,4581.2904522419,66.142126083374,4.45933413505554,948.267463922501,722.656607866287,2.62671804428101,0,0,71.6538918018341,5.09378910064697,55.8247129917145,24.8642160892487,1.94147205352783,0,0,1744.1522500515,159.378082036972
300,60,"extreme",1234,4,"AMD EPYC 9B45",237.777899026871,51.0169789791107,473.048364639282,311.557423591614,47.2202672958374,46.5094513893127,46.7893061637878,1213.91969108582,113.934013128281,6.08576536178589,69.3852560520172,43.6366677284241,2.32186555862427,1.1816611289978,0,112.431546926498,5.0960578918457,85.7731897830963,39.7692134380341,2.88135576248169,1.48507833480835,0,236.54522895813,247.436442136765
300,60,"extreme",1235,4,"AMD EPYC 9B45",234.61998295784,52.9116282463074,472.083233118057,321.759929895401,48.241073846817,47.3600800037384,47.3919446468353,1224.367872715,90.6215753555298,7.36150145530701,101.183017253876,42.1351923942566,3.30951333045959,0,1.00618314743042,88.2747993469238,6.98919534683228,109.692524194717,44.3347191810608,3.78199434280396,0,0,245.616982936859,253.073232412338
300,60,"extreme",1236,4,"AMD EPYC 9B45",236.523314237595,51.8012063503265,489.720607995987,321.929553031921,48.8873107433319,47.3816561698914,46.5749440193176,1242.81859254837,109.076406955719,6.29106044769287,76.3746163845062,33.5075600147247,3.85483264923096,0.96699595451355,1.14591836929321,100.915367364883,5.95122385025024,108.58380651474,34.7108790874481,4.4871301651001,1.40202045440674,1.56505703926086,231.217390775681,257.615484476089
300,60,"extreme",1237,4,"AMD EPYC 9B45",238.856339931488,53.0714781284332,484.211067199707,338.05784535408,51.8348052501678,49.1416599750519,50.4144215583801,1265.58761739731,117.322303771973,5.91527462005615,73.5138223171234,38.0391020774841,3.49444460868835,0.997312068939209,1.1691038608551,117.198552370071,6.09788870811462,81.8690230846405,32.2882199287415,4.40770936012268,0,1.59862399101257,240.451363325119,243.460017442703
300,60,"extreme",1238,4,"AMD EPYC 9B45",234.358020067215,52.1784689426422,484.508942842484,316.930736780167,47.3636019229889,46.3113195896149,46.5062205791473,1228.15731072426,112.220676660538,6.58232355117798,76.9344742298126,40.9863793849945,2.3505687713623,0,0.995117425918579,110.579180240631,5.27131056785583,104.199884176254,36.4426972866058,2.90991711616516,0,1.48899960517883,240.069540023804,260.891988992691
300,60,"extreme",1239,4,"AMD EPYC 9B45",238.158039808273,51.331458568573,466.895456552505,313.156268835068,47.9484848976135,47.6612303256989,47.1511650085449,1212.30210399628,90.9263243675232,5.13195252418518,88.7979984283447,57.6661438941956,3.77800226211548,1.00194239616394,0,92.6891295909882,5.51283144950867,102.562052726746,47.5841271877289,4.39786124229431,1.45466780662537,0,247.302363872528,254.200670003891
300,60,"extreme",1240,4,"AMD EPYC 9B45",247.461943387985,54.3600318431854,491.305935144424,335.141965150833,50.0039811134338,48.8918294906616,50.960250377655,1278.12593650818,109.151006698608,4.81311464309692,93.7156548500061,45.2221994400024,3.61461424827576,0,0,112.609482526779,4.96515774726868,95.7601797580719,42.9354910850525,3.4477391242981,0,0,256.51658987999,259.71805024147
300,60,"extreme",1241,4,"AMD EPYC 9B45",240.376535177231,53.7323293685913,481.946018457413,327.956066608429,49.4478886127472,49.0329618453979,49.6454236507416,1252.13722372055,106.956387042999,7.18770432472229,74.7757391929626,41.7877333164215,2.58614087104797,0,0,112.858326673508,7.27890157699585,110.385733366013,32.9948227405548,2.84172511100769,0,0,233.293704748154,266.359509468079
300,60,"extreme",1242,4,"AMD EPYC 9B45",245.226858615875,55.3292646408081,502.943680286407,327.515048027039,49.2784075737,48.9091494083405,48.1365802288055,1277.33898878098,117.188123464584,6.39370536804199,64.8541779518127,33.2068204879761,3.50126266479492,1.1603147983551,0.973237991333008,118.394311904907,6.02024149894714,81.2843656539917,34.0935368537903,3.98771214485168,1.44231772422791,0,227.277642726898,245.222485780716
300,60,"extreme",1243,4,"AMD EPYC 9B45",234.177022695541,51.4170916080475,470.971545696259,324.245802164078,47.7095427513123,47.1709542274475,47.0417501926422,1222.73370933533,102.42439866066,4.36683416366577,102.691950321198,33.2264404296875,3.74243903160095,1.08516502380371,1.01741027832031,101.735435009003,4.21077537536621,113.832277297974,36.185685634613,3.69167447090149,0,1.52451467514038,248.554637908936,261.180362462997
300,60,"extreme",1244,4,"AMD EPYC 9B45",256.099083662033,54.4026844501495,483.46598315239,330.862059116364,49.5112023353577,50.2638258934021,50.1473371982574,1274.75217580795,119.85812330246,5.75659656524658,78.4022500514984,35.9558010101318,3.14238834381104,1.22435712814331,1.02496147155762,116.966585636139,5.62775373458862,92.2765924930573,30.0075993537903,3.72408938407898,1.65930223464966,1.50260424613953,245.364477872849,251.764527082443
300,60,"extreme",1245,4,"AMD EPYC 9B45",248.855161428452,54.6067631244659,483.62944817543,328.091924905777,49.6692998409271,48.7599992752075,47.6118547916412,1261.2244515419,124.318437099457,3.99633932113647,75.9490451812744,40.3300371170044,3.89298582077026,1.06865239143372,1.16371417045593,121.216601610184,3.95772099494934,84.5084271430969,36.3954050540924,4.24978280067444,1.52248334884644,1.60039448738098,250.719211101532,253.450815439224
300,60,"extreme",1246,4,"AMD EPYC 9B45",240.78142285347,51.7938230037689,476.706912517548,318.419042825699,47.7352464199066,47.3632678985596,48.3750243186951,1231.17473983765,104.979702234268,6.33085775375366,93.236091375351,34.7581758499146,2.66783905029297,0,0,111.686006307602,6.02306246757507,99.069849729538,31.9792106151581,2.77733683586121,0,0,241.97266626358,251.535465955734
300,60,"extreme",1247,4,"AMD EPYC 9B45",236.084995985031,52.6185431480408,472.682283401489,318.840021133423,46.4882032871246,46.0916156768799,45.5350439548492,1218.34070658684,108.6525785923,5.2388973236084,97.7794115543365,29.1356072425842,3.90324568748474,0,1.03326773643494,107.021855831146,5.06284332275391,113.624368190765,27.9301407337189,4.49600720405579,0,1.51022100448608,245.743008136749,259.645436286926
300,60,"extreme",1248,4,"AMD EPYC 9B45",243.33579659462,52.249294757843,463.743974685669,319.357453346252,47.68745470047,46.8048434257507,47.894914150238,1221.07373166084,104.675703763962,6.46358299255371,87.2525796890259,38.5683498382568,2.64684343338013,0,0,100.851326704025,6.49070024490356,95.0292444229126,38.3632066249847,3.04187703132629,0,0,239.607059717178,243.776355028152
300,60,"extreme",1249,4,"AMD EPYC 9B45",235.621017694473,53.637069940567,468.827466964722,317.993787288666,47.4404993057251,47.21333527565,48.4935104846954,1219.2266869545,110.103935003281,5.20415234565735,92.5107624530792,33.2486472129822,3.58612370491028,0,0,113.940757513046,4.72816109657288,93.8657474517822,38.6076552867889,3.92701721191406,0,0,244.65362071991,255.069338560104
300,60,"extreme",1250,4,"AMD EPYC 9B45",241.397316455841,53.4381339550018,489.361399412155,322.168100357056,48.1496906280518,46.7555034160614,47.419383764267,1248.68952798843,112.85814166069,9.19198536872864,64.0740602016449,26.0755255222321,3.14777517318726,0.960150480270386,1.1402702331543,111.081699132919,7.23482608795166,78.9205541610718,26.9415280818939,3.86640453338623,1.38656163215637,1.58196711540222,217.447908639908,231.013540744781
300,60,"extreme",1251,4,"AMD EPYC 9B45",233.61075091362,52.6896622180939,485.816636323929,318.411111593246,48.4205713272095,46.3905460834503,47.4317343235016,1232.77101278305,112.727469921112,5.55087685585022,77.4074258804321,39.831812620163,3.32354784011841,0,1.06455373764038,108.119835853577,4.8031051158905,95.9928350448608,45.0789456367493,3.95520782470703,0,1.47007274627686,239.905686855316,259.420002222061
300,60,"extreme",1252,4,"AMD EPYC 9B45",231.327521085739,51.0435297489166,479.489880800247,326.56783914566,47.6237058639526,46.2943208217621,46.3703012466431,1228.71709871292,107.929580450058,4.96894359588623,71.2623546123505,46.5317914485931,2.93431830406189,0,1.29268097877502,113.764437675476,5.06314635276794,77.8847243785858,46.651230096817,3.40457987785339,0,1.61446976661682,234.919669389725,248.382588148117
300,60,"extreme",1253,4,"AMD EPYC 9B45",233.183492898941,50.8116533756256,471.251110315323,320.470786333084,48.8028149604797,49.9952392578125,50.7413096427917,1225.25640678406,125.196216583252,5.60068964958191,77.4272899627686,42.2899193763733,3.56824445724487,1.05318641662598,1.17750787734985,113.965404272079,4.85186243057251,99.801593542099,46.764310836792,4.07999157905579,1.51402759552002,0,256.313054323196,270.977190256119
300,60,"extreme",1254,4,"AMD EPYC 9B45",232.350961923599,50.9067142009735,475.612369298935,359.931200265884,53.0299773216248,53.8749520778656,55.8827676773071,1281.58894276619,100.553473472595,5.86645889282227,100.854287862778,42.1827652454376,2.990966796875,1.05388569831848,0,98.5821220874786,5.67104387283325,105.634829998016,45.7788510322571,3.87543439865112,1.61833333969116,0,253.501837968826,261.160614728928
300,60,"extreme",1255,4,"AMD EPYC 9B45",246.81472992897,54.4640877246857,490.050589799881,337.558265686035,50.3297507762909,47.8190631866455,47.4854216575623,1274.52190876007,105.506010293961,6.61570811271667,93.8236618041992,38.5136342048645,2.7023446559906,0,0,105.781667947769,6.87739014625549,100.342349052429,33.6478731632233,2.883873462677,0,0,247.161359071732,249.533153772354
300,60,"extreme",1256,4,"AMD EPYC 9B45",241.209724187851,52.7931756973267,477.536085605621,331.82070016861,49.406418800354,47.1243574619293,49.0738482475281,1248.96431016922,114.737706422806,6.50792837142944,83.0873045921326,36.6949524879456,2.5553731918335,1.33963298797607,0.991827249526978,113.809366464615,6.24091219902039,99.7781462669373,34.6601729393005,3.15863943099976,1.57178235054016,0,245.91472530365,259.219019651413
300,60,"extreme",1257,4,"AMD EPYC 9B45",248.199593544006,52.7779688835144,477.608146905899,341.474067687988,50.9551751613617,49.4276428222656,49.3740725517273,1269.81666755676,114.939203023911,6.17405772209167,86.3557677268982,28.7909543514252,3.49434757232666,0,0,111.588219404221,6.80417513847351,94.9890732765198,30.322943687439,3.75884032249451,0,0,239.754330396652,247.463251829147
300,60,"extreme",1258,4,"AMD EPYC 9B45",235.042015790939,52.2484304904938,467.450953960419,315.493024349213,47.94948554039,47.089980840683,47.5132777690887,1212.78716874123,100.524679660797,6.16780376434326,84.6579723358154,45.0226604938507,2.78404068946838,0,0,101.921533584595,5.83738112449646,97.2520859241486,38.3329057693481,3.33041477203369,0,0,239.157156944275,246.674321174622
300,60,"extreme",1259,4,"AMD EPYC 9B45",241.639251708984,53.9320549964905,471.745138645172,338.218515872955,47.8714866638184,47.7075297832489,49.1754777431488,1250.28945541382,111.514161348343,5.73970317840576,81.2686882019043,48.2329416275024,2.60466909408569,1.207763671875,0,110.822775840759,4.84582614898682,98.4709656238556,45.0940120220184,2.86385107040405,1.65049695968628,0,250.567927122116,263.74792766571
300,60,"extreme",1260,4,"AMD EPYC 9B45",271.67502784729,58.658294916153,492.572407245636,330.594863653183,48.1383333206177,45.8824286460876,47.7263305187225,1295.24768614769,111.507702589035,5.30858755111694,86.690256357193,38.6838674545288,3.38665342330933,0,0,117.466215133667,4.53125762939453,97.0935065746307,38.32528424263,3.62946391105652,0,0,245.577067375183,261.045727491379
300,60,"extreme",1261,4,"AMD EPYC 9B45",238.707526683807,52.1101744174957,478.90590596199,321.169004440308,48.2368631362915,46.4280390739441,47.7224953174591,1233.2800090313,101.121616363525,4.08961153030396,97.6854774951935,49.7838337421417,3.09448647499084,0,0,114.713750123978,4.24463677406311,105.319206953049,37.7107672691345,3.50053691864014,0,0,255.775025606155,265.488898038864
300,60,"extreme",1262,4,"AMD EPYC 9B45",234.487350702286,52.6349494457245,475.609315395355,319.953500032425,47.7991576194763,45.0256786346436,48.7627818584442,1224.27273368835,116.67999124527,7.20271992683411,49.8358051776886,38.719085931778,2.44321894645691,0,0.972325086593628,122.073838949203,7.41731381416321,62.842360496521,32.0804073810577,2.76168775558472,0,0,215.853146314621,227.17560839653
300,60,"extreme",1263,4,"AMD EPYC 9B45",235.396829843521,52.744841337204,478.459251403809,325.064237833023,48.2736558914185,46.4563596248627,47.4637818336487,1233.85895776749,99.9903652667999,5.82674789428711,90.0213794708252,40.7138252258301,3.50601840019226,1.02076601982117,0.986433267593384,105.893217802048,5.37913846969604,104.72408747673,33.1863157749176,3.76478600502014,1.47340703010559,1.41265082359314,242.065535545349,255.833603382111
300,60,"extreme",1264,4,"AMD EPYC 9B45",232.675161361694,52.6405446529388,477.671448707581,324.517601728439,48.4817612171173,46.7664246559143,47.7220466136932,1230.47498893738,120.57041478157,6.23454594612122,65.3016066551208,35.6068198680878,2.95564675331116,0.97098183631897,0,123.055684566498,6.67579317092896,66.1902990341187,32.4692947864532,3.34187340736389,1.38602757453918,0,231.64001584053,233.118972539902
300,60,"extreme",1265,4,"AMD EPYC 9B45",240.125297307968,52.463517665863,479.873042821884,318.710635185242,47.2836935520172,47.5242159366608,47.0418841838837,1233.02228665352,94.9386577606201,6.71963024139404,88.1793282032013,39.8728168010712,3.39322257041931,1.00013566017151,0,94.4685437679291,6.93547368049622,91.7450087070465,41.3747789859772,3.9338812828064,0,0,234.103791236877,238.457686424255
300,60,"extreme",1266,4,"AMD EPYC 9B45",240.429848432541,52.4639360904694,470.952654361725,323.156703472137,48.5579688549042,46.719890832901,47.7525629997253,1230.0335650444,114.788619041443,6.39617991447449,74.6572227478027,29.1518161296844,3.05578589439392,0,1.0273654460907,114.237974882126,5.95134711265564,90.175309419632,31.6216299533844,3.47095394134521,0,0,229.076989173889,245.457215309143
300,60,"extreme",1267,4,"AMD EPYC 9B45",258.403404712677,53.0868773460388,498.729640007019,337.27950501442,49.7170283794403,47.8024001121521,47.9385795593262,1292.95743513107,115.803137779236,7.25028538703918,59.2675805091858,36.3269591331482,2.56477189064026,0.996844530105591,1.00034809112549,109.920788526535,7.01103115081787,68.8093857765198,48.3449492454529,3.21341991424561,1.48102736473083,0,223.20992732048,238.780601978302
300,60,"extreme",1268,4,"AMD EPYC 9B45",241.947335004807,57.1978001594543,487.084113359451,340.385043144226,49.8516716957092,48.5626299381256,49.4513909816742,1274.47998428345,99.5470929145813,6.01631617546082,71.8050293922424,60.9379699230194,2.99429106712341,0,0,101.515533447266,6.22709131240845,85.4332401752472,58.7497117519379,3.4903130531311,0,0,241.300699472427,255.41588973999
300,60,"extreme",1269,4,"AMD EPYC 9B45",240.175534963608,53.1351752281189,473.360819339752,318.317174434662,46.8946316242218,46.9245080947876,47.8640818595886,1226.67192554474,115.285770654678,4.88561463356018,89.874871969223,40.615754365921,2.30446434020996,0,1.03092432022095,110.207067489624,4.41004180908203,93.5781605243683,49.9421441555023,2.63035655021667,0,0,253.997400283813,260.767770528793
300,60,"extreme",1270,4,"AMD EPYC 9B45",234.010703086853,52.0271270275116,485.918663740158,348.922945022583,51.5429933071136,48.3475291728973,49.6013181209564,1270.37127947807,99.6616797447205,7.11161971092224,99.9204392433167,46.6402926445007,3.72273683547974,0,1.16316056251526,107.726388692856,6.72795748710632,106.644110202789,36.6145632266998,3.55840063095093,0,1.59756517410278,258.219928741455,262.868985414505
300,60,"extreme",1271,4,"AMD EPYC 9B45",245.164552927017,53.6233341693878,507.779610157013,330.41181230545,48.8532781600952,47.4455139636993,48.4388012886047,1281.71690297127,102.757012844086,6.63342905044556,70.9443752765656,50.590304851532,2.85315942764282,0.968454360961914,0.984542608261108,102.208752632141,6.84993100166321,78.0401744842529,51.4686906337738,3.29960107803345,1.40526866912842,1.40920066833496,235.731278419495,244.681619167328
300,60,"extreme",1272,4,"AMD EPYC 9B45",262.040044784546,55.7254359722137,486.924346446991,348.707671880722,51.2708971500397,49.1154580116272,51.2361032962799,1305.01995754242,104.037117242813,6.84910416603088,78.6995317935944,50.6735191345215,3.5719199180603,1.03295946121216,1.04940700531006,104.005393981934,6.51275491714478,90.9979655742645,44.7379605770111,4.04813146591187,1.53191590309143,1.51202249526978,245.913558721542,253.346144914627
300,60,"extreme",1273,4,"AMD EPYC 9B45",248.868164777756,55.037624835968,492.178088665009,339.248915433884,50.9043519496918,48.1448998451233,48.80606341362,1283.18810892105,110.84792470932,7.35532331466675,63.3878161907196,40.5533554553986,3.10959720611572,0,0,116.639553070068,6.88099050521851,74.4159772396088,36.1569645404816,3.00896859169006,0,0,225.254016876221,237.102453947067
300,60,"extreme",1274,4,"AMD EPYC 9B45",241.835004806519,55.6146397590637,489.185741901398,331.928824186325,48.7077367305756,48.0989520549774,50.8201575279236,1266.19105696678,110.796429157257,6.39828538894653,79.6589205265045,37.0172340869904,3.00506067276001,0,1.04835247993469,113.345094680786,5.95674014091492,91.788774728775,39.7859225273132,3.49853539466858,0,0,237.924282312393,254.375067472458
300,60,"extreme",1275,4,"AMD EPYC 9B45",247.851760625839,52.289959192276,498.445204973221,340.774186372757,49.5379257202148,49.2220499515533,49.4939415454865,1287.61502838135,102.797219276428,6.16228055953979,84.9441480636597,44.8235232830048,3.25055503845215,1.03180646896362,0.990200281143188,107.033079624176,5.70604348182678,103.036505937576,42.5599274635315,3.37339854240417,0,1.51379418373108,243.999732971191,263.222749233246
300,60,"extreme",1276,8,"Apple M1",223.500859975815,37.8151741027832,459.535270929337,276.87456202507,37.6500010490417,36.8743999004364,37.4038348197937,1109.65410280228,1199.2283539772,920.619697093964,764.417350053787,50.6582601070404,2.59380221366882,2.08910012245178,0,345.613803863525,21.7839500904083,320.937533140182,107.181343078613,8.49953413009644,5.15501189231873,0,2939.60656356812,809.171176195145
300,60,"extreme",1277,8,"Apple M1",228.405447006226,38.5143990516663,551.437614917755,298.127899885178,39.11781001091,38.5198729038239,38.354309797287,1232.47735357285,114.090620040894,6.51044702529907,81.7464518547058,42.2893190383911,2.97397398948669,0,1.0842490196228,113.218984127045,5.35534715652466,86.6244101524353,39.5641870498657,3.34762406349182,0,1.43875908851624,248.695060968399,249.549311637878
300,60,"extreme",1278,8,"Apple M1",248.253074169159,41.6595189571381,504.285840988159,2368.07720184326,37.0784149169922,36.7168519496918,37.0175971984863,3273.08850002289,117.767564058304,5.34864902496338,77.7577340602875,32.7529218196869,2.51805400848389,0.981551170349121,0,119.463706016541,5.98942995071411,89.6985049247742,32.283096075058,2.90270304679871,1.35281491279602,0,237.126474142075,251.690254926682
300,60,"extreme",1279,8,"Apple M1",227.782770872116,37.3330638408661,482.546039104462,296.52945804596,39.3224761486053,39.8650531768799,39.8495020866394,1163.22836327553,118.097043991089,5.70363092422485,100.793249130249,41.3326508998871,2.47737884521484,0,1.07233905792236,124.022994995117,5.86774611473083,99.3152229785919,34.5927560329437,2.86830806732178,0,1.4598400592804,269.476292848587,268.126868247986
300,60,"extreme",1280,8,"Apple M1",232.969063997269,39.9908401966095,1263.09322309494,281.848767995834,39.6181900501251,38.5233159065247,38.529011964798,1934.5724132061,114.862280845642,6.18004298210144,72.6881628036499,41.835382938385,2.80194306373596,0.979527950286865,0.950037002563477,117.986258029938,6.40468382835388,80.0627620220184,35.724818944931,3.23730111122131,0,1.34993886947632,240.297377586365,244.765762805939
300,60,"extreme",1281,8,"Apple M1",258.323825120926,46.4656460285187,534.535994052887,298.418066978455,39.1896839141846,37.9682490825653,39.2137949466705,1254.11526012421,124.606359004974,5.52222490310669,78.0343561172485,48.5721402168274,1.96994805335999,0,1.07413911819458,134.618211984634,4.88463592529297,95.3062899112701,39.4152960777283,2.75893497467041,0,1.52003693580627,259.779167413712,278.503405809402
300,60,"extreme",1282,8,"Apple M1",270.258627891541,46.1413969993591,574.491345882416,324.10679602623,46.417897939682,45.3309900760651,45.3719770908356,1352.11903190613,130.516237974167,6.05532813072205,107.601240873337,52.6558408737183,3.27325391769409,0,1.10069298744202,128.058090209961,6.24728894233704,121.26797914505,56.4792499542236,3.53971099853516,0,1.51203799247742,301.20259475708,317.104357242584
300,60,"extreme",1283,8,"Apple M1",387.149791955948,64.0273940563202,793.248309850693,453.593216896057,63.3510091304779,54.3872120380402,61.789057970047,1877.54599189758,594.92909693718,12.2594101428986,1068.90265393257,62.5380311012268,3.90365815162659,0,1.60167002677917,159.408511161804,11.0060169696808,1011.51782512665,56.2451770305634,3.22546195983887,0,0,1744.13452029228,1241.40299224854
150,120,"extreme",1234,4,"AMD EPYC 9B45",236.722440004349,54.6832156181335,567.44154214859,324.73554110527,47.0396564006805,45.1541655063629,45.5926535129547,1321.36921429634,116.769334554672,5.56455612182617,86.3690869808197,46.1554918289185,1.00798296928406,0,0,119.789094209671,5.34459924697876,86.202446937561,41.7909283638,1.35888743400574,0,0,255.866452455521,254.485956192017
150,120,"extreme",1235,4,"AMD EPYC 9B45",220.967093229294,47.4773216247559,522.137829303741,302.024876356125,44.2398161888123,41.4707231521606,41.5574152469635,1219.87507510185,91.2257025241852,4.8166172504425,106.934526443481,47.4679925441742,3.82220697402954,0,0,91.4519112110138,4.44121074676514,126.272819519043,37.7980918884277,4.01408863067627,0,0,254.267045736313,263.978121995926
150,120,"extreme",1236,4,"AMD EPYC 9B45",226.142017364502,48.6474707126617,537.557606458664,303.749269962311,43.8901450634003,42.1617045402527,41.6955480575562,1243.84376215935,105.998066902161,4.51494264602661,59.575070142746,51.3884406089783,3.03579092025757,0.862933397293091,0,109.320102930069,4.68930768966675,70.8187456130981,46.5200212001801,3.37376117706299,1.42174077033997,0,225.375244617462,236.143679380417
150,120,"extreme",1237,4,"AMD EPYC 9B45",218.909495592117,47.3543608188629,514.215417861938,303.437650203705,41.4255821704865,41.9301404953003,41.307785987854,1208.58043313026,103.7229783535,4.12119317054749,62.7842621803284,52.2151262760162,3.09687995910645,0.842034339904785,0.847090482711792,104.483434438705,3.6670126914978,70.530505657196,57.3069286346436,3.40132737159729,1.25244569778442,0,227.629564762115,240.641654491425
150,120,"extreme",1238,4,"AMD EPYC 9B45",216.431366443634,47.725723028183,509.628782749176,304.195813894272,43.4018094539642,41.9056036472321,41.5621631145477,1204.85126233101,108.74681520462,4.64828300476074,89.877667427063,40.7006063461304,1.28683853149414,0,0.846152782440186,108.878371953964,4.80726337432861,104.361597776413,35.8425533771515,1.58923101425171,0,1.20727920532227,246.106363296509,256.686296701431
150,120,"extreme",1239,4,"AMD EPYC 9B45",214.091469526291,46.5112156867981,512.476230382919,299.898338079453,44.6096978187561,40.3153924942017,40.5688915252686,1198.47123551369,91.9647207260132,4.27159237861633,106.86402964592,45.6107835769653,3.08848977088928,0,0,92.5042490959167,4.05929923057556,121.099056482315,42.8268980979919,3.13618850708008,0,0,251.799616098404,263.625691413879
150,120,"extreme",1240,4,"AMD EPYC 9B45",228.059093236923,49.8887391090393,546.888101100922,319.217069149017,45.5091536045074,43.5574722290039,42.8973865509033,1276.01701498032,117.612695455551,4.62273621559143,73.0307338237762,40.7515640258789,3.18902206420898,0.860842943191528,0,117.961289167404,4.07838559150696,78.7608125209808,40.4877531528473,3.76113295555115,1.276695728302,0,240.067594528198,246.326069116592
150,120,"extreme",1241,4,"AMD EPYC 9B45",221.719423294067,50.0117967128754,525.361530542374,320.759942770004,44.790269613266,43.6711957454681,44.6306431293488,1250.9448018074,97.4801156520844,5.45665454864502,96.8879663944244,45.0316143035889,2.55561184883118,0,0,104.140346050262,5.22907471656799,106.945231676102,38.5882723331451,2.83281517028809,0,0,247.411962747574,257.735739946365
150,120,"extreme",1242,4,"AMD EPYC 9B45",221.158456087112,49.5883545875549,523.692880392075,313.505436897278,45.3222839832306,42.6182773113251,42.8678789138794,1238.75356817245,106.236381053925,5.28548455238342,85.3943102359772,48.220988035202,2.33065223693848,0,0,111.085900306702,5.07687902450562,91.9691500663757,35.4045958518982,2.88856220245361,0,0,247.467816114426,246.425087451935
150,120,"extreme",1243,4,"AMD EPYC 9B45",219.726446151733,46.2136907577515,507.697128534317,297.346456050873,43.7332234382629,41.1512446403503,42.0602059364319,1197.92839550972,101.900772571564,5.142258644104,45.3650631904602,57.7129142284393,3.11322093009949,0,0,104.607673168182,4.80284953117371,58.3930063247681,57.1995379924774,3.07312393188477,0,0,213.234229564667,228.076190948486
150,120,"extreme",1244,4,"AMD EPYC 9B45",229.243592262268,49.8437650203705,553.278380870819,317.330270051956,46.107293844223,44.8192336559296,43.8400945663452,1284.46263027191,118.439791202545,5.79495930671692,70.9400589466095,34.403678894043,3.38987803459167,0,0,126.588599443436,5.280353307724,79.8631446361542,28.3774571418762,3.82832384109497,0,0,232.968366384506,243.937878370285
150,120,"extreme",1245,4,"AMD EPYC 9B45",225.584686756134,51.3780641555786,526.580707073212,312.011566877365,45.4100098609924,42.4956767559052,42.9737176895142,1246.4344291687,100.400622367859,4.14616537094116,99.7235226631165,47.387779712677,3.34952139854431,0,0,101.930241346359,4.23993420600891,90.6146702766418,47.3941459655762,3.86038041114807,1.2832248210907,0,255.007611513138,249.322597026825
150,120,"extreme",1246,4,"AMD EPYC 9B45",227.309345006943,50.6339242458344,521.494757175446,313.410269021988,44.9267272949219,42.6054012775421,42.9290800094604,1243.30950403214,104.073897600174,5.12412166595459,85.4914970397949,36.6011581420898,3.16632199287415,0,0,96.3890211582184,5.23999404907227,91.0469813346863,41.3764050006866,3.68268084526062,0,0,234.456996440887,237.735082387924
150,120,"extreme",1247,4,"AMD EPYC 9B45",219.249761104584,47.2178609371185,507.038023471832,306.747977495193,42.9136669635773,42.5666902065277,42.0678293704987,1207.80180954933,94.2379217147827,5.01789522171021,117.967346668243,29.2048840522766,3.03250980377197,0,0,97.3701145648956,5.04231929779053,125.107152938843,32.6993691921234,2.9192898273468,0,0,249.460557460785,263.138245820999
150,120,"extreme",1248,4,"AMD EPYC 9B45",219.526313781738,50.0863535404205,501.711349725723,312.749086141586,44.3054461479187,41.1081936359406,42.0058047771454,1211.49254775047,104.961461305618,6.24087882041931,86.2489223480225,33.3812482357025,2.28968238830566,0,0.806441307067871,103.905967235565,5.56059217453003,90.9446167945862,35.8050060272217,2.55588269233704,0,1.19453263282776,233.928634405136,239.966597557068
150,120,"extreme",1249,4,"AMD EPYC 9B45",219.689271450043,46.8849649429321,501.349437952042,305.532024145126,43.6070601940155,39.9264190196991,41.2310659885406,1198.2202436924,102.751512289047,4.98672008514404,80.1637225151062,47.4630267620087,2.44811320304871,0,0.852874279022217,101.17903470993,4.40683245658875,98.8330912590027,43.8876876831055,2.59543323516846,0,1.23286914825439,238.665969133377,252.13494849205
150,120,"extreme",1250,4,"AMD EPYC 9B45",221.637845754623,47.7892062664032,520.484519481659,312.47661280632,44.4927248954773,41.348667383194,41.6596310138702,1229.88920760155,116.254576921463,6.81657862663269,64.6209304332733,26.5676951408386,2.86559200286865,0,0,119.577395677567,6.0728645324707,83.9935693740845,21.8309299945831,3.30976486206055,0,0,217.125373125076,234.784524440765
150,120,"extreme",1251,4,"AMD EPYC 9B45",219.480383872986,46.9867513179779,508.156450986862,306.54413318634,44.5923066139221,41.4661784172058,41.8062338829041,1209.0324382782,116.173451662064,4.32630586624146,76.5773479938507,29.93288230896,3.06157279014587,0,1.06400227546692,121.554434299469,4.18482780456543,91.3375363349915,22.5720429420471,3.48618602752686,0,1.40902233123779,231.135562896729,244.544049739838
150,120,"extreme",1252,4,"AMD EPYC 9B45",216.834167957306,47.3076605796814,503.537454128265,306.638690710068,42.6628434658051,40.7851724624634,41.0940499305725,1198.86003923416,112.16649889946,4.20820260047913,60.3451066017151,49.9668979644775,2.5256609916687,1.07362270355225,0,110.032839298248,4.27971386909485,60.0388119220734,48.4781622886658,3.16236329078674,1.46064758300781,0,230.285989761353,227.452538251877
150,120,"extreme",1253,4,"AMD EPYC 9B45",223.370444297791,47.9742243289948,511.354306697845,304.977617025375,44.0409893989563,42.1840391159058,41.3995380401611,1215.30115890503,95.9899520874023,4.72410440444946,73.7783174514771,46.2299602031708,3.96002745628357,0,0,101.091520547867,4.80287671089172,84.4979276657104,38.9460370540619,4.30092644691467,0,0,224.682361602783,233.639288425446
150,120,"extreme",1254,4,"AMD EPYC 9B45",217.339224338531,49.3847472667694,529.980678319931,310.828052759171,43.9544949531555,41.041038274765,42.0844359397888,1234.61267185211,88.5041823387146,5.31061124801636,104.007087469101,45.5779886245728,2.76753664016724,0,0.867646217346191,93.2681338787079,5.13893723487854,124.390439510345,46.6833426952362,3.72807383537292,0,1.49128580093384,247.035052537918,274.700212955475
150,120,"extreme",1255,4,"AMD EPYC 9B45",253.281059026718,50.168487071991,504.211209058762,314.631680250168,44.9020721912384,42.1280641555786,41.8534688949585,1251.17604064941,105.728133678436,5.83244490623474,75.8118555545807,49.1038708686829,2.31911659240723,0,0.888685941696167,102.500954866409,5.35949110984802,96.3621509075165,46.148695230484,2.77947759628296,0,1.55524182319641,239.684107542038,254.706011533737
150,120,"extreme",1256,4,"AMD EPYC 9B45",217.052562475204,46.9984657764435,522.245330810547,310.853159427643,42.4857001304626,41.3094041347504,41.754700422287,1222.69932317734,108.074333906174,3.72810673713684,84.1751534938812,34.5073084831238,3.3731677532196,0,0.844115972518921,115.201226711273,3.88689923286438,97.2430975437164,28.1424520015717,3.81392312049866,0,1.22799730300903,234.702186346054,249.515595912933
150,120,"extreme",1257,4,"AMD EPYC 9B45",223.938416481018,48.8731861114502,532.674812316895,322.874936103821,44.4162893295288,42.6543807983398,41.9737069606781,1257.40572810173,114.965354919434,4.73945665359497,54.0365831851959,48.2289714813232,3.04004001617432,0.843470573425293,0,115.613637685776,5.2124240398407,60.1410691738129,40.516902923584,3.38399577140808,1.23259425163269,0,225.853876829147,226.100623846054
150,120,"extreme",1258,4,"AMD EPYC 9B45",215.066874980927,46.00759100914,504.582136392593,306.675293207169,45.1089923381805,41.3527195453644,41.0577540397644,1199.85136151314,105.813453674316,6.21147060394287,121.127107620239,29.7156412601471,2.52200889587402,0,0,106.992909908295,6.48441600799561,113.346707105637,28.4347653388977,2.64355516433716,0,0,265.38968205452,257.902353525162
150,120,"extreme",1259,4,"AMD EPYC 9B45",219.179438829422,46.4940640926361,511.339610338211,306.002338647842,43.0462732315063,40.7645332813263,41.2626326084137,1208.08889102936,95.9323921203613,4.46253800392151,94.9708523750305,53.9824576377869,2.53530526161194,0,0,96.7294707298279,4.54693055152893,97.6607418060303,52.6068894863129,2.95940828323364,0,0,251.883545398712,254.503440856934
150,120,"extreme",1260,4,"AMD EPYC 9B45",234.499204397202,52.2248344421387,557.282521247864,317.616639137268,43.7813093662262,41.5513107776642,41.5182249546051,1288.47404432297,107.278841257095,3.54585313796997,104.644438266754,43.032231092453,2.8455958366394,0,0,101.535552978516,3.53387546539307,104.967048406601,45.490222454071,3.29985094070435,0,1.27120590209961,261.346959590912,260.097756147385
150,120,"extreme",1261,4,"AMD EPYC 9B45",221.815314292908,47.912314414978,521.991590261459,305.480432033539,43.7045071125031,40.3629369735718,41.4541218280792,1222.72121691704,106.564972639084,4.11953783035278,107.410400390625,33.2356617450714,2.87331461906433,0,1.02456068992615,111.432956695557,4.03776335716248,113.86934709549,27.4839842319489,2.95347309112549,0,1.22533774375916,255.228447914124,261.002862215042
150,120,"extreme",1262,4,"AMD EPYC 9B45",215.741167545319,47.2194993495941,522.262972354889,300.709281921387,43.776707649231,42.1380066871643,41.7179367542267,1213.56557226181,111.90173125267,5.06626057624817,84.7720563411713,28.2337083816528,2.53030896186829,0,0.835646390914917,117.67774939537,5.33994770050049,77.2908251285553,26.7497916221619,2.79903984069824,0,1.22985482215881,233.339711904526,231.087208509445
150,120,"extreme",1263,4,"AMD EPYC 9B45",223.186288833618,46.6961784362793,517.930430412292,306.47481918335,45.3240368366241,41.4339642524719,41.646534204483,1222.69225215912,99.8744387626648,6.8848831653595,89.3864188194275,33.5052292346954,2.55252480506897,0,0,93.9690165519714,5.97449588775635,106.62903213501,39.4540677070618,2.86592245101929,0,0,232.203494787216,248.892534732819
150,120,"extreme",1264,4,"AMD EPYC 9B45",219.560481309891,48.4140429496765,509.277425527573,304.95078587532,43.4946088790894,42.2482328414917,42.0372822284698,1209.98285961151,118.199101686478,4.15506267547607,34.3345122337341,52.1674335002899,3.07694244384766,0,0.881354808807373,118.423822164536,4.21887516975403,50.9735088348389,47.4397258758545,3.49370193481445,0,0,212.814407348633,224.549633979797
150,120,"extreme",1265,4,"AMD EPYC 9B45",220.747247457504,46.3766736984253,510.927991628647,307.001944541931,44.7284076213837,41.0785963535309,42.7885355949402,1213.64939689636,105.601178884506,6.04047727584839,63.449533700943,38.6758980751038,3.33040499687195,0,0,105.697486162186,6.08000683784485,79.9918758869171,31.3866906166077,3.71333122253418,0,0,217.097492933273,226.869390726089
150,120,"extreme",1266,4,"AMD EPYC 9B45",220.474883794785,45.3864676952362,513.39328956604,308.649003982544,43.635115146637,40.7213850021362,40.2781291007996,1212.53827428818,106.707652330399,5.62966752052307,89.3762345314026,26.6881949901581,3.57199382781982,0,0,118.557850122452,4.83208465576172,92.7793419361115,23.2489347457886,3.62146854400635,0,0,231.973743200302,243.03968000412
150,120,"extreme",1267,4,"AMD EPYC 9B45",222.090958833694,47.7446587085724,524.210275411606,315.855122089386,44.978658914566,41.2173709869385,42.1140556335449,1238.21110057831,95.8330385684967,5.15052533149719,90.6696112155914,35.0562493801117,3.89196348190308,0.869246006011963,0,94.5554537773132,4.80340790748596,94.5137288570404,37.4711184501648,4.57382249832153,1.27677822113037,0,231.470633983612,237.194309711456
150,120,"extreme",1268,4,"AMD EPYC 9B45",242.956706762314,52.5843057632446,552.541110277176,338.954903364182,48.0937957763672,45.9601449966431,46.427928686142,1327.51889562607,107.523671388626,5.4733510017395,91.2044675350189,48.3453886508942,2.28483462333679,0.868432998657227,0.883012533187866,104.938890457153,4.98903894424438,86.5667674541473,43.6634423732758,2.66029000282288,1.28107285499573,1.48629856109619,256.583158731461,245.585800647736
150,120,"extreme",1269,4,"AMD EPYC 9B45",217.760071516037,47.0253608226776,516.491166830063,312.309623003006,43.7916598320007,41.4174311161041,42.9084432125092,1221.7037563324,107.757072925568,4.40069699287415,70.9286558628082,52.9413192272186,2.58198285102844,0,1.10257959365845,108.162632703781,4.32514071464539,76.0798714160919,49.9568877220154,3.14992356300354,0,1.48045873641968,239.712307453156,243.154914855957
150,120,"extreme",1270,4,"AMD EPYC 9B45",226.746402263641,49.2416796684265,516.468422889709,314.351413488388,45.8446319103241,43.9084179401398,49.1405003070831,1245.70146846771,104.335195541382,5.10228419303894,97.9722402095795,58.494683265686,3.65805459022522,0,0,104.76081943512,5.79787373542786,85.5192968845367,52.3709077835083,4.14799213409424,0,0,269.562457799911,252.596889972687
150,120,"extreme",1271,4,"AMD EPYC 9B45",223.681185722351,49.0580062866211,551.149148225784,319.396001577377,43.4939515590668,42.2061901092529,42.622391462326,1271.60687494278,100.856085062027,4.78868722915649,77.3439245223999,51.3945286273956,2.89436817169189,0,1.07642984390259,108.010281085968,5.21030354499817,78.0982947349548,41.6433992385864,3.24048066139221,0,1.40805268287659,238.354023456573,237.610811948776
150,120,"extreme",1272,4,"AMD EPYC 9B45",232.44695186615,50.8812079429626,559.290249109268,334.647297382355,46.3952422142029,42.871734380722,44.1344857215881,1310.66716861725,99.5107483863831,5.68675494194031,78.0212309360504,56.5201282501221,1.78096294403076,0.859047889709473,0,102.396034955978,5.92423939704895,71.0800044536591,55.2563152313232,2.03984451293945,1.23798871040344,1.26065373420715,242.378873348236,239.19508099556
150,120,"extreme",1273,4,"AMD EPYC 9B45",239.842028141022,51.7687244415283,528.010592460632,326.886251449585,45.0338542461395,41.8102471828461,43.6980776786804,1277.04977560043,107.872566699982,4.61182594299316,69.6242032051086,56.360940694809,2.62044763565063,0,0,110.160641670227,4.86242508888245,78.8906574249268,57.9604911804199,2.79363298416138,0,0,241.089984178543,254.667848348618
150,120,"extreme",1274,4,"AMD EPYC 9B45",222.704269886017,48.5999834537506,524.391073703766,308.392819643021,43.2939484119415,40.9790406227112,41.7907290458679,1230.15186476707,109.83736038208,4.23817372322083,94.7059047222137,36.7154994010925,2.9172203540802,0,0,106.8732380867,4.67626738548279,88.664749622345,39.1344187259674,3.25514984130859,0,1.25317001342773,248.414158582687,243.856993675232
150,120,"extreme",1275,4,"AMD EPYC 9B45",230.402584552765,50.3620045185089,522.421941280365,327.032796382904,44.5712413787842,42.7257244586945,42.9124534130096,1260.42874598503,82.7990522384644,5.14185476303101,104.104999065399,52.8552317619324,3.70071840286255,0,0.84513521194458,83.2472283840179,4.28408122062683,110.854353666306,56.4695913791656,3.76872372627258,0,1.22916603088379,249.446991443634,259.853144407272
150,120,"extreme",1276,8,"Apple M1",228.816246986389,37.7395749092102,492.654428005219,1693.97115111351,35.3261749744415,34.081789970398,34.0435080528259,2556.63287401199,1907.24238705635,4.39538502693176,415.528677940369,898.432415008545,1.74600291252136,0,1.05321097373962,994.090593099594,4.35929799079895,960.554996013641,1875.86252593994,1.99218606948853,0,1.14016699790955,3228.39807891846,3837.99976611137
150,120,"extreme",1277,8,"Apple M1",225.568773984909,38.3418998718262,503.98175406456,281.330597877502,40.6968939304352,38.2558391094208,38.0563740730286,1166.23213291168,112.682402849197,4.2463698387146,74.9339900016785,57.1933109760284,2.51921010017395,0,0,110.262856960297,4.32933902740479,81.5274159908295,61.6242291927338,2.3125729560852,0,0,251.575283765793,260.05641412735
150,120,"extreme",1278,8,"Apple M1",235.545717000961,41.8306729793549,516.10466003418,284.544003009796,41.9925878047943,38.5169141292572,1039.72989988327,2198.26445484161,1984.92477893829,4.14790511131287,641.337506055832,973.873239040375,2.38081908226013,0,0.841084003448486,108.345088005066,4.52800297737122,70.0822451114655,27.498162984848,2.96490979194641,0,1.11092090606689,3607.50533223152,214.529329776764
150,120,"extreme",1279,8,"Apple M1",225.043802976608,37.2879459857941,500.3443338871,265.221754074097,37.4952840805054,35.4841680526733,36.344064950943,1137.22135400772,101.164216995239,2.97332787513733,74.434247970581,60.5621938705444,2.96926021575928,0,0.854953050613403,108.556365966797,2.82823991775513,122.644735097885,61.0127890110016,3.59810400009155,0,1.23798084259033,242.958199977875,299.878214836121
150,120,"extreme",1280,8,"Apple M1",858.784930944443,30.885824918747,4253.93619298935,273.800216913223,39.893217086792,37.590754032135,37.3966660499573,5532.28780293465,105.746968984604,5.34165287017822,74.8832249641418,58.9552638530731,1.74746298789978,0,0,111.969595193863,5.47845983505249,80.7808389663696,55.7540760040283,2.06641697883606,0,0,246.674573659897,256.049386978149
150,120,"extreme",1281,8,"Apple M1",246.300709962845,40.4132761955261,560.764142036438,282.625390052795,40.6687788963318,38.7937798500061,38.0031559467316,1247.56923294067,116.142293930054,5.63882088661194,82.1222698688507,46.6618599891663,3.84732699394226,0,0,130.983048915863,5.75842595100403,77.4412958621979,36.9082369804382,2.60574221611023,1.17371678352356,1.18692088127136,254.412571668625,256.057387590408
150,120,"extreme",1282,8,"Apple M1",236.06226682663,39.6093020439148,498.408728837967,282.601988077164,40.0925040245056,37.6557269096375,41.6653599739075,1176.09587669373,123.732484817505,5.07039499282837,72.2593269348145,53.1075460910797,2.17480087280273,0,0,135.86702299118,4.81889605522156,83.5493919849396,42.3899340629578,2.23737406730652,0,0,256.34455370903,268.862619161606
150,120,"extreme",1283,8,"Apple M1",356.084368944168,55.0529181957245,819.085481882095,480.280055999756,60.3907039165497,54.0166139602661,53.5981719493866,1878.50831484795,195.942072868347,9.33248591423035,145.765607833862,63.7900161743164,3.42598295211792,0,0,211.44534778595,10.7871370315552,140.801558971405,70.4237501621246,3.9168848991394,0,0,418.256165742874,437.374678850174
300,120,"extreme",1234,4,"AMD EPYC 9B45",478.669281005859,105.342890262604,1018.94876098633,639.484825134277,92.2226066589355,93.9484021663666,89.5360414981842,2518.15280771255,203.453833818436,13.3412048816681,149.090488910675,111.259786844254,4.03467869758606,0,0,204.442811727524,11.6841585636139,174.672002315521,108.093706846237,3.92055940628052,1.68687462806702,0,481.179993152618,504.500113487244
300,120,"extreme",1235,4,"AMD EPYC 9B45",480.459792852402,108.779220581055,1045.61893725395,638.232158184052,96.9570965766907,91.8341729640961,87.8139305114746,2549.69530892372,197.885784387589,9.28209614753723,159.314059257507,111.6319668293,6.77833008766174,0,0,214.375989198685,8.94203305244446,172.221744298935,97.2521860599518,6.9342315196991,0,0,484.892236709595,499.726184129715
300,120,"extreme",1236,4,"AMD EPYC 9B45",474.849287509918,107.546949148178,1004.19541692734,638.672671556473,93.7686507701874,86.986260175705,89.8534717559814,2495.87270784378,212.517529726028,8.87211561203003,150.205506801605,119.708829402924,5.89937329292297,0,1.21956729888916,218.810435533524,6.50956916809082,163.014016151428,124.656933784485,6.22753953933716,0,0,498.422922134399,519.218494176865
300,120,"extreme",1237,4,"AMD EPYC 9B45",478.688130140305,106.031499147415,997.775952339172,639.966288328171,93.3281733989716,87.7112808227539,86.0657413005829,2489.56706547737,234.761803865433,10.1475396156311,102.597468137741,99.4478397369385,5.27656292915344,0,0,247.169467449188,9.86819529533386,122.982467412949,86.6624441146851,5.3681914806366,0,1.62135195732117,452.231214284897,473.672117710114
300,120,"extreme",1238,4,"AMD EPYC 9B45",472.96039557457,104.620298147202,994.870593309402,630.930035829544,90.634693145752,87.5628583431244,88.9280624389648,2470.50693678856,221.393309831619,9.61428880691528,171.733457326889,94.0597651004791,4.24424242973328,0,0,221.474857807159,8.16882920265198,214.622795820236,84.0193285942078,4.42645573616028,0,0,501.045063495636,532.712267160416
300,120,"extreme",1239,4,"AMD EPYC 9B45",460.27094578743,105.618843317032,1067.66404891014,652.390835285187,95.7232136726379,87.7729196548462,90.520468711853,2559.96127533913,212.474547147751,10.3850502967834,185.417369365692,91.4918341636658,4.56859636306763,0,0,216.935400247574,10.695207118988,199.515638828278,97.8509285449982,5.45738554000854,0,0,504.33739733696,530.454560279846
300,120,"extreme",1240,4,"AMD EPYC 9B45",485.243860721588,114.927924394608,1036.17351031303,660.402977705002,96.7947018146515,93.0781288146973,93.3470385074615,2579.96814227104,250.686192274094,11.1886880397797,116.603462219238,96.4999799728394,3.90390062332153,0,0,252.629486560822,10.5700316429138,123.819811820984,95.9424915313721,4.62146401405334,0,0,478.882223129272,487.583285570145
300,120,"extreme",1241,4,"AMD EPYC 9B45",472.556686878204,108.930749177933,1031.16619873047,656.25852060318,96.9003758430481,92.9953317642212,90.3741438388824,2549.18200683594,234.759341478348,10.6647663116455,171.781925678253,77.8195056915283,4.72805953025818,0,0,239.87401342392,10.2936499118805,175.9175760746,79.2317645549774,5.03525710105896,0,0,499.753598690033,510.352261066437
300,120,"extreme",1242,4,"AMD EPYC 9B45",483.641350984573,108.108246326447,1038.63045310974,664.039757966995,99.8736965656281,88.4305286407471,91.8673055171967,2574.59133911133,228.789597511292,9.10106110572815,177.478074550629,82.2823665142059,5.00868916511536,0,0,219.972671747208,8.79638695716858,202.432595014572,91.19162774086,5.1439642906189,0,0,502.65978884697,527.537245750427
300,120,"extreme",1243,4,"AMD EPYC 9B45",465.139587163925,107.989648103714,1007.06275510788,636.126551151276,89.9419758319855,83.8401012420654,91.0001606941223,2481.10077929497,218.690141439438,10.2637331485748,163.296205282211,98.9286119937897,5.64717197418213,1.31084418296814,0,223.088682174683,9.8888623714447,166.427731752396,107.580712795258,6.0539984703064,0,0,498.136708021164,513.039987564087
300,120,"extreme",1244,4,"AMD EPYC 9B45",484.762475728989,113.537336111069,1063.26107382774,647.876528978348,98.6125650405884,89.9546203613281,94.7487173080444,2592.75331735611,247.851510286331,11.0539627075195,145.143620014191,88.1327266693115,4.85034012794495,1.24263668060303,1.27885222434998,237.365340709686,9.54399371147156,183.208767652512,88.1981928348541,5.25763750076294,1.85823440551758,2.00106406211853,499.553648710251,527.433230876923
300,120,"extreme",1245,4,"AMD EPYC 9B45",501.547286748886,114.91340303421,1077.47190117836,668.941987514496,99.8317265510559,93.0479850769043,95.4322426319122,2651.18653273582,228.213168859482,9.97612977027893,126.624850988388,122.810471534729,5.4060263633728,0,0,236.17441034317,9.18271589279175,148.811068534851,120.063729524612,6.1155858039856,0,0,493.030647516251,520.347510099411
300,120,"extreme",1246,4,"AMD EPYC 9B45",471.455561161041,105.898581504822,999.292556762695,634.511361122131,92.7714586257935,88.7991342544556,89.7624695301056,2482.49112296104,208.407965898514,10.6439387798309,170.429685592651,97.1396148204803,4.47459173202515,1.42082333564758,0,217.680156230927,10.8728439807892,160.568960428238,88.0510547161102,5.0909252166748,1.83880281448364,1.68030738830566,492.516620159149,485.783050775528
300,120,"extreme",1247,4,"AMD EPYC 9B45",471.979926586151,105.499749183655,1002.22187232971,745.969143152237,116.624314546585,109.074532270432,112.018057823181,2663.38759589195,276.67027926445,10.1199748516083,189.974409580231,120.795028686523,6.57096004486084,0,1.62446618080139,290.974986553192,8.26147246360779,191.873636960983,98.8310017585754,6.64850115776062,0,0,605.755118608475,596.589598894119
300,120,"extreme",1248,4,"AMD EPYC 9B45",473.28658747673,104.363040924072,1001.88492417336,628.065843343735,90.0175457000732,88.2695190906525,86.6332352161407,2472.52069592476,212.455317497253,11.2664265632629,150.850747346878,83.8737633228302,5.5349907875061,0,0,219.171634912491,10.7722668647766,174.787697076797,70.6237983703613,6.17975044250488,0,0,463.981245517731,481.535147666931
300,120,"extreme",1249,4,"AMD EPYC 9B45",473.127143144608,109.052616834641,1041.07984042168,637.568206787109,93.9155592918396,87.7152290344238,89.7580106258392,2532.21660614014,239.56206870079,9.49185299873352,143.174499511719,84.9701287746429,5.60025429725647,0,0,241.574589967728,9.34148740768433,157.00013256073,82.1154983043671,5.82025599479675,0,0,482.798804283142,495.851964235306
300,120,"extreme",1250,4,"AMD EPYC 9B45",500.541286945343,112.231993436813,1044.8782761097,638.769980192184,92.0791234970093,87.5950708389282,86.0338551998138,2562.12958621979,241.481870651245,11.1382007598877,112.549834251404,79.5600652694702,5.81467294692993,0,0,249.754376888275,10.1193251609802,147.850172042847,68.6412944793701,5.84465384483337,0,0,450.544643878937,482.209822416306
300,120,"extreme",1251,4,"AMD EPYC 9B45",467.496765851974,106.202082633972,1009.94581055641,646.9944627285,92.4212920665741,89.4298396110535,88.9701838493347,2501.46043729782,232.80140709877,10.6163520812988,155.675541162491,85.8232016563416,5.72454690933228,0,0,232.559602022171,8.39176487922668,188.006250143051,86.9108953475952,5.4465811252594,0,1.65238332748413,490.641048908234,522.967476844788
300,120,"extreme",1252,4,"AMD EPYC 9B45",471.581622362137,105.124909162521,997.977777957916,632.939289093018,90.9256808757782,87.75603723526,86.9966440200806,2473.30196070671,209.31232213974,9.69299125671387,138.773711442947,128.668363809586,3.99070191383362,1.21033883094788,1.273686170578,225.032315731049,9.36387586593628,147.150023460388,113.633431434631,4.14994120597839,1.86884951591492,1.85155057907104,492.922115564346,503.049987792969
300,120,"extreme",1253,4,"AMD EPYC 9B45",468.799252748489,102.107173204422,994.120318651199,634.866966485977,91.7055044174194,88.658388376236,89.5184042453766,2469.77600812912,214.99334692955,11.5274121761322,133.224737882614,109.63662981987,4.58444428443909,0,0,209.838454723358,9.99839878082275,174.457939147949,122.087709665298,4.89061808586121,0,1.68016219139099,473.966571092606,522.953282594681
300,120,"extreme",1254,4,"AMD EPYC 9B45",471.676979064941,106.099970340729,1021.97890424728,640.060567855835,94.0130667686462,87.6869623661041,90.16965508461,2511.68610572815,234.881580591202,12.2634098529816,168.599195241928,102.184764623642,3.87386584281921,0,0,220.287257432938,7.50378966331482,224.225310087204,95.2795202732086,4.8938570022583,0,0,521.802816152573,552.189734458923
300,120,"extreme",1255,4,"AMD EPYC 9B45",475.067559242249,102.50264787674,1020.55308270454,657.904223918915,93.8079557418823,88.755765914917,86.1737568378448,2524.76499223709,219.673684358597,12.222275018692,147.126259088516,95.0909769535065,3.1202130317688,0,1.44672107696533,216.547104358673,11.0443806648254,173.353429555893,97.0475480556488,3.57404541969299,0,1.6479480266571,478.680129528046,503.21445608139
300,120,"extreme",1256,4,"AMD EPYC 9B45",488.532444953918,112.076028108597,1053.2232401371,668.47599196434,93.2968759536743,88.8717334270477,89.679399728775,2594.15571427345,237.800545454025,11.6143515110016,145.612126111984,97.8118889331818,4.18814253807068,0,0,237.289496898651,10.5460567474365,167.827913761139,90.110915184021,4.56803727149963,0,0,497.027054548264,510.342419862747
300,120,"extreme",1257,4,"AMD EPYC 9B45",465.497272014618,105.233227014542,1020.47013497353,632.626283407211,90.6723265647888,86.0528235435486,86.076411485672,2486.62847900391,212.095587491989,12.7959954738617,154.175414085388,103.348796606064,5.17913031578064,0,1.22399115562439,225.935511350632,8.95961976051331,170.952417850494,99.2704615592957,5.79275584220886,0,0,488.818915128708,510.910766363144
300,120,"extreme",1258,4,"AMD EPYC 9B45",474.75318813324,107.083664417267,996.494301795959,645.892960309982,90.1036925315857,89.7947638034821,88.5849785804749,2492.70754957199,228.264098405838,11.4275527000427,169.198896884918,88.8151159286499,4.67712116241455,0,0,242.427531719208,10.4164235591888,179.26136136055,70.4722244739532,4.16455364227295,0,1.6782386302948,502.382785081863,508.420333385468
300,120,"extreme",1259,4,"AMD EPYC 9B45",468.693693399429,107.642910480499,1012.80432868004,685.293183326721,91.8983416557312,89.4888474941254,87.1635863780975,2542.98489141464,233.464408636093,8.33352136611938,156.552357435226,90.4694175720215,5.36635708808899,0,0,248.114392757416,8.62620568275452,149.80504989624,94.3236095905304,5.30850720405579,0,0,494.186062097549,506.177765130997
300,120,"extreme",1260,4,"AMD EPYC 9B45",529.189892292023,117.788889408112,1124.39394450188,697.762337446213,94.3254814147949,89.1491124629974,87.8048801422119,2740.41453766823,251.3247423172,6.62826895713806,175.489568471909,88.186653137207,4.70173597335815,0,0,246.41312289238,5.95302724838257,197.880656242371,96.1973164081573,5.39670491218567,1.75360751152039,0,526.330968856812,553.594435214996
300,120,"extreme",1261,4,"AMD EPYC 9B45",468.885601043701,106.057794094086,1025.81973671913,647.02453660965,94.4603197574615,88.4028916358948,87.4990768432617,2518.14995670319,206.587854146957,8.69203090667725,185.396425008774,113.583997488022,5.26823854446411,0,0,211.197512149811,7.50535917282104,201.285586118698,109.353372812271,5.59183883666992,0,0,519.528546094894,534.933669090271
300,120,"extreme",1262,4,"AMD EPYC 9B45",468.10461807251,104.828691959381,1009.29332566261,638.186183452606,91.6541283130646,88.6709768772125,88.4839072227478,2489.22183156013,221.656312227249,11.0185797214508,122.165470838547,127.626823663712,3.72441792488098,1.30971813201904,0,244.728625297546,11.2819488048553,129.633945465088,133.852370738983,4.56062197685242,2.14398074150085,0,487.501322507858,526.201493024826
300,120,"extreme",1263,4,"AMD EPYC 9B45",471.025810480118,106.412780046463,1016.82123851776,656.528516530991,93.3193755149841,91.8172504901886,89.3581209182739,2525.28309249878,227.392949342728,13.0788202285767,169.207668781281,65.3178491592407,5.27387666702271,0,0,223.013972043991,12.5150077342987,183.104640007019,61.8495931625366,6.45054483413696,0,0,480.271164178848,486.933757781982
300,120,"extreme",1264,4,"AMD EPYC 9B45",491.674640893936,109.160583972931,1002.266705513,652.32444691658,96.9692187309265,88.5107054710388,95.3205599784851,2536.2268614769,250.391455173492,11.1416964530945,103.117279052734,93.9848382472992,4.93111896514893,0,0,266.81116771698,9.83289933204651,138.501508712769,91.8008794784546,5.43973517417908,0,0,463.566387891769,512.386190414429
300,120,"extreme",1265,4,"AMD EPYC 9B45",470.062407255173,106.134986639023,1003.04353427887,645.01186132431,94.8932514190674,88.9741826057434,86.1151170730591,2494.23534059525,210.942489385605,12.6728613376617,152.162759542465,85.7387664318085,5.43784689903259,0,1.2177562713623,222.770080804825,12.0434803962708,173.86248254776,72.9976325035095,6.19368314743042,0,1.69414687156677,468.172479867935,489.561506271362
300,120,"extreme",1266,4,"AMD EPYC 9B45",479.529590845108,106.896893262863,1008.24884414673,643.331309080124,96.7175257205963,87.3538017272949,89.6959245204926,2511.77388930321,244.060912132263,11.1505651473999,178.517330646515,58.5274703502655,5.2017388343811,0,0,230.450870513916,10.1691772937775,197.537879705429,58.9110133647919,5.88363599777222,0,1.69070196151733,497.458017110825,504.643278837204
300,120,"extreme",1267,4,"AMD EPYC 9B45",484.146324872971,109.005904912949,1017.67551779747,657.297917366028,94.6447341442108,89.9018580913544,89.5804309844971,2542.25268816948,216.376136302948,9.75093412399292,203.680215120316,94.2877357006073,4.1274893283844,1.26626491546631,0,233.949877262115,8.70954823493958,215.783913612366,71.173620223999,4.39317083358765,1.71141481399536,0,529.488775491714,535.721544981003
300,120,"extreme",1268,4,"AMD EPYC 9B45",487.541735649109,108.740807771683,1014.83497047424,645.541367769241,92.445650100708,91.049013376236,88.5040256977081,2528.65757083893,244.040751218796,11.1216275691986,130.790475845337,81.7254495620728,4.34727883338928,0,0,233.683450937271,11.8434638977051,135.664109706879,92.5870108604431,4.73006200790405,0,0,472.025583028793,478.508097410202
300,120,"extreme",1269,4,"AMD EPYC 9B45",464.632276535034,104.188932180405,1005.73130559921,637.311220407486,90.90105676651,86.8315727710724,84.9274561405182,2474.52382040024,205.504541873932,9.33188438415527,187.573886632919,93.9883224964142,4.80098009109497,0,0,210.151647567749,8.26508545875549,199.366302251816,100.051515340805,5.93744564056396,0,1.74185538291931,501.199615478516,525.513851642609
300,120,"extreme",1270,4,"AMD EPYC 9B45",480.674914836884,105.379693031311,1004.77069497108,642.058196306229,96.7146892547607,85.696964263916,88.2444858551025,2503.53963851929,205.073219537735,11.868311882019,148.189340114594,106.566142320633,4.59939241409302,0,0,208.552938461304,11.7790794372559,169.354911088943,101.200211048126,5.24562215805054,0,1.69040679931641,476.296406269073,497.823168992996
300,120,"extreme",1271,4,"AMD EPYC 9B45",493.322171926498,113.500459671021,1048.90111112595,667.770513534546,95.2924122810364,93.3608825206757,90.2179615497589,2602.36551260948,236.365937948227,8.60418558120728,163.592551708221,93.2327075004578,4.66487693786621,0,0,237.702559947968,7.06728839874268,200.548043251038,101.069869279861,5.13648080825806,0,0,506.46025967598,551.524241685867
300,120,"extreme",1272,4,"AMD EPYC 9B45",479.866714477539,111.445477485657,1050.52193975449,657.627616882324,95.6413221359253,91.2918672561646,89.6380589008331,2576.03299689293,250.545760393143,10.528312921524,155.980910539627,95.228705406189,4.09635019302368,0,0,242.776752471924,9.58115530014038,175.940278768539,93.5925929546356,4.39186882972717,0,1.68307614326477,516.380039453506,527.965724468231
300,120,"extreme",1273,4,"AMD EPYC 9B45",472.908319234848,106.229599475861,1020.84177994728,650.935607433319,97.6506423950195,86.1723539829254,88.5939621925354,2523.33226466179,231.602451324463,10.2908418178558,163.086032867432,91.0388267040253,3.80959558486938,0,1.42911267280579,234.259500741959,8.2592236995697,180.505521774292,107.878706455231,4.48451232910156,0,1.90264534950256,501.256860971451,537.290110349655
300,120,"extreme",1274,4,"AMD EPYC 9B45",488.720014810562,108.527123212814,1048.90192055702,670.01473903656,99.5742530822754,92.426855802536,89.0788254737854,2597.24373197556,235.931887388229,11.5226686000824,152.000197410583,77.1321079730988,5.55725979804993,0,1.21301198005676,243.99693107605,9.95979595184326,176.64665222168,61.8341054916382,5.71343445777893,1.69973587989807,1.76244568824768,483.357133150101,501.613100767136
300,120,"extreme",1275,4,"AMD EPYC 9B45",497.189508676529,113.606550931931,1042.61269760132,676.000113964081,106.590010166168,101.11468744278,106.918038368225,2644.03160715103,278.014584779739,14.8852281570435,169.716012954712,88.9095776081085,5.52703738212585,0,0,210.101312875748,10.8639385700226,200.59957909584,98.9787058830261,5.72329902648926,0,0,557.052440881729,526.266835451126
300,120,"extreme",1276,8,"Apple M1",508.560420036316,90.487398147583,3001.5822429657,985.435784101486,151.046155929565,142.604311943054,143.496474027634,5023.21278715134,367.796115159988,15.5102310180664,221.766598939896,178.93584394455,7.37421607971191,0,0,7458.49753499031,16.6045980453491,264.627713918686,207.558435916901,8.64078593254089,0,2.53491306304932,791.383005142212,7958.46398186684
300,120,"extreme",1277,8,"Apple M1",814.036893844604,147.660764932632,9338.28333497047,3955.1995100975,79.015212059021,76.117516040802,77.7863919734955,14488.0996239185,236.971962928772,7.91005802154541,137.113478899002,94.5775780677795,3.33373188972473,1.12477707862854,1.10848784446716,230.894785881042,9.06746196746826,161.891887903214,95.3463251590729,4.13645696640015,0,1.54162693023682,482.140074729919,502.878544807434
300,120,"extreme",1278,8,"Apple M1",463.865470170975,82.2945349216461,4537.36245083809,2238.97664213181,83.6341030597687,78.402195930481,78.9307301044464,7563.46612715721,232.054342985153,10.9178049564362,171.851335048676,79.9772131443024,4.10272192955017,1.1151180267334,0,240.959710121155,10.8816769123077,187.307573080063,71.5814490318298,4.64522290229797,1.54170107841492,0,500.018536090851,516.917333126068
300,120,"extreme",1279,8,"Apple M1",462.017041921616,82.1752099990845,1293.94486808777,780.910586118698,84.8906681537628,80.0326159000397,78.7526090145111,2862.72359919548,240.857249975204,10.7873878479004,126.766069889069,115.160180091858,5.3829550743103,0,1.28325986862183,1404.45851898193,10.5222599506378,1101.31840085983,90.8015170097351,5.30588579177856,0,1.62011981010437,500.237102746964,2614.02670240402
300,120,"extreme",1280,8,"Apple M1",456.235329866409,81.2845401763916,1034.9316470623,3918.57774400711,84.2598328590393,79.6873459815979,80.8576600551605,5735.83410000801,236.795870065689,11.4160630702972,126.952405929565,92.7201611995697,4.43467903137207,0,0,234.57247877121,9.2415599822998,140.900422096252,85.7632350921631,5.21691703796387,0,0,472.319179296494,475.694612979889
300,120,"extreme",1281,8,"Apple M1",542.319145917892,116.079040050507,3480.72517895699,567.370134115219,84.5269701480865,78.580570936203,79.653088092804,4949.2541282177,251.838369131088,12.645054101944,133.681267976761,89.9328660964966,3.65044903755188,0,0,3849.58948612213,11.4984748363495,1290.18533396721,162.149052858353,3.56293988227844,0,0,491.748006343842,5316.98528766632
300,120,"extreme",1282,8,"Apple M1",510.873496055603,96.2820570468903,1223.47806406021,662.070605993271,93.9454591274261,87.0405340194702,87.1297099590302,2760.8199262619,261.750848054886,11.7741742134094,115.583155155182,95.5126540660858,4.37475991249084,0,0,266.91198182106,10.467404127121,127.979104995728,98.559662103653,4.77631592750549,0,1.53485298156738,488.995591402054,510.229321956635
300,120,"extreme",1283,8,"Apple M1",3292.34178304672,1076.52210116386,8514.75719094276,2365.26074099541,80.9087688922882,77.2630259990692,78.7272520065308,15485.7808630466,226.527013063431,13.0932641029358,147.592857122421,71.7913508415222,4.00205612182617,0,1.14142894744873,231.091773986816,12.0489590167999,156.208639144897,82.5979089736938,5.24648094177246,0,1.67380404472351,464.147970199585,488.867566108704
