"n_items","n_participants","prevalence","method","seed","accuracy","precision","recall","f1"
60,150,"equal","bf_ps","1234",0.865771812080537,0.894030711699885,0.871804871373837,0.86413587500544
60,150,"equal","psis","1234",0.546666666666667,0.693417255978832,0.573485719261581,0.522961793345998
60,150,"equal","waic","1234",0.526666666666667,0.696232783305303,0.555776484052346,0.48991637174211
60,150,"equal","hbi","1234",0.773333333333333,0.779509734928454,0.754166044683286,0.727360218615802
60,150,"extreme","bf_ps","1234",0.926666666666667,0.876180124223602,0.812715855572998,0.823997414049734
60,150,"extreme","psis","1234",0.72,0.722200935710252,0.569739784025498,0.534480469696416
60,150,"extreme","waic","1234",0.733333333333333,0.682407942934259,0.53381142666857,0.499070646736152
60,150,"extreme","hbi","1234",0.906666666666667,0.880178571428571,0.776190476190476,0.786381477155659
120,150,"equal","bf_ps","1234",0.86,0.926708074534161,0.869737750172533,0.870650713377654
120,150,"equal","psis","1234",0.533333333333333,0.733962038969841,0.526496852583809,0.5017294934168
120,150,"equal","waic","1234",0.56,0.739540396710208,0.556277056277056,0.549443219568995
120,150,"equal","hbi","1234",0.786666666666667,0.869767441860465,0.807022084195997,0.783094992382918
120,150,"extreme","bf_ps","1234",0.933333333333333,0.917566643882433,0.811904761904762,0.831131017000102
120,150,"extreme","psis","1234",0.733333333333333,0.710309443642777,0.48944099378882,0.629444686548429
120,150,"extreme","waic","1234",0.72,0.505739407651172,0.429089026915114,0.649217886879901
120,150,"extreme","hbi","1234",0.9,0.904864976293548,0.766666666666667,0.784311436233285
60,300,"equal","bf_ps","1234",0.88,0.913565426170468,0.868651471912341,0.874582724672248
60,300,"equal","psis","1234",0.56,0.720419873635073,0.575116461871577,0.528858628335261
60,300,"equal","waic","1234",0.536666666666667,0.713155773019113,0.550073165843626,0.494813197740005
60,300,"equal","hbi","1234",0.77,0.694580387875267,0.752058311466879,0.837991229835274
60,300,"extreme","bf_ps","1234",0.923333333333333,0.913946492575525,0.825128839414554,0.849070074457454
60,300,"extreme","psis","1234",0.723333333333333,0.672529269696678,0.514662834830902,0.54930068645891
60,300,"extreme","waic","1234",0.713333333333333,0.658138599725295,0.489868523166842,0.512135399050785
60,300,"extreme","hbi","1234",0.84,0.725416629417725,0.705127353971892,0.795701581027668
120,300,"equal","bf_ps","1234",0.88,0.890007378657338,0.87437889782596,0.878855621602366
120,300,"equal","psis","1234",0.533333333333333,0.723069598845996,0.567541181099123,0.510891767885233
120,300,"equal","waic","1234",0.533333333333333,0.721471986579695,0.561480038159695,0.515562602145368
120,300,"equal","hbi","1234",0.843333333333333,0.870502364107964,0.832588375007286,0.835651597794988
120,300,"extreme","bf_ps","1234",0.923333333333333,0.913515298261061,0.844887955182073,0.864946996564365
120,300,"extreme","psis","1234",0.756666666666667,0.672807816109216,0.56977534603585,0.696283454475559
120,300,"extreme","waic","1234",0.726666666666667,0.712240374567961,0.540353320815506,0.574108990149511
120,300,"extreme","hbi","1234",0.86,0.883446712018141,0.761838068560758,0.754340749405573
60,150,"equal","bf_ps","1235",0.9,0.916434404977962,0.881921859652952,0.8842788976773
60,150,"equal","psis","1235",0.586666666666667,0.745326568855981,0.615765851795264,0.577497537896256
60,150,"equal","waic","1235",0.526666666666667,0.686477976202421,0.562263541780349,0.590716827783124
60,150,"equal","hbi","1235",0.84,0.87202380952381,0.809732984102732,0.79522554739946
60,150,"extreme","bf_ps","1235",0.906666666666667,0.90952380952381,0.821315192743764,0.834032941081398
60,150,"extreme","psis","1235",0.693333333333333,0.659088997422331,0.479606009070295,0.527775532445688
60,150,"extreme","waic","1235",0.66,0.587022306397306,0.451799886621315,0.560683760683761
60,150,"extreme","hbi","1235",0.88,0.867634533488192,0.79234693877551,0.801086091002057
120,150,"equal","bf_ps","1235",0.86,0.870242800677583,0.830290297937357,0.824005620264468
120,150,"equal","psis","1235",0.513333333333333,0.686065603892429,0.55070345476025,0.504721901243141
120,150,"equal","waic","1235",0.553333333333333,0.695665445665446,0.577532229433852,0.559215821107639
120,150,"equal","hbi","1235",0.84,0.873802982731554,0.806741787624141,0.779197795655629
120,150,"extreme","bf_ps","1235",0.933333333333333,0.915509777578743,0.900560224089636,0.886386554621849
120,150,"extreme","psis","1235",0.706666666666667,0.6537918603136,0.528256443139505,0.633092423086702
120,150,"extreme","waic","1235",0.7,0.666457800511509,0.524095260594198,0.626451388388893
120,150,"extreme","hbi","1235",0.893333333333333,0.888106966924701,0.851739732037393,0.836818736337571
60,300,"equal","bf_ps","1235",0.862876254180602,0.860234683386537,0.838179677465392,0.840229491106684
60,300,"equal","psis","1235",0.533333333333333,0.708928838059744,0.568621656121656,0.516988803844567
60,300,"equal","waic","1235",0.53,0.709629251434346,0.568199855699856,0.520046880241484
60,300,"equal","hbi","1235",0.81,0.84442043924778,0.775058275058275,0.762342462758299
60,300,"extreme","bf_ps","1235",0.916666666666667,0.893087037186416,0.861954885304086,0.865103803978254
60,300,"extreme","psis","1235",0.72,0.725714775338836,0.563307307955256,0.597021951706685
60,300,"extreme","waic","1235",0.69,0.647917374313312,0.521582759974981,0.638944206678312
60,300,"extreme","hbi","1235",0.89,0.860128461026665,0.828362964929379,0.819764744985815
120,300,"equal","bf_ps","1235",0.876666666666667,0.891059398317463,0.864057009243345,0.867496614440992
120,300,"equal","psis","1235",0.536666666666667,0.728554659436131,0.557512405235734,0.505433607330483
120,300,"equal","waic","1235",0.573333333333333,0.731880016847603,0.587436719138857,0.55516647703073
120,300,"equal","hbi","1235",0.793333333333333,0.703804797225459,0.755707968806252,0.843058829692493
120,300,"extreme","bf_ps","1235",0.936666666666667,0.9236517698327,0.889316239316239,0.89982624514777
120,300,"extreme","psis","1235",0.746666666666667,0.70199911733296,0.57345742113184,0.701280474113421
120,300,"extreme","waic","1235",0.753333333333333,0.690753433448851,0.553996649345487,0.685839062020349
120,300,"extreme","hbi","1235",0.89,0.891213968511595,0.824664224664225,0.816182115304222
60,150,"equal","bf_ps","1236",0.853333333333333,0.879166666666667,0.842325204126446,0.845312037858622
60,150,"equal","psis","1236",0.553333333333333,0.737285016248431,0.56569392101941,0.521156714518864
60,150,"equal","waic","1236",0.553333333333333,0.736225881514635,0.568196846681974,0.527204343275772
60,150,"equal","hbi","1236",0.826666666666667,0.868348861283644,0.805631738861552,0.786879836745066
60,150,"extreme","bf_ps","1236",0.906666666666667,0.865925262476987,0.811224489795918,0.820137037865994
60,150,"extreme","psis","1236",0.746666666666667,0.714777432712215,0.558803521408563,0.643264972274406
60,150,"extreme","waic","1236",0.733333333333333,0.69698703279939,0.561524609843938,0.622170554651373
60,150,"extreme","hbi","1236",0.886666666666667,0.847351061636776,0.78265306122449,0.779139743671763
120,150,"equal","bf_ps","1236",0.86,0.870923431407302,0.852426303854875,0.84994721518848
120,150,"equal","psis","1236",0.553333333333333,0.679282407407407,0.52851307422736,0.547587317991097
120,150,"equal","waic","1236",0.553333333333333,0.725057068281858,0.533945142159428,0.48094607921379
120,150,"equal","hbi","1236",0.793333333333333,0.848891108891109,0.796918319775463,0.768109243697479
120,150,"extreme","bf_ps","1236",0.926666666666667,0.903378189763878,0.880333800186741,0.883981474049576
120,150,"extreme","psis","1236",0.793333333333333,0.79707977888125,0.655627570177007,0.730244313828338
120,150,"extreme","waic","1236",0.813333333333333,0.806087608261159,0.736454049704988,0.799813686518889
120,150,"extreme","hbi","1236",0.84,0.846540666643465,0.774346405228758,0.746664573065158
60,300,"equal","bf_ps","1236",0.853333333333333,0.872428421778903,0.846984886458571,0.846382904973425
60,300,"equal","psis","1236",0.553333333333333,0.723469756627001,0.55766499582289,0.509565543903807
60,300,"equal","waic","1236",0.55,0.726806411095317,0.555425495557075,0.501701745819984
60,300,"equal","hbi","1236",0.786666666666667,0.802372465527318,0.77083048530417,0.742099451695059
60,300,"extreme","bf_ps","1236",0.93,0.905677384825566,0.874925970388155,0.886724386724387
60,300,"extreme","psis","1236",0.783333333333333,0.781843580265483,0.645949410067057,0.630116362225406
60,300,"extreme","waic","1236",0.76,0.765213097404878,0.630829331732693,0.606531166488487
60,300,"extreme","hbi","1236",0.89,0.88140645731977,0.811456582633053,0.811916797218315
120,300,"equal","bf_ps","1236",0.876666666666667,0.896164021164021,0.877843960550727,0.878058076300111
120,300,"equal","psis","1236",0.576666666666667,0.751827811613516,0.568571492122063,0.518382638748055
120,300,"equal","waic","1236",0.56,0.737989049480985,0.550778901196057,0.512351437322917
120,300,"equal","hbi","1236",0.8,0.850464871107419,0.790865149887706,0.779137501105088
120,300,"extreme","bf_ps","1236",0.906666666666667,0.899582120825963,0.851002258610954,0.863939215098062
120,300,"extreme","psis","1236",0.733333333333333,0.719301787331438,0.539471579145492,0.595344434480374
120,300,"extreme","waic","1236",0.703333333333333,0.636777146889544,0.475359966120836,0.59695158634522
120,300,"extreme","hbi","1236",0.87,0.88109420838919,0.797701392810088,0.792583672607773
60,150,"equal","bf_ps","1237",0.873333333333333,0.89906629318394,0.859631724543364,0.863581442169816
60,150,"equal","psis","1237",0.533333333333333,0.710585286746277,0.57684750737315,0.500880131622542
60,150,"equal","waic","1237",0.526666666666667,0.703296703296703,0.564659451372718,0.518052016894723
60,150,"equal","hbi","1237",0.766666666666667,0.693717703005629,0.741727252813152,0.824968237492334
60,150,"extreme","bf_ps","1237",0.906666666666667,0.898404164533197,0.831349206349206,0.843777374953381
60,150,"extreme","psis","1237",0.733333333333333,0.775959219056234,0.570281385281385,0.635504209551641
60,150,"extreme","waic","1237",0.733333333333333,0.720080482897384,0.538044733044733,0.693612510905374
60,150,"extreme","hbi","1237",0.866666666666667,0.882454594741122,0.800800865800866,0.80659923006298
120,150,"equal","bf_ps","1237",0.866666666666667,0.911027568922306,0.881038961038961,0.878004952441043
120,150,"equal","psis","1237",0.64,0.779446728904933,0.594093314093314,0.560997775567603
120,150,"equal","waic","1237",0.626666666666667,0.733587287704435,0.579278499278499,0.633051635858815
120,150,"equal","hbi","1237",0.8,0.870443349753695,0.816661856661857,0.794613189069479
120,150,"extreme","bf_ps","1237",0.946666666666667,0.931120425965787,0.891233766233766,0.88422619047619
120,150,"extreme","psis","1237",0.74,0.797033236371472,0.632074504442925,0.607332094687586
120,150,"extreme","waic","1237",0.72,0.759671907040328,0.591660970608339,0.62036888532478
120,150,"extreme","hbi","1237",0.913333333333333,0.890731292517007,0.821428571428571,0.914075993091537
60,300,"equal","bf_ps","1237",0.83,0.883299187268126,0.822150175566325,0.825522301742211
60,300,"equal","psis","1237",0.516666666666667,0.700130821559393,0.514346574750301,0.457180594028016
60,300,"equal","waic","1237",0.503333333333333,0.635480855331009,0.502034749239718,0.513281166869058
60,300,"equal","hbi","1237",0.803333333333333,0.862635556729907,0.793505941953147,0.780565624451695
60,300,"extreme","bf_ps","1237",0.9,0.855534605146406,0.838702071737786,0.832122380724865
60,300,"extreme","psis","1237",0.783333333333333,0.772309951729667,0.61139713461142,0.596604865714345
60,300,"extreme","waic","1237",0.77,0.720394757442678,0.579122861265718,0.636107355765476
60,300,"extreme","hbi","1237",0.896666666666667,0.874897693923369,0.824885332921047,0.829677589275525
120,300,"equal","bf_ps","1237",0.84,0.89001339634251,0.843949445807031,0.849659013073647
120,300,"equal","psis","1237",0.566666666666667,0.680974644261348,0.525893164283257,0.549818414869506
120,300,"equal","waic","1237",0.556666666666667,0.72103499233467,0.516516686419384,0.47145977759996
120,300,"equal","hbi","1237",0.78,0.85343257556187,0.778871644351521,0.767335785852888
120,300,"extreme","bf_ps","1237",0.946666666666667,0.919224873954291,0.893847317972093,0.899315418661468
120,300,"extreme","psis","1237",0.766666666666667,0.673702081051479,0.549963897773799,0.686835222573306
120,300,"extreme","waic","1237",0.766666666666667,0.712116641528406,0.537059074804165,0.576489998480056
120,300,"extreme","hbi","1237",0.896666666666667,0.885930251159814,0.7937536346568,0.776744421597539
60,150,"equal","bf_ps","1238",0.846666666666667,0.899231720660292,0.846414455110107,0.849872455185548
60,150,"equal","psis","1238",0.54,0.715275200989487,0.521042230081132,0.486042153335386
60,150,"equal","waic","1238",0.506666666666667,0.694644699985257,0.491285030758715,0.472190522683134
60,150,"equal","hbi","1238",0.82,0.873395512050974,0.817843026538679,0.811295946950209
60,150,"extreme","bf_ps","1238",0.94,0.94377990430622,0.880952380952381,0.906503141797259
60,150,"extreme","psis","1238",0.793333333333333,0.751812865497076,0.599404761904762,0.757753924921768
60,150,"extreme","waic","1238",0.766666666666667,0.738970588235294,0.59484126984127,0.73574582487626
60,150,"extreme","hbi","1238",0.9,0.916750596342433,0.834722222222222,0.856658131386349
120,150,"equal","bf_ps","1238",0.833333333333333,0.8752405002405,0.820909416398138,0.82375950380152
120,150,"equal","psis","1238",0.513333333333333,0.680187074829932,0.537594464850104,0.504896669187229
120,150,"equal","waic","1238",0.54,0.692285114780306,0.561958321544788,0.535684788269375
120,150,"equal","hbi","1238",0.773333333333333,0.819866408101702,0.750104427736007,0.743376623376623
120,150,"extreme","bf_ps","1238",0.886666666666667,0.868693134822167,0.755555555555556,0.767987586510532
120,150,"extreme","psis","1238",0.68,0.7056821779044,0.435431063070815,0.499741711280173
120,150,"extreme","waic","1238",0.693333333333333,0.711073629851741,0.440403144129852,0.504448100564446
120,150,"extreme","hbi","1238",0.86,0.832922275293096,0.725534851621808,0.728993470297818
60,300,"equal","bf_ps","1238",0.853333333333333,0.896938775510204,0.845338311699998,0.852028684683721
60,300,"equal","psis","1238",0.54,0.711904761904762,0.546675950761132,0.498888134497029
60,300,"equal","waic","1238",0.546666666666667,0.713866949996772,0.552574903828942,0.509110663373964
60,300,"equal","hbi","1238",0.766666666666667,0.777804780448765,0.749217226109381,0.728436843101777
60,300,"extreme","bf_ps","1238",0.91,0.870000889947698,0.830564727174897,0.845708146309939
60,300,"extreme","psis","1238",0.753333333333333,0.762175425725846,0.535706424326279,0.597559079748622
60,300,"extreme","waic","1238",0.716666666666667,0.707087878006119,0.493223483538254,0.538770327645598
60,300,"extreme","hbi","1238",0.836666666666667,0.710968203567649,0.732399400438141,0.826314959788248
120,300,"equal","bf_ps","1238",0.836666666666667,0.889278897556385,0.830691834922827,0.833588364843064
120,300,"equal","psis","1238",0.516666666666667,0.708240941979974,0.530438685787816,0.48548284454402
120,300,"equal","waic","1238",0.53,0.704351232656072,0.539438220304737,0.513977212239544
120,300,"equal","hbi","1238",0.793333333333333,0.851230344000953,0.78783594716093,0.780832780297086
120,300,"extreme","bf_ps","1238",0.906666666666667,0.868542758493463,0.829341334192697,0.834754764463951
120,300,"extreme","psis","1238",0.73,0.690387763497007,0.519227325482487,0.664047121591505
120,300,"extreme","waic","1238",0.716666666666667,0.675855288934759,0.500930333197055,0.635864699101572
120,300,"extreme","hbi","1238",0.853333333333333,0.840994926398653,0.77409539579234,0.761140429375929
60,150,"equal","bf_ps","1239",0.813333333333333,0.840714285714286,0.804814471243043,0.80521275021275
60,150,"equal","psis","1239",0.573333333333333,0.73188727648658,0.59243351886209,0.536730168785918
60,150,"equal","waic","1239",0.52,0.69593864981603,0.53069573283859,0.482262374272885
60,150,"equal","hbi","1239",0.733333333333333,0.808540160250147,0.709392393320965,0.688993131200344
60,150,"extreme","bf_ps","1239",0.846666666666667,0.856028368794326,0.758503401360544,0.764347777559404
60,150,"extreme","psis","1239",0.713333333333333,0.615509015509015,0.471176401595121,0.61176679740886
60,150,"extreme","waic","1239",0.7,0.592794871794872,0.443965517241379,0.579985829923659
60,150,"extreme","hbi","1239",0.813333333333333,0.854865424430642,0.751026272577997,0.733984971956541
120,150,"equal","bf_ps","1239",0.846666666666667,0.875178789464504,0.834446505875077,0.834999451872517
120,150,"equal","psis","1239",0.586666666666667,0.714730122818358,0.601476954418131,0.582458319662964
120,150,"equal","waic","1239",0.62,0.73083464958465,0.616192840772673,0.607196284306706
120,150,"equal","hbi","1239",0.726666666666667,0.669179894179894,0.701445123503947,0.786274092970522
120,150,"extreme","bf_ps","1239",0.906666666666667,0.884873949579832,0.86309067688378,0.868319919736526
120,150,"extreme","psis","1239",0.773333333333333,0.764342114656957,0.670808246670316,0.759939960338764
120,150,"extreme","waic","1239",0.773333333333333,0.764765017117958,0.644353220215289,0.742561567561568
120,150,"extreme","hbi","1239",0.806666666666667,0.841294261294261,0.78917168399927,0.760626656792985
60,300,"equal","bf_ps","1239",0.846666666666667,0.875961201061381,0.827680156727676,0.832258884485667
60,300,"equal","psis","1239",0.523333333333333,0.696231497764501,0.543365134238317,0.483648905987021
60,300,"equal","waic","1239",0.516666666666667,0.692254604105594,0.533640751328184,0.467016276887739
60,300,"equal","hbi","1239",0.806666666666667,0.86991050244117,0.77758887687399,0.771681096681097
60,300,"extreme","bf_ps","1239",0.876666666666667,0.857442420032603,0.847847243849268,0.838540747633649
60,300,"extreme","psis","1239",0.7,0.741274663837991,0.566689669246437,0.624210613472359
60,300,"extreme","waic","1239",0.723333333333333,0.751583063084506,0.582128639710932,0.640251015017166
60,300,"extreme","hbi","1239",0.84,0.852253325008743,0.810868058040651,0.790976726985832
120,300,"equal","bf_ps","1239",0.84,0.877136131412447,0.827220129099902,0.829120451373616
120,300,"equal","psis","1239",0.493333333333333,0.674131241326574,0.508374022260585,0.460866507628481
120,300,"equal","waic","1239",0.506666666666667,0.665763469944796,0.510625609255673,0.493326166230428
120,300,"equal","hbi","1239",0.8,0.846342007832691,0.773966221153744,0.760712014360123
120,300,"extreme","bf_ps","1239",0.903333333333333,0.885294229579944,0.848857262203127,0.856202129974797
120,300,"extreme","psis","1239",0.76,0.729619333324031,0.530342608731695,0.703683651272793
120,300,"extreme","waic","1239",0.766666666666667,0.73980687775836,0.545627845633473,0.717977483517712
120,300,"extreme","hbi","1239",0.85,0.862452253628724,0.799357282570555,0.796443451123421
60,150,"equal","bf_ps","1240",0.8,0.885535609592674,0.799035201124984,0.806467136520074
60,150,"equal","psis","1240",0.506666666666667,0.686780184101613,0.483611055758336,0.452384112322001
60,150,"equal","waic","1240",0.493333333333333,0.68448105937092,0.471737480417268,0.441092000858639
60,150,"equal","hbi","1240",0.733333333333333,0.813277530885504,0.746307227344379,0.739817542733953
60,150,"extreme","bf_ps","1240",0.926666666666667,0.897009496868054,0.848017041868294,0.867639378165694
60,150,"extreme","psis","1240",0.746666666666667,0.700221861471861,0.525989433574117,0.659321027745237
60,150,"extreme","waic","1240",0.753333333333333,0.673090798520365,0.546397596839423,0.681183084133609
60,150,"extreme","hbi","1240",0.88,0.833981211532232,0.807317600579751,0.81000111000111
120,150,"equal","bf_ps","1240",0.88,0.91019661453098,0.873701298701299,0.879229323308271
120,150,"equal","psis","1240",0.56,0.730127928549855,0.559177138650823,0.512287041468486
120,150,"equal","waic","1240",0.58,0.734869894171165,0.570909222356591,0.544682747616421
120,150,"equal","hbi","1240",0.78,0.782902909447532,0.770284715284715,0.740570427305121
120,150,"extreme","bf_ps","1240",0.933333333333333,0.909225697163986,0.862399505256648,0.880948122915336
120,150,"extreme","psis","1240",0.8,0.763062274159294,0.60050505050505,0.671263418662263
120,150,"extreme","waic","1240",0.793333333333333,0.754347657762292,0.595908060193775,0.656012785663948
120,150,"extreme","hbi","1240",0.886666666666667,0.872437888198758,0.788188002473717,0.80425932867359
60,300,"equal","bf_ps","1240",0.833333333333333,0.890081414319295,0.827811531150265,0.833631288116338
60,300,"equal","psis","1240",0.503333333333333,0.698332522557387,0.497687921059543,0.465103725426306
60,300,"equal","waic","1240",0.483333333333333,0.687981854054801,0.476088347864407,0.438211485571615
60,300,"equal","hbi","1240",0.783333333333333,0.849109999731118,0.780526771130473,0.78047754548108
60,300,"extreme","bf_ps","1240",0.906666666666667,0.896579144348638,0.844601430315716,0.865137710566665
60,300,"extreme","psis","1240",0.72,0.66057358755472,0.519671201814059,0.665140219638175
60,300,"extreme","waic","1240",0.713333333333333,0.648806594162631,0.484397348683063,0.636126997715697
60,300,"extreme","hbi","1240",0.89,0.891268595350228,0.820211930926217,0.839192669078864
120,300,"equal","bf_ps","1240",0.88,0.92109938983645,0.874945314323756,0.8824543023315
120,300,"equal","psis","1240",0.59,0.741803388021875,0.574875000483229,0.551204375375007
120,300,"equal","waic","1240",0.56,0.728511982418538,0.54621306801721,0.531764408480956
120,300,"equal","hbi","1240",0.78,0.787664271263935,0.754893513623826,0.7376948584297
120,300,"extreme","bf_ps","1240",0.913333333333333,0.923891192822077,0.82766439909297,0.857059071075811
120,300,"extreme","psis","1240",0.786666666666667,0.699959292904565,0.540601638715603,0.7055019740475
120,300,"extreme","waic","1240",0.786666666666667,0.706928200005123,0.540099094473091,0.711861463769245
120,300,"extreme","hbi","1240",0.876666666666667,0.892443664876597,0.780068216665327,0.793758174695088
60,150,"equal","bf_ps","1241",0.806666666666667,0.856691919191919,0.810748973883985,0.807960332350576
60,150,"equal","psis","1241",0.533333333333333,0.695890957225409,0.527295282720258,0.479010386763401
60,150,"equal","waic","1241",0.5,0.693452380952381,0.496762766128572,0.444810894579151
60,150,"equal","hbi","1241",0.793333333333333,0.836239093338485,0.801229341469616,0.79561742492777
60,150,"extreme","bf_ps","1241",0.913333333333333,0.891867391867392,0.775132275132275,0.807719247745154
60,150,"extreme","psis","1241",0.806666666666667,0.738991820123303,0.609232139019373,0.695641908961462
60,150,"extreme","waic","1241",0.8,0.72611762901618,0.612750094664988,0.702388180519626
60,150,"extreme","hbi","1241",0.88,0.869352346999406,0.723112073112073,0.754038211029093
120,150,"equal","bf_ps","1241",0.9,0.915850815850816,0.872368421052632,0.883014537915073
120,150,"equal","psis","1241",0.606666666666667,0.738828157257598,0.641996015680226,0.572250250944656
120,150,"equal","waic","1241",0.613333333333333,0.744535495464288,0.646757920442131,0.58457172672289
120,150,"equal","hbi","1241",0.813333333333333,0.850907029478458,0.797387700019279,0.792123356519641
120,150,"extreme","bf_ps","1241",0.953333333333333,0.762142857142857,0.92322695035461,0.877621755773016
120,150,"extreme","psis","1241",0.766666666666667,0.680444444444444,0.690927895981088,0.674660894660895
120,150,"extreme","waic","1241",0.766666666666667,0.667261904761905,0.680585106382979,0.660389185977421
120,150,"extreme","hbi","1241",0.886666666666667,0.852374551971326,0.847842789598109,0.772568707617727
60,300,"equal","bf_ps","1241",0.776666666666667,0.824596014946419,0.775336561990957,0.773434370430616
60,300,"equal","psis","1241",0.48,0.651360310927366,0.499692474013689,0.44567188709266
60,300,"equal","waic","1241",0.476666666666667,0.647056091827628,0.496696834892877,0.447423465406323
60,300,"equal","hbi","1241",0.696666666666667,0.721305823443799,0.713032235443648,0.670538804515534
60,300,"extreme","bf_ps","1241",0.896666666666667,0.856109945800667,0.806630426311277,0.802315716213919
60,300,"extreme","psis","1241",0.713333333333333,0.628556536448802,0.486341672511885,0.615305728183026
60,300,"extreme","waic","1241",0.73,0.610652680652681,0.476236750837815,0.602600603058269
60,300,"extreme","hbi","1241",0.88,0.852319179824632,0.785733769776323,0.778211531326383
120,300,"equal","bf_ps","1241",0.833333333333333,0.882137703566275,0.827539155196963,0.826388324786494
120,300,"equal","psis","1241",0.516666666666667,0.699130434782609,0.541010052233146,0.488095527142722
120,300,"equal","waic","1241",0.543333333333333,0.704318866054793,0.566551911171736,0.527561305108246
120,300,"equal","hbi","1241",0.733333333333333,0.779749559645633,0.742950131461641,0.704995614174827
120,300,"extreme","bf_ps","1241",0.926666666666667,0.888905775075988,0.855902655902656,0.856785850370482
120,300,"extreme","psis","1241",0.753333333333333,0.658064883211548,0.511233918842614,0.654127627590626
120,300,"extreme","waic","1241",0.756666666666667,0.661715226971292,0.510223593763966,0.648473342825502
120,300,"extreme","hbi","1241",0.856666666666667,0.862625767316843,0.784535037174789,0.76040408204887
60,150,"equal","bf_ps","1242",0.873333333333333,0.902215431627196,0.868621994252246,0.86849765421194
60,150,"equal","psis","1242",0.533333333333333,0.710459183673469,0.551458905240418,0.497954324582255
60,150,"equal","waic","1242",0.513333333333333,0.708032521308919,0.533935952003179,0.473929804798488
60,150,"equal","hbi","1242",0.76,0.823383899014151,0.751058605260286,0.71608278939106
60,150,"extreme","bf_ps","1242",0.92,0.889196108550947,0.828917748917749,0.850822986537272
60,150,"extreme","psis","1242",0.733333333333333,0.670258980785297,0.493204955963577,0.646547581680696
60,150,"extreme","waic","1242",0.706666666666667,0.658602589037372,0.470347813106434,0.615304084757407
60,150,"extreme","hbi","1242",0.873333333333333,0.851573129251701,0.762597402597403,0.775753288926882
120,150,"equal","bf_ps","1242",0.853333333333333,0.895321230724957,0.859786052682086,0.855419589598895
120,150,"equal","psis","1242",0.573333333333333,0.744011009799337,0.585537446737862,0.544479486165669
120,150,"equal","waic","1242",0.566666666666667,0.728622202761371,0.574607774905934,0.543404174023113
120,150,"equal","hbi","1242",0.786666666666667,0.840113677049767,0.806848065079851,0.788358034008253
120,150,"extreme","bf_ps","1242",0.926666666666667,0.879038613081166,0.830559537081276,0.847818072530555
120,150,"extreme","psis","1242",0.74,0.68695652173913,0.519482932526411,0.641633246794653
120,150,"extreme","waic","1242",0.746666666666667,0.685708534621578,0.508440834527791,0.647217086300204
120,150,"extreme","hbi","1242",0.88,0.841996753246753,0.763192121887774,0.774035500725113
60,300,"equal","bf_ps","1242",0.883333333333333,0.913818677015437,0.874716937874833,0.878338447395382
60,300,"equal","psis","1242",0.536666666666667,0.726429851809791,0.562378999757721,0.51112160492816
60,300,"equal","waic","1242",0.496666666666667,0.712858397641006,0.521793030257999,0.459229328396288
60,300,"equal","hbi","1242",0.816666666666667,0.85644421434695,0.810478800704365,0.808058988353839
60,300,"extreme","bf_ps","1242",0.909698996655518,0.884022274576997,0.81766868189282,0.832058682058682
60,300,"extreme","psis","1242",0.796666666666667,0.780950245952039,0.594701093603586,0.574655834873995
60,300,"extreme","waic","1242",0.756666666666667,0.725626432007402,0.537250840775182,0.591729470789996
60,300,"extreme","hbi","1242",0.856666666666667,0.83968253968254,0.733354078308439,0.740614419283695
120,300,"equal","bf_ps","1242",0.88,0.9190556222489,0.874021276374157,0.87651887243724
120,300,"equal","psis","1242",0.52,0.709759448391718,0.543596901040708,0.49947919035053
120,300,"equal","waic","1242",0.523333333333333,0.70693612277331,0.543214070847722,0.511821948182935
120,300,"equal","hbi","1242",0.816666666666667,0.874499672176221,0.810470539629457,0.799505744388755
120,300,"extreme","bf_ps","1242",0.913333333333333,0.896863730649009,0.841816782610393,0.860516520852732
120,300,"extreme","psis","1242",0.756666666666667,0.672347315040491,0.513717371244041,0.660636162885159
120,300,"extreme","waic","1242",0.73,0.660508067250354,0.49146909688498,0.630178085803724
120,300,"extreme","hbi","1242",0.85,0.865604624828655,0.761677795591654,0.758403191405834
60,150,"equal","bf_ps","1243",0.82,0.889263066682421,0.820184990992444,0.819192945293093
60,150,"equal","psis","1243",0.553333333333333,0.66651098102711,0.534529652542075,0.553295079624867
60,150,"equal","waic","1243",0.526666666666667,0.583321582692157,0.510835954935334,0.615323565323565
60,150,"equal","hbi","1243",0.813333333333333,0.876192803612158,0.812817617165443,0.809699818624768
60,150,"extreme","bf_ps","1243",0.913333333333333,0.895804803099636,0.876151229722658,0.874885816504569
60,150,"extreme","psis","1243",0.7,0.75289298515105,0.592176870748299,0.671195717231523
60,150,"extreme","waic","1243",0.666666666666667,0.673659077797009,0.465737833594977,0.60700289291783
60,150,"extreme","hbi","1243",0.886666666666667,0.883901141101602,0.859406070120356,0.853002827116099
120,150,"equal","bf_ps","1243",0.853333333333333,0.905086020894844,0.846753246753247,0.850503449744436
120,150,"equal","psis","1243",0.566666666666667,0.7003663003663,0.554810509183911,0.51972569653793
120,150,"equal","waic","1243",0.553333333333333,0.691330633830175,0.542388148935463,0.504964682414412
120,150,"equal","hbi","1243",0.773333333333333,0.839078185852379,0.775759457933371,0.755763523847505
120,150,"extreme","bf_ps","1243",0.893333333333333,0.863636363636364,0.793956043956044,0.799548120930412
120,150,"extreme","psis","1243",0.733333333333333,0.702002555408128,0.518565644881434,0.673517126148705
120,150,"extreme","waic","1243",0.706666666666667,0.680822021116139,0.466497975708502,0.626181816557598
120,150,"extreme","hbi","1243",0.866666666666667,0.846615477874318,0.753846153846154,0.739411608799364
60,300,"equal","bf_ps","1243",0.82,0.878883037085802,0.81636853521352,0.815121384221788
60,300,"equal","psis","1243",0.526666666666667,0.691096276731117,0.513053264751817,0.47269132998084
60,300,"equal","waic","1243",0.51,0.681591549224553,0.497972407233984,0.45245575762401
60,300,"equal","hbi","1243",0.78,0.831633693312175,0.773555977963273,0.765110271881081
60,300,"extreme","bf_ps","1243",0.91,0.882570623557341,0.848293605877876,0.857415337078339
60,300,"extreme","psis","1243",0.723333333333333,0.766262386798101,0.543991649609627,0.540056383749958
60,300,"extreme","waic","1243",0.71,0.722850195540522,0.507408638026616,0.559200117203343
60,300,"extreme","hbi","1243",0.846666666666667,0.837456128916681,0.767401532570072,0.751702170449387
120,300,"equal","bf_ps","1243",0.836666666666667,0.884433177130566,0.836471834262532,0.836978151871769
120,300,"equal","psis","1243",0.55,0.703691661586398,0.541332790146269,0.502555835739889
120,300,"equal","waic","1243",0.56,0.699050341139591,0.547180983244106,0.517117810674512
120,300,"equal","hbi","1243",0.75,0.77725973618191,0.739003948629008,0.728673905465993
120,300,"extreme","bf_ps","1243",0.916666666666667,0.88278054180765,0.843609022556391,0.854699293818883
120,300,"extreme","psis","1243",0.723333333333333,0.73003660822057,0.525008950948801,0.573179256824892
120,300,"extreme","waic","1243",0.703333333333333,0.67069914505619,0.48891275808569,0.636544808142982
120,300,"extreme","hbi","1243",0.876666666666667,0.856129628885047,0.785034013605442,0.797151689812552
60,150,"equal","bf_ps","1244",0.86,0.901027077497666,0.848966572274843,0.850453349317142
60,150,"equal","psis","1244",0.5,0.695464420840618,0.518683885037268,0.482426606983282
60,150,"equal","waic","1244",0.486666666666667,0.69681622725101,0.507129023858347,0.467730573750516
60,150,"equal","hbi","1244",0.833333333333333,0.880056211673859,0.820256810858315,0.816128767976472
60,150,"extreme","bf_ps","1244",0.913333333333333,0.904029304029304,0.851190476190476,0.84853251275723
60,150,"extreme","psis","1244",0.746666666666667,0.642297770722428,0.543132183908046,0.666966079703877
60,150,"extreme","waic","1244",0.76,0.643631469979296,0.54367816091954,0.667559460780592
60,150,"extreme","hbi","1244",0.886666666666667,0.891945724293448,0.822762725779967,0.80385567305072
120,150,"equal","bf_ps","1244",0.886666666666667,0.896245635935534,0.86422268907563,0.869142199389877
120,150,"equal","psis","1244",0.586666666666667,0.715201465201465,0.56922268907563,0.543977666300916
120,150,"equal","waic","1244",0.54,0.695650086104995,0.529747899159664,0.507536129540227
120,150,"equal","hbi","1244",0.806666666666667,0.848576007326007,0.767247899159664,0.743962866489488
120,150,"extreme","bf_ps","1244",0.926666666666667,0.910510625884898,0.83586889301175,0.864002928288643
120,150,"extreme","psis","1244",0.746666666666667,0.639692172041338,0.528841655239171,0.650167992926614
120,150,"extreme","waic","1244",0.773333333333333,0.65143951833607,0.524552983248635,0.653145111231253
120,150,"extreme","hbi","1244",0.9,0.872415387789659,0.778726035868893,0.783793921609048
60,300,"equal","bf_ps","1244",0.866220735785953,0.899381868131868,0.865925803259927,0.867401367977279
60,300,"equal","psis","1244",0.553333333333333,0.713725349310247,0.552865381240612,0.500563661623592
60,300,"equal","waic","1244",0.526666666666667,0.706488049765361,0.526046812118969,0.479760424536969
60,300,"equal","hbi","1244",0.776666666666667,0.816365759373195,0.7705724435712,0.742708228792162
60,300,"extreme","bf_ps","1244",0.906666666666667,0.860004934616334,0.820671505852895,0.830397839860254
60,300,"extreme","psis","1244",0.74,0.720865837741915,0.569012705997744,0.532292655323647
60,300,"extreme","waic","1244",0.753333333333333,0.731463968808204,0.577397769045648,0.54166950949317
60,300,"extreme","hbi","1244",0.866666666666667,0.710879120879121,0.734897802432133,0.83335571093209
120,300,"equal","bf_ps","1244",0.86241610738255,0.891947210426423,0.857851492911171,0.861614016574258
120,300,"equal","psis","1244",0.536666666666667,0.659075261869468,0.520839133189938,0.532907716896469
120,300,"equal","waic","1244",0.52,0.690098924185059,0.504861986309833,0.458830486053686
120,300,"equal","hbi","1244",0.786666666666667,0.807597917541783,0.767025830077205,0.760996988611127
120,300,"extreme","bf_ps","1244",0.93,0.916563644688645,0.86382855377673,0.884649503442687
120,300,"extreme","psis","1244",0.746666666666667,0.780816302453025,0.575784057095231,0.554285375485726
120,300,"extreme","waic","1244",0.746666666666667,0.775752451668197,0.562082924468268,0.540402504731621
120,300,"extreme","hbi","1244",0.89,0.883216783216783,0.797894487842664,0.807310439840362
60,150,"equal","bf_ps","1245",0.84,0.883264194970184,0.840915926179084,0.843320267791289
60,150,"equal","psis","1245",0.593333333333333,0.739973716759431,0.554455769548649,0.532340944040451
60,150,"equal","waic","1245",0.553333333333333,0.720221388150402,0.51634898297437,0.481171707345633
60,150,"equal","hbi","1245",0.8,0.843235793851557,0.803021189336979,0.80257063292943
60,150,"extreme","bf_ps","1245",0.926666666666667,0.865831489770369,0.870955325210644,0.864175661362362
60,150,"extreme","psis","1245",0.8,0.674376075731497,0.654934230466145,0.700646131780098
60,150,"extreme","waic","1245",0.773333333333333,0.659371199082042,0.61797599563557,0.660654046632034
60,150,"extreme","hbi","1245",0.873333333333333,0.80506866714297,0.769815724071043,0.757748638908059
120,150,"equal","bf_ps","1245",0.78,0.824740938504005,0.778688131090877,0.770153182943112
120,150,"equal","psis","1245",0.573333333333333,0.676308036505405,0.516105765942314,0.548308391869422
120,150,"equal","waic","1245",0.553333333333333,0.663365258384055,0.500450686214008,0.569092055058828
120,150,"equal","hbi","1245",0.753333333333333,0.697223294723295,0.753740438849952,0.838503555268261
120,150,"extreme","bf_ps","1245",0.906666666666667,0.893144270695291,0.831385281385281,0.851059620220743
120,150,"extreme","psis","1245",0.74,0.676716769820218,0.552611367127496,0.67587855180119
120,150,"extreme","waic","1245",0.733333333333333,0.722008301404853,0.565814830330959,0.616269841269841
120,150,"extreme","hbi","1245",0.853333333333333,0.859720836305645,0.737445887445887,0.739604358226807
60,300,"equal","bf_ps","1245",0.806666666666667,0.852080634481754,0.824153502600491,0.818784730720767
60,300,"equal","psis","1245",0.556666666666667,0.660946775042277,0.503817140120308,0.530733413121272
60,300,"equal","waic","1245",0.506666666666667,0.551238087142715,0.453957928858377,0.566357683052589
60,300,"equal","hbi","1245",0.77,0.81708152958153,0.781301136228961,0.76934899348002
60,300,"extreme","bf_ps","1245",0.916666666666667,0.894686407416252,0.841198979591837,0.852945969040002
60,300,"extreme","psis","1245",0.73,0.755461697602764,0.602651768824974,0.599052417710048
60,300,"extreme","waic","1245",0.733333333333333,0.755841072194909,0.595691903704487,0.591561290183808
60,300,"extreme","hbi","1245",0.873333333333333,0.84357976999106,0.766794217687075,0.865046501501875
120,300,"equal","bf_ps","1245",0.826666666666667,0.845696656563762,0.835642793576474,0.828659019671437
120,300,"equal","psis","1245",0.543333333333333,0.650058330322935,0.500662035292514,0.517684263661034
120,300,"equal","waic","1245",0.52,0.687953464566061,0.485173558315244,0.439104490954234
120,300,"equal","hbi","1245",0.73,0.798648073238237,0.745140951296697,0.72714162202508
120,300,"extreme","bf_ps","1245",0.916666666666667,0.900454654223498,0.832983193277311,0.843960295553128
120,300,"extreme","psis","1245",0.743333333333333,0.689553295002211,0.543271764664415,0.674961513952019
120,300,"extreme","waic","1245",0.73,0.664184748735342,0.509878096316247,0.640376481207427
120,300,"extreme","hbi","1245",0.886666666666667,0.883530548176769,0.781282513005202,0.772116078867606
60,150,"equal","bf_ps","1246",0.826666666666667,0.858507402961184,0.807351735387717,0.816062637762013
60,150,"equal","psis","1246",0.593333333333333,0.71066097463613,0.590379720901302,0.537421234113272
60,150,"equal","waic","1246",0.56,0.688836114155807,0.55996166874412,0.506728342038315
60,150,"equal","hbi","1246",0.74,0.785253623188406,0.722936150972133,0.79877089076303
60,150,"extreme","bf_ps","1246",0.926666666666667,0.891138101664417,0.868255894590846,0.872237873489245
60,150,"extreme","psis","1246",0.793333333333333,0.644978354978355,0.56451687471105,0.679195621132794
60,150,"extreme","waic","1246",0.766666666666667,0.621028181922328,0.551427415626445,0.658994708994709
60,150,"extreme","hbi","1246",0.853333333333333,0.813729246487867,0.764285714285714,0.844586494775752
120,150,"equal","bf_ps","1246",0.833333333333333,0.870908363345338,0.843586744639376,0.839878423719887
120,150,"equal","psis","1246",0.526666666666667,0.66269982740571,0.522897339968278,0.539767385117866
120,150,"equal","waic","1246",0.54,0.71451770338284,0.53351878661457,0.500590943448086
120,150,"equal","hbi","1246",0.74,0.795368072787428,0.746459385177921,0.71934083978419
120,150,"extreme","bf_ps","1246",0.913333333333333,0.928923293455313,0.833333333333333,0.860889020620655
120,150,"extreme","psis","1246",0.76,0.647460631156283,0.513840963116325,0.656459185318855
120,150,"extreme","waic","1246",0.746666666666667,0.661338761838762,0.534084809447128,0.667263555815694
120,150,"extreme","hbi","1246",0.853333333333333,0.884018155757286,0.76535541752933,0.782910318418163
60,300,"equal","bf_ps","1246",0.81,0.874140137656476,0.817567937429331,0.809980205265837
60,300,"equal","psis","1246",0.506666666666667,0.687369376974534,0.508562395013706,0.474041852097648
60,300,"equal","waic","1246",0.486666666666667,0.680922344392664,0.487624758022637,0.450728683273593
60,300,"equal","hbi","1246",0.753333333333333,0.840287209256764,0.760705334765485,0.746110257723161
60,300,"extreme","bf_ps","1246",0.896666666666667,0.85671768707483,0.786326979116802,0.80890180763916
60,300,"extreme","psis","1246",0.733333333333333,0.651385281385281,0.504467409186755,0.645314875291458
60,300,"extreme","waic","1246",0.74,0.657998102466793,0.497756050996684,0.640351569588097
60,300,"extreme","hbi","1246",0.866666666666667,0.847879248411163,0.750421707917413,0.771684040785495
120,300,"equal","bf_ps","1246",0.84,0.871677364780813,0.849980096531821,0.83739581153518
120,300,"equal","psis","1246",0.526666666666667,0.696005810334554,0.543873176631797,0.491172883297379
120,300,"equal","waic","1246",0.53,0.703190036860128,0.549728432487053,0.497803891481189
120,300,"equal","hbi","1246",0.803333333333333,0.862262231578441,0.784990297059263,0.785402606844629
120,300,"extreme","bf_ps","1246",0.903333333333333,0.863480038480039,0.821266037720992,0.831141622250828
120,300,"extreme","psis","1246",0.723333333333333,0.725157262828496,0.545709863063781,0.60478362735923
120,300,"extreme","waic","1246",0.746666666666667,0.768453227663754,0.561661049740002,0.550888666503391
120,300,"extreme","hbi","1246",0.856666666666667,0.848836543433723,0.773147398494281,0.772422704554511
60,150,"equal","bf_ps","1247",0.813333333333333,0.882337175020102,0.818090145148969,0.814186600618693
60,150,"equal","psis","1247",0.566666666666667,0.727788668551344,0.575034053979403,0.528719465462266
60,150,"equal","waic","1247",0.54,0.699133727770487,0.545499059203461,0.501834673263245
60,150,"equal","hbi","1247",0.706666666666667,0.682372949179672,0.71018710459012,0.788227687617931
60,150,"extreme","bf_ps","1247",0.933333333333333,0.880315336837076,0.877858969674826,0.863713311411521
60,150,"extreme","psis","1247",0.773333333333333,0.781280193236715,0.63231031543052,0.620773051253098
60,150,"extreme","waic","1247",0.78,0.776436130007559,0.62273083146302,0.612217231390164
60,150,"extreme","hbi","1247",0.913333333333333,0.877631578947368,0.845798319327731,0.829913056131544
120,150,"equal","bf_ps","1247",0.866666666666667,0.889614512471655,0.862549019607843,0.856050569874057
120,150,"equal","psis","1247",0.56,0.686264271790588,0.583326542738307,0.552297596964798
120,150,"equal","waic","1247",0.553333333333333,0.672922595611671,0.567621594092182,0.545772257088052
120,150,"equal","hbi","1247",0.78,0.758172168388887,0.754323062558357,0.721121377434808
120,150,"extreme","bf_ps","1247",0.933333333333333,0.887654505684984,0.883074534161491,0.880693581780538
120,150,"extreme","psis","1247",0.753333333333333,0.677327732561203,0.529750542847043,0.675834748160724
120,150,"extreme","waic","1247",0.74,0.657620724346076,0.493777457960915,0.632063492063492
120,150,"extreme","hbi","1247",0.8,0.825094801838988,0.78060899863657,0.732839802587702
60,300,"equal","bf_ps","1247",0.816666666666667,0.856570797333018,0.822834132909227,0.814173238856783
60,300,"equal","psis","1247",0.536666666666667,0.708044941450345,0.550869124164548,0.505372906760925
60,300,"equal","waic","1247",0.526666666666667,0.691698870235456,0.535988253401324,0.494243667013774
60,300,"equal","hbi","1247",0.73,0.717821057308928,0.738697190664323,0.699765966044442
60,300,"extreme","bf_ps","1247",0.903333333333333,0.865358451072737,0.833237873618999,0.844475683124577
60,300,"extreme","psis","1247",0.743333333333333,0.701141096979526,0.531441459688802,0.580329145828372
60,300,"extreme","waic","1247",0.73,0.695586272547057,0.518454446701789,0.564859590734405
60,300,"extreme","hbi","1247",0.833333333333333,0.799701065993408,0.716636738544957,0.71983649165367
120,300,"equal","bf_ps","1247",0.862876254180602,0.882743097238896,0.866238998659439,0.862312409025056
120,300,"equal","psis","1247",0.56,0.723818325186073,0.55879023308947,0.50765674983713
120,300,"equal","waic","1247",0.57,0.715971546334109,0.567937603725216,0.539764661608324
120,300,"equal","hbi","1247",0.806666666666667,0.831953332711531,0.807175226271659,0.794790428357691
120,300,"extreme","bf_ps","1247",0.923333333333333,0.897904026475455,0.857142857142857,0.865311711370529
120,300,"extreme","psis","1247",0.74,0.712710094340945,0.54480039734277,0.574670453282415
120,300,"extreme","waic","1247",0.74,0.63873488147073,0.515428074750109,0.638266078184111
120,300,"extreme","hbi","1247",0.903333333333333,0.88590384218767,0.835164835164835,0.838476513418109
60,150,"equal","bf_ps","1248",0.826666666666667,0.843361028621975,0.831410789538868,0.827161035541904
60,150,"equal","psis","1248",0.586666666666667,0.711185124456287,0.56741093471389,0.54236759080732
60,150,"equal","waic","1248",0.553333333333333,0.69793956043956,0.533109439821262,0.510637177701111
60,150,"equal","hbi","1248",0.8,0.862622826908541,0.775890775890776,0.778582151650067
60,150,"extreme","bf_ps","1248",0.9,0.867338962942285,0.835501744557472,0.823836494067045
60,150,"extreme","psis","1248",0.713333333333333,0.694176060118089,0.539995934577978,0.579791433947097
60,150,"extreme","waic","1248",0.726666666666667,0.632190476190476,0.50450379513847,0.628946648052339
60,150,"extreme","hbi","1248",0.853333333333333,0.854957860337117,0.775793650793651,0.853292546399676
120,150,"equal","bf_ps","1248",0.853333333333333,0.877102868174297,0.849016067965648,0.850781046910079
120,150,"equal","psis","1248",0.546666666666667,0.686930526122255,0.549601910694348,0.50203452461517
120,150,"equal","waic","1248",0.613333333333333,0.718908812768907,0.612996849089286,0.595901171388677
120,150,"equal","hbi","1248",0.833333333333333,0.881181318681319,0.803011204481793,0.816754352725315
120,150,"extreme","bf_ps","1248",0.926666666666667,0.936323218425947,0.860037348272642,0.885252394968877
120,150,"extreme","psis","1248",0.813333333333333,0.806077979991023,0.599149514878415,0.685868821873423
120,150,"extreme","waic","1248",0.8,0.793166109253066,0.582196646774652,0.665104930150568
120,150,"extreme","hbi","1248",0.866666666666667,0.884833721286923,0.784407096171802,0.786537510108939
60,300,"equal","bf_ps","1248",0.84,0.878328502232011,0.82414460704456,0.833121133355325
60,300,"equal","psis","1248",0.523333333333333,0.639492916121437,0.51664950626422,0.530561035071886
60,300,"equal","waic","1248",0.52,0.64100757161102,0.514116165884043,0.529740286046514
60,300,"equal","hbi","1248",0.8,0.882928975786119,0.768519715578539,0.767602253996651
60,300,"extreme","bf_ps","1248",0.9,0.885169285105347,0.834329263292374,0.840222737294364
60,300,"extreme","psis","1248",0.75,0.709269237263096,0.523844861519338,0.676525990582026
60,300,"extreme","waic","1248",0.723333333333333,0.679891854555794,0.505469522169422,0.650975768729392
60,300,"extreme","hbi","1248",0.856666666666667,0.862570560138949,0.775617142080253,0.761841156038486
120,300,"equal","bf_ps","1248",0.843333333333333,0.888664130900156,0.839912086471175,0.840218067347484
120,300,"equal","psis","1248",0.536666666666667,0.705315053358417,0.538453630689983,0.485018024622308
120,300,"equal","waic","1248",0.51,0.688777971972509,0.508214711843378,0.464171026976614
120,300,"equal","hbi","1248",0.76,0.827512984024719,0.740565516065403,0.728829512262153
120,300,"extreme","bf_ps","1248",0.916666666666667,0.876799816724629,0.850349898580122,0.860605691551983
120,300,"extreme","psis","1248",0.733333333333333,0.640998438843387,0.51892132715155,0.654308072064921
120,300,"extreme","waic","1248",0.756666666666667,0.654477417839194,0.532944074181397,0.671040354435785
120,300,"extreme","hbi","1248",0.89,0.877603432225281,0.801361199652275,0.819848557252792
60,150,"equal","bf_ps","1249",0.886666666666667,0.905452160621333,0.880380298572518,0.885651749071722
60,150,"equal","psis","1249",0.58,0.736980757215167,0.586308161708619,0.536491636823863
60,150,"equal","waic","1249",0.56,0.726859187324304,0.573549362536777,0.526881028874974
60,150,"equal","hbi","1249",0.78,0.82148105306,0.786449820202681,0.75945298079931
60,150,"extreme","bf_ps","1249",0.933333333333333,0.896698750422155,0.878225478225478,0.859958629336339
60,150,"extreme","psis","1249",0.733333333333333,0.716503654003654,0.577452177452177,0.604345509824478
60,150,"extreme","waic","1249",0.706666666666667,0.711754593389867,0.556288156288156,0.580531897096314
60,150,"extreme","hbi","1249",0.9,0.85501012145749,0.823280423280423,0.888647137703741
120,150,"equal","bf_ps","1249",0.82,0.898507790212859,0.805585392051557,0.808814190279708
120,150,"equal","psis","1249",0.533333333333333,0.710643504055487,0.537308120668696,0.491638563798256
120,150,"equal","waic","1249",0.526666666666667,0.70691391941392,0.529789323676215,0.500409956145641
120,150,"equal","hbi","1249",0.786666666666667,0.848490165296888,0.770357570945999,0.766300850061301
120,150,"extreme","bf_ps","1249",0.926666666666667,0.867153550383364,0.823486438654978,0.840555834588984
120,150,"extreme","psis","1249",0.72,0.704556881027469,0.509347861875952,0.553121418796167
120,150,"extreme","waic","1249",0.68,0.680536130536131,0.466076058772688,0.501425347279352
120,150,"extreme","hbi","1249",0.886666666666667,0.844759009986974,0.762589002757542,0.774444625625426
60,300,"equal","bf_ps","1249",0.82,0.883761105086157,0.817111806473509,0.820685022835425
60,300,"equal","psis","1249",0.543333333333333,0.70660456959084,0.532201467475824,0.500933844309083
60,300,"equal","waic","1249",0.55,0.710640512758848,0.538017783930438,0.506558216104053
60,300,"equal","hbi","1249",0.786666666666667,0.835378265645164,0.785511771570002,0.78531737046025
60,300,"extreme","bf_ps","1249",0.93,0.892762660619803,0.84550181276524,0.861650279735386
60,300,"extreme","psis","1249",0.73,0.647410345972088,0.514282649144951,0.644008299392915
60,300,"extreme","waic","1249",0.713333333333333,0.641872859507564,0.49902402439939,0.6162674741258
60,300,"extreme","hbi","1249",0.893333333333333,0.841392115356781,0.779978640285546,0.783194539756418
120,300,"equal","bf_ps","1249",0.826666666666667,0.897869976145182,0.824123343728207,0.828123411891834
120,300,"equal","psis","1249",0.516666666666667,0.715347018172592,0.516991527920562,0.483587686233633
120,300,"equal","waic","1249",0.506666666666667,0.708422344681156,0.505990281908744,0.484193767741047
120,300,"equal","hbi","1249",0.793333333333333,0.846381048145754,0.788200960310119,0.790023305622214
120,300,"extreme","bf_ps","1249",0.923333333333333,0.886511281531246,0.836381051898293,0.853739133487369
120,300,"extreme","psis","1249",0.77,0.69911220043573,0.541241835451571,0.69417680023832
120,300,"extreme","waic","1249",0.76,0.67618015732885,0.514975191146186,0.66449351762563
120,300,"extreme","hbi","1249",0.886666666666667,0.872017711492497,0.78723192516296,0.806520806520806
60,150,"equal","bf_ps","1250",0.786666666666667,0.86186987615559,0.817058092811269,0.817657375846745
60,150,"equal","psis","1250",0.62,0.728624871001032,0.574614069133125,0.66406697781053
60,150,"equal","waic","1250",0.586666666666667,0.710817619730819,0.542442574565987,0.632868618297407
60,150,"equal","hbi","1250",0.66,0.679565672422815,0.709496974760133,0.779902577054316
60,150,"extreme","bf_ps","1250",0.913333333333333,0.870098039215686,0.772581032412965,0.880582453849781
60,150,"extreme","psis","1250",0.733333333333333,0.625652497652886,0.487749099639856,0.611523687362853
60,150,"extreme","waic","1250",0.72,0.622815496739547,0.470264105642257,0.602145386684493
60,150,"extreme","hbi","1250",0.906666666666667,0.856775371338478,0.754723889555822,0.867147114273551
120,150,"equal","bf_ps","1250",0.806666666666667,0.881751305173232,0.808812615955473,0.804084429470713
120,150,"equal","psis","1250",0.513333333333333,0.685044419459116,0.517603404998363,0.502743844849108
120,150,"equal","waic","1250",0.52,0.691679537427619,0.516713958310597,0.502329050000097
120,150,"equal","hbi","1250",0.78,0.845849094786656,0.780210265924552,0.764286502057152
120,150,"extreme","bf_ps","1250",0.906666666666667,0.890052599730019,0.789424860853432,0.810753317720531
120,150,"extreme","psis","1250",0.78,0.655624568668047,0.489486703772418,0.636669950738916
120,150,"extreme","waic","1250",0.773333333333333,0.650997120487375,0.485783000068714,0.63070300301344
120,150,"extreme","hbi","1250",0.873333333333333,0.849813928761297,0.717996289424861,0.819837600758653
60,300,"equal","bf_ps","1250",0.83,0.886131400943815,0.844165827659097,0.846869104561232
60,300,"equal","psis","1250",0.573333333333333,0.743052634779798,0.553375504288338,0.52399171255322
60,300,"equal","waic","1250",0.55,0.739852026953103,0.525510523381074,0.496646851538156
60,300,"equal","hbi","1250",0.76,0.855417732817837,0.784060923878553,0.770786093579866
60,300,"extreme","bf_ps","1250",0.903333333333333,0.898030876844436,0.793382106071355,0.827176353397316
60,300,"extreme","psis","1250",0.75,0.71811914259137,0.562752397084122,0.549872172594496
60,300,"extreme","waic","1250",0.713333333333333,0.691485555261065,0.508315351160743,0.493236214863813
60,300,"extreme","hbi","1250",0.89,0.872503541368121,0.752658558587845,0.775451334566498
120,300,"equal","bf_ps","1250",0.796666666666667,0.86842930970838,0.800267483194313,0.795191779136691
120,300,"equal","psis","1250",0.533333333333333,0.696918862267158,0.53199075411619,0.496397777284371
120,300,"equal","waic","1250",0.51,0.683113844899296,0.505292162347912,0.472549863719901
120,300,"equal","hbi","1250",0.72,0.677003890304189,0.715223790920655,0.795519868223755
120,300,"extreme","bf_ps","1250",0.883333333333333,0.851468386447708,0.752585813376087,0.761190578333436
120,300,"extreme","psis","1250",0.756666666666667,0.613983076627494,0.489118615258433,0.62173905270042
120,300,"extreme","waic","1250",0.75,0.611779638490165,0.471566258800301,0.606690071856711
120,300,"extreme","hbi","1250",0.843333333333333,0.83328039909727,0.694016722892103,0.6759215288491
60,150,"equal","bf_ps","1251",0.813333333333333,0.861988237684832,0.827777777777778,0.82185433614005
60,150,"equal","psis","1251",0.553333333333333,0.725793650793651,0.545759637188209,0.514706049643938
60,150,"equal","waic","1251",0.52,0.711976361601436,0.507074829931973,0.464535935698314
60,150,"equal","hbi","1251",0.753333333333333,0.809907662124411,0.758730158730159,0.749289187105325
60,150,"extreme","bf_ps","1251",0.92,0.912769890564922,0.835476254121001,0.864773581622073
60,150,"extreme","psis","1251",0.76,0.747294372294372,0.574149705324525,0.640742446051123
60,150,"extreme","waic","1251",0.726666666666667,0.73023088023088,0.525641221471213,0.595424821705116
60,150,"extreme","hbi","1251",0.88,0.873242630385488,0.737137383689108,0.863989191844756
120,150,"equal","bf_ps","1251",0.813333333333333,0.872010342598578,0.828275658089323,0.809250615139673
120,150,"equal","psis","1251",0.5,0.671020103373045,0.501281672089126,0.44178630101598
120,150,"equal","waic","1251",0.506666666666667,0.615387872628726,0.503815439219166,0.525735453005452
120,150,"equal","hbi","1251",0.746666666666667,0.821321160042965,0.761579414374445,0.727221309979931
120,150,"extreme","bf_ps","1251",0.92,0.86198676139766,0.80989010989011,0.827932153967893
120,150,"extreme","psis","1251",0.76,0.696697012138189,0.57130670747692,0.639472345375799
120,150,"extreme","waic","1251",0.766666666666667,0.680151515151515,0.545296547424207,0.620073940507377
120,150,"extreme","hbi","1251",0.86,0.823432343234323,0.708991008991009,0.708837381106289
60,300,"equal","bf_ps","1251",0.81,0.855971523708938,0.821735866244367,0.813449999835411
60,300,"equal","psis","1251",0.503333333333333,0.702821059488649,0.502680244995435,0.450727326030006
60,300,"equal","waic","1251",0.49,0.69598829793799,0.485353373268834,0.430491399756025
60,300,"equal","hbi","1251",0.79,0.836968190057052,0.787152541940504,0.781763417689568
60,300,"extreme","bf_ps","1251",0.896666666666667,0.885052202699262,0.792001449702688,0.823839946883922
60,300,"extreme","psis","1251",0.72,0.69682013993068,0.500382054251576,0.554194356796875
60,300,"extreme","waic","1251",0.696666666666667,0.688816509653411,0.482670735028284,0.53120565390504
60,300,"extreme","hbi","1251",0.876666666666667,0.867534002640386,0.762483209658132,0.785039955444999
120,300,"equal","bf_ps","1251",0.836666666666667,0.877412492470159,0.83945085224155,0.837192947523326
120,300,"equal","psis","1251",0.526666666666667,0.694259733240139,0.532280497273075,0.47650364664818
120,300,"equal","waic","1251",0.523333333333333,0.694288293479633,0.52816934897588,0.471644654669993
120,300,"equal","hbi","1251",0.783333333333333,0.826605968766046,0.784033746824444,0.769349315735951
120,300,"extreme","bf_ps","1251",0.926666666666667,0.914664855841326,0.836904761904762,0.860881231750867
120,300,"extreme","psis","1251",0.76,0.640789817019472,0.52724292615597,0.649768402167872
120,300,"extreme","waic","1251",0.736666666666667,0.680424067775258,0.504830917874396,0.541077742871034
120,300,"extreme","hbi","1251",0.876666666666667,0.881632113590876,0.770445134575569,0.785329785825636
60,150,"equal","bf_ps","1252",0.84,0.882758275724083,0.847269960615825,0.845032498555795
60,150,"equal","psis","1252",0.573333333333333,0.725785869903517,0.551784222460914,0.51137362746517
60,150,"equal","waic","1252",0.573333333333333,0.686623673416957,0.552634562596969,0.58525767570257
60,150,"equal","hbi","1252",0.706666666666667,0.752378240171228,0.74171440506027,0.701926064709184
60,150,"extreme","bf_ps","1252",0.873333333333333,0.829680735930736,0.794150025601638,0.798280423280423
60,150,"extreme","psis","1252",0.693333333333333,0.663576815117911,0.516705069124424,0.581862656886436
60,150,"extreme","waic","1252",0.713333333333333,0.68339653810242,0.625281618023554,0.68009438009438
60,150,"extreme","hbi","1252",0.82,0.646585997272496,0.601344086021505,0.788510045444492
120,150,"equal","bf_ps","1252",0.84,0.891689450899977,0.842527519599698,0.845406387511109
120,150,"equal","psis","1252",0.64,0.76659125188537,0.564976146149845,0.634116406056093
120,150,"equal","waic","1252",0.626666666666667,0.744197584694255,0.563650474605711,0.646137972066872
120,150,"equal","hbi","1252",0.706666666666667,0.773020498521989,0.735183428693816,0.705999301682057
120,150,"extreme","bf_ps","1252",0.96,0.941291540539661,0.916064783170046,0.92530052875033
120,150,"extreme","psis","1252",0.786666666666667,0.776503084035365,0.641729323308271,0.699028938570738
120,150,"extreme","waic","1252",0.806666666666667,0.792320261437908,0.662593984962406,0.719436481941649
120,150,"extreme","hbi","1252",0.873333333333333,0.752109866502992,0.730145439355966,0.847785848822118
60,300,"equal","bf_ps","1252",0.84,0.899998975408086,0.853069781371668,0.8520056121476
60,300,"equal","psis","1252",0.566666666666667,0.735024207904877,0.529885558187445,0.503922311737586
60,300,"equal","waic","1252",0.536666666666667,0.716347743916844,0.499826658317224,0.468589460375448
60,300,"equal","hbi","1252",0.793333333333333,0.858912374222608,0.809002196266347,0.810477215477466
60,300,"extreme","bf_ps","1252",0.896666666666667,0.878542876572433,0.806850160012478,0.818887174685188
60,300,"extreme","psis","1252",0.713333333333333,0.66785422655916,0.508488121048935,0.577257485466441
60,300,"extreme","waic","1252",0.706666666666667,0.668953824252774,0.482148128543529,0.55027050345342
60,300,"extreme","hbi","1252",0.856666666666667,0.853505385084332,0.749161497502939,0.738813928084084
120,300,"equal","bf_ps","1252",0.806666666666667,0.886299208386821,0.828645758057523,0.820698589549929
120,300,"equal","psis","1252",0.53,0.662568886110076,0.5010148582904,0.541634140996042
120,300,"equal","waic","1252",0.536666666666667,0.716388827789872,0.505593908735191,0.470124211438483
120,300,"equal","hbi","1252",0.72,0.79290194169449,0.744505757818451,0.711566130089275
120,300,"extreme","bf_ps","1252",0.886666666666667,0.887115715851558,0.790328579656903,0.808597334453638
120,300,"extreme","psis","1252",0.686666666666667,0.74826071171585,0.501875726376717,0.498076944789391
120,300,"extreme","waic","1252",0.706666666666667,0.750157898949995,0.509319142862964,0.519898535536887
120,300,"extreme","hbi","1252",0.853333333333333,0.878576771022545,0.742132600426441,0.74327597050382
60,150,"equal","bf_ps","1253",0.846666666666667,0.87983709273183,0.840368412811349,0.842251179741014
60,150,"equal","psis","1253",0.52,0.692857142857143,0.527684620759059,0.479684867990715
60,150,"equal","waic","1253",0.5,0.670624018838305,0.507649764711377,0.454566744730679
60,150,"equal","hbi","1253",0.76,0.82757514353259,0.743496254336975,0.732937245132367
60,150,"extreme","bf_ps","1253",0.94,0.885270869481396,0.846938775510204,0.854069551811627
60,150,"extreme","psis","1253",0.733333333333333,0.670364082248632,0.535587867685644,0.666254112783193
60,150,"extreme","waic","1253",0.72,0.679746031746032,0.531833490759558,0.657863815382612
60,150,"extreme","hbi","1253",0.886666666666667,0.842567910637218,0.76530612244898,0.858991442202046
120,150,"equal","bf_ps","1253",0.826666666666667,0.883545918367347,0.81871325605341,0.821676505887032
120,150,"equal","psis","1253",0.58,0.706790235322844,0.57037203323472,0.544658376531796
120,150,"equal","waic","1253",0.586666666666667,0.714209045815087,0.572163345370859,0.554268364347274
120,150,"equal","hbi","1253",0.786666666666667,0.83274949826674,0.772112797688245,0.764860957790761
120,150,"extreme","bf_ps","1253",0.926666666666667,0.883963133640553,0.854819466248038,0.8650173869846
120,150,"extreme","psis","1253",0.74,0.656027704820808,0.551916971916972,0.653883785591103
120,150,"extreme","waic","1253",0.753333333333333,0.653048748353096,0.550964590964591,0.653013482501434
120,150,"extreme","hbi","1253",0.846666666666667,0.8331957154235,0.738758067329496,0.733588828685961
60,300,"equal","bf_ps","1253",0.846666666666667,0.882955182072829,0.836929579083878,0.843762862144724
60,300,"equal","psis","1253",0.52,0.685892164695337,0.525798061406103,0.474112036848879
60,300,"equal","waic","1253",0.503333333333333,0.673938858014035,0.506567305480349,0.461617974403119
60,300,"equal","hbi","1253",0.806666666666667,0.86686974789916,0.788263958989686,0.786814969296721
60,300,"extreme","bf_ps","1253",0.916666666666667,0.876052239077449,0.843864541141573,0.851862863147928
60,300,"extreme","psis","1253",0.74,0.747935537851504,0.593263484739412,0.569910206812842
60,300,"extreme","waic","1253",0.7,0.678485675899278,0.506144999436239,0.541476725934522
60,300,"extreme","hbi","1253",0.873333333333333,0.838256372244871,0.768519996183769,0.862033462033462
120,300,"equal","bf_ps","1253",0.84,0.893608592601214,0.84153833780015,0.841567171396931
120,300,"equal","psis","1253",0.56,0.718508058319508,0.556454255427701,0.509050531041951
120,300,"equal","waic","1253",0.543333333333333,0.711715141836202,0.539180943593249,0.506278684060186
120,300,"equal","hbi","1253",0.78,0.829147746054944,0.771480325911844,0.755411663531507
120,300,"extreme","bf_ps","1253",0.936666666666667,0.930398495773798,0.862215320910973,0.887868329913184
120,300,"extreme","psis","1253",0.75,0.708979331615994,0.548181280417305,0.696012446873103
120,300,"extreme","waic","1253",0.723333333333333,0.749058454843029,0.550566355659523,0.587382964112524
120,300,"extreme","hbi","1253",0.9,0.910994344097792,0.797506117071334,0.814052165000332
60,150,"equal","bf_ps","1254",0.813333333333333,0.867197913648218,0.81675342201658,0.799782200516876
60,150,"equal","psis","1254",0.493333333333333,0.684819483926627,0.522246863412277,0.472113040918606
60,150,"equal","waic","1254",0.486666666666667,0.68059595633125,0.501541378421078,0.476708857389773
60,150,"equal","hbi","1254",0.76,0.835290186249939,0.751567980891289,0.733517371182301
60,150,"extreme","bf_ps","1254",0.873333333333333,0.839201293165488,0.783452136835595,0.78468794494542
60,150,"extreme","psis","1254",0.706666666666667,0.713888888888889,0.555845783289392,0.622164931573073
60,150,"extreme","waic","1254",0.7,0.696482638639501,0.523801386583342,0.590623496873497
60,150,"extreme","hbi","1254",0.806666666666667,0.793908472479901,0.735483188490707,0.71491398966482
120,150,"equal","bf_ps","1254",0.853333333333333,0.86946686946687,0.84977469248569,0.84669048397391
120,150,"equal","psis","1254",0.573333333333333,0.758772739865177,0.610231048941316,0.569400700330492
120,150,"equal","waic","1254",0.58,0.754431441506993,0.609580788837274,0.581179329202801
120,150,"equal","hbi","1254",0.746666666666667,0.754872475305912,0.749312768585695,0.718424811422755
120,150,"extreme","bf_ps","1254",0.94,0.918017152096326,0.90974025974026,0.908324673472299
120,150,"extreme","psis","1254",0.726666666666667,0.755390522631902,0.550092318337932,0.620470810947001
120,150,"extreme","waic","1254",0.733333333333333,0.748179483914778,0.540345729643975,0.612978196685672
120,150,"extreme","hbi","1254",0.866666666666667,0.884267752044638,0.846883116883117,0.833193277310924
60,300,"equal","bf_ps","1254",0.873333333333333,0.879424496476168,0.859269171688527,0.86234726448719
60,300,"equal","psis","1254",0.483333333333333,0.694595406031817,0.502618143322554,0.464411030158775
60,300,"equal","waic","1254",0.476666666666667,0.686319721865899,0.495541456568448,0.453403552294846
60,300,"equal","hbi","1254",0.82,0.86697495351158,0.802701169797944,0.798151393158041
60,300,"extreme","bf_ps","1254",0.896666666666667,0.891303630307259,0.838039944650984,0.853986317468202
60,300,"extreme","psis","1254",0.756666666666667,0.749802729024088,0.553507300319453,0.630310836549337
60,300,"extreme","waic","1254",0.746666666666667,0.737139441807219,0.550509784356596,0.619461289699533
60,300,"extreme","hbi","1254",0.86,0.859313442768412,0.805746628211327,0.809347840168907
120,300,"equal","bf_ps","1254",0.85,0.867181930167502,0.839125436197905,0.841950307791834
120,300,"equal","psis","1254",0.496666666666667,0.701854672336982,0.512417872846013,0.473944397876563
120,300,"equal","waic","1254",0.513333333333333,0.711406004709576,0.5275202615223,0.497269948072315
120,300,"equal","hbi","1254",0.773333333333333,0.69126132432016,0.75377502122183,0.836385757639869
120,300,"extreme","bf_ps","1254",0.926666666666667,0.923876622349838,0.881643356643357,0.894559909446626
120,300,"extreme","psis","1254",0.766666666666667,0.762430037570702,0.552613350504917,0.739160755092324
120,300,"extreme","waic","1254",0.743333333333333,0.701895793044799,0.515569069484732,0.67415732899518
120,300,"extreme","hbi","1254",0.876666666666667,0.887306030478695,0.829370629370629,0.834049301879672
60,150,"equal","bf_ps","1255",0.88,0.898715041572184,0.855295093922096,0.8589175530352
60,150,"equal","psis","1255",0.493333333333333,0.690221815221815,0.524317099580475,0.494822009149859
60,150,"equal","waic","1255",0.453333333333333,0.682933598659405,0.495534680474606,0.446819738911576
60,150,"equal","hbi","1255",0.76,0.811164105281752,0.740496746489478,0.722686202686203
60,150,"extreme","bf_ps","1255",0.933333333333333,0.862512827697529,0.860805860805861,0.854748603351955
60,150,"extreme","psis","1255",0.746666666666667,0.809863945578231,0.612296037296037,0.645486957264194
60,150,"extreme","waic","1255",0.733333333333333,0.803610333022098,0.571361971361971,0.596078431372549
60,150,"extreme","hbi","1255",0.853333333333333,0.844322344322344,0.794871794871795,0.773291925465838
120,150,"equal","bf_ps","1255",0.886666666666667,0.912568778267508,0.888473824312334,0.882972082220203
120,150,"equal","psis","1255",0.526666666666667,0.720684427617201,0.547406092871931,0.474931437440521
120,150,"equal","waic","1255",0.486666666666667,0.71105715013278,0.504514936409346,0.448223033360501
120,150,"equal","hbi","1255",0.813333333333333,0.838888888888889,0.808070097604259,0.791120210009675
120,150,"extreme","bf_ps","1255",0.966666666666667,0.946446811615351,0.950396825396825,0.943741769678433
120,150,"extreme","psis","1255",0.806666666666667,0.825525525525525,0.658189033189033,0.708989083258089
120,150,"extreme","waic","1255",0.773333333333333,0.792747747747748,0.632395382395382,0.69912910326347
120,150,"extreme","hbi","1255",0.906666666666667,0.909755206430398,0.878968253968254,0.853222912353347
60,300,"equal","bf_ps","1255",0.866666666666667,0.898688107028083,0.853633271490414,0.855243764172336
60,300,"equal","psis","1255",0.483333333333333,0.68062656641604,0.51049654710369,0.47183100117053
60,300,"equal","waic","1255",0.47,0.675458176199455,0.497857400535972,0.45757947652189
60,300,"equal","hbi","1255",0.806666666666667,0.844677664999558,0.795910636982066,0.789609558108958
60,300,"extreme","bf_ps","1255",0.933333333333333,0.875982891887075,0.883504378763,0.877026961527164
60,300,"extreme","psis","1255",0.743333333333333,0.644045032177186,0.546886973180077,0.666923213737258
60,300,"extreme","waic","1255",0.743333333333333,0.625798011512297,0.508109508171085,0.636449447414642
60,300,"extreme","hbi","1255",0.863333333333333,0.84039652953446,0.841611932129174,0.796466483569637
120,300,"equal","bf_ps","1255",0.866666666666667,0.89945927945928,0.864372117362151,0.86404983701549
120,300,"equal","psis","1255",0.543333333333333,0.709988295204242,0.552437054631866,0.520884289322342
120,300,"equal","waic","1255",0.54,0.707266526875019,0.5493372296122,0.520600703103789
120,300,"equal","hbi","1255",0.843333333333333,0.883115513112105,0.840585715502659,0.835039265891636
120,300,"extreme","bf_ps","1255",0.926666666666667,0.892402961184474,0.880422168867547,0.873216904558285
120,300,"extreme","psis","1255",0.77,0.759745678010614,0.575898078529657,0.639778458491909
120,300,"extreme","waic","1255",0.736666666666667,0.727560778148026,0.542324298140309,0.58679536522157
120,300,"extreme","hbi","1255",0.87,0.872787114845938,0.82765579916177,0.7935048477857
60,150,"equal","bf_ps","1256",0.82,0.870836755754934,0.807602040816327,0.810999152269195
60,150,"equal","psis","1256",0.513333333333333,0.673095641418623,0.496296097386323,0.455551813384995
60,150,"equal","waic","1256",0.513333333333333,0.674684574684575,0.496192266380236,0.443478749911668
60,150,"equal","hbi","1256",0.746666666666667,0.8281276280402,0.746683673469388,0.731671613001556
60,150,"extreme","bf_ps","1256",0.926666666666667,0.850546231443549,0.836180124223602,0.832435613541604
60,150,"extreme","psis","1256",0.733333333333333,0.731181773879142,0.536268855368234,0.570847620997322
60,150,"extreme","waic","1256",0.706666666666667,0.722679587482219,0.514307897071872,0.548315833220156
60,150,"extreme","hbi","1256",0.853333333333333,0.702137998056365,0.718537414965986,0.798109857978279
120,150,"equal","bf_ps","1256",0.786666666666667,0.859235209235209,0.792863856068743,0.786894850563607
120,150,"equal","psis","1256",0.506666666666667,0.670338447082633,0.515397422126745,0.553266075766664
120,150,"equal","waic","1256",0.553333333333333,0.734237597478016,0.564172932330827,0.53378750599472
120,150,"equal","hbi","1256",0.7,0.799659863945578,0.738151181525242,0.697462765717399
120,150,"extreme","bf_ps","1256",0.906666666666667,0.877762588288904,0.807142857142857,0.827136250916739
120,150,"extreme","psis","1256",0.766666666666667,0.73198715682809,0.560371166010264,0.611958049036069
120,150,"extreme","waic","1256",0.753333333333333,0.706524469682364,0.513623344074472,0.580312636721932
120,150,"extreme","hbi","1256",0.84,0.82929717341482,0.734962406015038,0.744184981684982
60,300,"equal","bf_ps","1256",0.813333333333333,0.885017462794452,0.815368451616847,0.815037026248383
60,300,"equal","psis","1256",0.506666666666667,0.711469338850291,0.510563951575993,0.483934717538696
60,300,"equal","waic","1256",0.453333333333333,0.675394704929019,0.45248227673213,0.418008863033234
60,300,"equal","hbi","1256",0.68,0.75157405536472,0.706494187518874,0.677490424029237
60,300,"extreme","bf_ps","1256",0.92,0.882753679748635,0.815454386882958,0.835442144062834
60,300,"extreme","psis","1256",0.74,0.762228847582989,0.552497893537192,0.556888165894377
60,300,"extreme","waic","1256",0.723333333333333,0.711876993356415,0.501091732724794,0.557325669426093
60,300,"extreme","hbi","1256",0.863333333333333,0.85295864377497,0.746663943876487,0.734494858873579
120,300,"equal","bf_ps","1256",0.826666666666667,0.898920437740313,0.838608699293671,0.834708812569552
120,300,"equal","psis","1256",0.533333333333333,0.723606221486333,0.539125615983543,0.512783457735536
120,300,"equal","waic","1256",0.53,0.71186936452303,0.528796647662146,0.524278575985893
120,300,"equal","hbi","1256",0.766666666666667,0.85176683781335,0.791896578809047,0.773747962278946
120,300,"extreme","bf_ps","1256",0.91,0.887340845429081,0.824646781789639,0.835170407804143
120,300,"extreme","psis","1256",0.726666666666667,0.654843208593209,0.493176579906964,0.635363758544316
120,300,"extreme","waic","1256",0.733333333333333,0.645900676923764,0.492086513140374,0.630827365814959
120,300,"extreme","hbi","1256",0.876666666666667,0.871011206414933,0.787711315410691,0.78631836810979
60,150,"equal","bf_ps","1257",0.826666666666667,0.871130952380952,0.838383838383838,0.831362948505806
60,150,"equal","psis","1257",0.52,0.641893339503634,0.503968253968254,0.533015228499099
60,150,"equal","waic","1257",0.506666666666667,0.640873015873016,0.490440115440115,0.512812580897818
60,150,"equal","hbi","1257",0.766666666666667,0.828161802355351,0.776334776334776,0.761677440839428
60,150,"extreme","bf_ps","1257",0.933333333333333,0.922546897546898,0.887998112998113,0.896322873718776
60,150,"extreme","psis","1257",0.78,0.697571828121027,0.566736041736042,0.719857202251434
60,150,"extreme","waic","1257",0.766666666666667,0.75453216374269,0.610386835386835,0.693846729212583
60,150,"extreme","hbi","1257",0.866666666666667,0.745459401709402,0.717821067821068,0.835131290016873
120,150,"equal","bf_ps","1257",0.806666666666667,0.873992673992674,0.814548546691404,0.796461421061634
120,150,"equal","psis","1257",0.52,0.686328094456173,0.516640627542883,0.454295078355229
120,150,"equal","waic","1257",0.526666666666667,0.691397028897029,0.525550890212544,0.468733495481216
120,150,"equal","hbi","1257",0.753333333333333,0.830075187969925,0.744666048237477,0.698775552878896
120,150,"extreme","bf_ps","1257",0.88,0.852625467316189,0.80151833460657,0.801235230934479
120,150,"extreme","psis","1257",0.746666666666667,0.727741566208766,0.527951649868158,0.604464758233858
120,150,"extreme","waic","1257",0.76,0.721323529411765,0.514702801941891,0.601504466846601
120,150,"extreme","hbi","1257",0.806666666666667,0.778792575032721,0.705444421170228,0.787161084529506
60,300,"equal","bf_ps","1257",0.83,0.868281206431824,0.833320964749536,0.826612240194717
60,300,"equal","psis","1257",0.546666666666667,0.660320588296427,0.542681003321472,0.551336732948402
60,300,"equal","waic","1257",0.55,0.708683696390745,0.549447502128787,0.492977594572736
60,300,"equal","hbi","1257",0.756666666666667,0.777947224024937,0.747987078777352,0.705096800978595
60,300,"extreme","bf_ps","1257",0.91,0.887527285956828,0.843552374885071,0.855441080541806
60,300,"extreme","psis","1257",0.786666666666667,0.724093347634749,0.55317726178975,0.731382719959956
60,300,"extreme","waic","1257",0.78,0.729391660970608,0.550007217431714,0.725260733059922
60,300,"extreme","hbi","1257",0.87,0.867739634043982,0.805320718162792,0.79045954045954
120,300,"equal","bf_ps","1257",0.833333333333333,0.881678617392903,0.833829996337604,0.827642731375891
120,300,"equal","psis","1257",0.51,0.686721838888773,0.523725520631877,0.449275460064359
120,300,"equal","waic","1257",0.503333333333333,0.682572076449627,0.521434460389334,0.449229846339063
120,300,"equal","hbi","1257",0.786666666666667,0.836416056988833,0.768878051201327,0.745969279756423
120,300,"extreme","bf_ps","1257",0.893333333333333,0.848810699641264,0.810176305158935,0.816684971423742
120,300,"extreme","psis","1257",0.736666666666667,0.714203131703132,0.55037059516544,0.594828512264494
120,300,"extreme","waic","1257",0.7,0.631883490073145,0.475762986758949,0.612516595503804
120,300,"extreme","hbi","1257",0.853333333333333,0.833437770422474,0.764480261378294,0.760386666647204
60,150,"equal","bf_ps","1258",0.766666666666667,0.806646825396825,0.76306309963599,0.755733155733156
60,150,"equal","psis","1258",0.506666666666667,0.660397395032283,0.511412246057843,0.456289234696684
60,150,"equal","waic","1258",0.48,0.642228029423151,0.482926262292357,0.441905267242627
60,150,"equal","hbi","1258",0.726666666666667,0.769585253456221,0.727988200110962,0.715262211040491
60,150,"extreme","bf_ps","1258",0.86,0.743616363373202,0.736542443064182,0.716995830590301
60,150,"extreme","psis","1258",0.646666666666667,0.53870841995842,0.389648033126294,0.489492769613252
60,150,"extreme","waic","1258",0.66,0.5895181429428,0.419772256728778,0.537254229307503
60,150,"extreme","hbi","1258",0.806666666666667,0.718809224569593,0.690579710144927,0.653877820079911
120,150,"equal","bf_ps","1258",0.86,0.899725274725275,0.853823953823954,0.850162673765158
120,150,"equal","psis","1258",0.533333333333333,0.666744813867576,0.559055187731658,0.58374820965304
120,150,"equal","waic","1258",0.58,0.748953317064772,0.589276323235302,0.55858078429507
120,150,"equal","hbi","1258",0.74,0.7700973365935,0.75992187278952,0.717978908285598
120,150,"extreme","bf_ps","1258",0.886666666666667,0.851234567901235,0.784923510466989,0.808112973957925
120,150,"extreme","psis","1258",0.78,0.713280053280053,0.583351279514192,0.689608843537415
120,150,"extreme","waic","1258",0.76,0.692044571018588,0.546158062200493,0.654866247904015
120,150,"extreme","hbi","1258",0.826666666666667,0.811775853012966,0.720008051529791,0.736590288445127
60,300,"equal","bf_ps","1258",0.87,0.898538011695906,0.863991126219387,0.859260091425358
60,300,"equal","psis","1258",0.523333333333333,0.696270820156019,0.53990900266486,0.478904718522203
60,300,"equal","waic","1258",0.506666666666667,0.689402318013636,0.523756176113916,0.464519580591513
60,300,"equal","hbi","1258",0.85,0.848854262959539,0.842332316788839,0.839503189362973
60,300,"extreme","bf_ps","1258",0.876666666666667,0.878976697061803,0.794952596423185,0.804292532863962
60,300,"extreme","psis","1258",0.743333333333333,0.690207459207459,0.51882308867603,0.668028026565224
60,300,"extreme","waic","1258",0.726666666666667,0.672395979612004,0.493947229241347,0.647502586976886
60,300,"extreme","hbi","1258",0.843333333333333,0.846985204947854,0.7604038118744,0.760533492783231
120,300,"equal","bf_ps","1258",0.853333333333333,0.89646960005169,0.84516240518793,0.850249675330939
120,300,"equal","psis","1258",0.543333333333333,0.70637630010335,0.549020899960046,0.503054192724307
120,300,"equal","waic","1258",0.526666666666667,0.69673670756563,0.537346540637603,0.502489420732402
120,300,"equal","hbi","1258",0.816666666666667,0.853724347027918,0.812541487314601,0.808800793725259
120,300,"extreme","bf_ps","1258",0.9,0.868612006205991,0.817215776027251,0.82672182032055
120,300,"extreme","psis","1258",0.746666666666667,0.650284205731014,0.503243204882549,0.63033213530675
120,300,"extreme","waic","1258",0.793333333333333,0.751623945460041,0.588418582783337,0.661045845371467
120,300,"extreme","hbi","1258",0.853333333333333,0.826816423635275,0.754526382087857,0.761082078645093
60,150,"equal","bf_ps","1259",0.846666666666667,0.860817890374541,0.855856168554378,0.853500751017182
60,150,"equal","psis","1259",0.546666666666667,0.697727272727273,0.515405684012736,0.487502421508182
60,150,"equal","waic","1259",0.54,0.64973544973545,0.503413887294048,0.535168919943279
60,150,"equal","hbi","1259",0.833333333333333,0.861748048844823,0.845367190354403,0.839395245277598
60,150,"extreme","bf_ps","1259",0.9,0.86771853877117,0.795018007202881,0.817701777985996
60,150,"extreme","psis","1259",0.733333333333333,0.725811688311688,0.548834751291821,0.607077306596537
60,150,"extreme","waic","1259",0.693333333333333,0.696419321419321,0.466647528576648,0.53515367095851
60,150,"extreme","hbi","1259",0.813333333333333,0.656463675213675,0.563325330132053,0.773857586512866
120,150,"equal","bf_ps","1259",0.826666666666667,0.861468829956225,0.828339788866105,0.826278014579651
120,150,"equal","psis","1259",0.58,0.708881196629732,0.578149920255183,0.539373194851235
120,150,"equal","waic","1259",0.56,0.691638282241368,0.556458787661795,0.530762654006533
120,150,"equal","hbi","1259",0.733333333333333,0.747194072136864,0.72061512005121,0.689736031578937
120,150,"extreme","bf_ps","1259",0.933333333333333,0.90793023401719,0.879341210168278,0.883589395517377
120,150,"extreme","psis","1259",0.693333333333333,0.717649017649018,0.53051052957068,0.681309098777453
120,150,"extreme","waic","1259",0.693333333333333,0.711111111111111,0.519435764736517,0.669776203328835
120,150,"extreme","hbi","1259",0.846666666666667,0.869205622752534,0.800715262181428,0.780310960395796
60,300,"equal","bf_ps","1259",0.843333333333333,0.887678202185058,0.852467860754008,0.849428246132175
60,300,"equal","psis","1259",0.563333333333333,0.731098786980232,0.545214811910608,0.48831187156253
60,300,"equal","waic","1259",0.55,0.715582622577224,0.531451166917728,0.491006166988846
60,300,"equal","hbi","1259",0.743333333333333,0.708681726918809,0.74698303790677,0.833355357837857
60,300,"extreme","bf_ps","1259",0.903333333333333,0.883917066205407,0.826530612244898,0.83490593324774
60,300,"extreme","psis","1259",0.716666666666667,0.743035572647682,0.531517646931181,0.602562242903634
60,300,"extreme","waic","1259",0.686666666666667,0.709373756920927,0.475383263353188,0.547655059343471
60,300,"extreme","hbi","1259",0.85,0.854063644688645,0.76515693996897,0.740020258453438
120,300,"equal","bf_ps","1259",0.86,0.901481145573853,0.860450026164312,0.862043342630254
120,300,"equal","psis","1259",0.55,0.718199446774757,0.550896108722196,0.483420472456533
120,300,"equal","waic","1259",0.533333333333333,0.706277034504718,0.538299395566476,0.482613349828558
120,300,"equal","hbi","1259",0.773333333333333,0.832001089958383,0.775447409733124,0.758721264742605
120,300,"extreme","bf_ps","1259",0.94,0.889757360010336,0.880688085381452,0.878804863460893
120,300,"extreme","psis","1259",0.753333333333333,0.672780156903977,0.556350428878589,0.675035108765591
120,300,"extreme","waic","1259",0.756666666666667,0.674829319135482,0.547419851737749,0.670080415171558
120,300,"extreme","hbi","1259",0.903333333333333,0.869454011991325,0.821482439129498,0.818652171996287
60,150,"equal","bf_ps","1260",0.866666666666667,0.902236652236652,0.866605644546148,0.864028675968766
60,150,"equal","psis","1260",0.533333333333333,0.698165869218501,0.542445710549666,0.502280218144818
60,150,"equal","waic","1260",0.52,0.677006009190527,0.517881972010772,0.465149485354089
60,150,"equal","hbi","1260",0.78,0.713461142032571,0.766370584847211,0.848496119772716
60,150,"extreme","bf_ps","1260",0.886666666666667,0.874891774891775,0.799267399267399,0.801866056672418
60,150,"extreme","psis","1260",0.766666666666667,0.678429027113238,0.514874321081218,0.654941636361444
60,150,"extreme","waic","1260",0.786666666666667,0.699734688658739,0.526217001389415,0.672085650932467
60,150,"extreme","hbi","1260",0.833333333333333,0.848564022383147,0.730695970695971,0.704323308270677
120,150,"equal","bf_ps","1260",0.853333333333333,0.909221005475361,0.857353955568241,0.860724398455034
120,150,"equal","psis","1260",0.5,0.656371406371406,0.497859154303254,0.530546899203616
120,150,"equal","waic","1260",0.533333333333333,0.718806515235087,0.527661874466386,0.502899901728942
120,150,"equal","hbi","1260",0.793333333333333,0.884852854185152,0.808804161676832,0.801475300066849
120,150,"extreme","bf_ps","1260",0.92,0.922962454212454,0.841666666666667,0.870105487907346
120,150,"extreme","psis","1260",0.706666666666667,0.613540163540163,0.46373507444936,0.586875715945483
120,150,"extreme","waic","1260",0.706666666666667,0.672808800395007,0.504860615574901,0.564318783068783
120,150,"extreme","hbi","1260",0.893333333333333,0.917545787545788,0.803571428571429,0.834540647978037
60,300,"equal","bf_ps","1260",0.82,0.864999160545577,0.825931920156844,0.824773827511442
60,300,"equal","psis","1260",0.516666666666667,0.701713174721365,0.516252911464096,0.48189901444185
60,300,"equal","waic","1260",0.48,0.693546662473465,0.477899680217077,0.432367271277812
60,300,"equal","hbi","1260",0.77,0.82677693955295,0.781429083900688,0.765951439864483
60,300,"extreme","bf_ps","1260",0.886666666666667,0.854609038963193,0.78390847711928,0.799929040915595
60,300,"extreme","psis","1260",0.716666666666667,0.603811677452982,0.467043366729939,0.590198642244547
60,300,"extreme","waic","1260",0.696666666666667,0.593935909892403,0.440258441994239,0.55853942082778
60,300,"extreme","hbi","1260",0.823333333333333,0.812720982486211,0.710436362017905,0.698515375533943
120,300,"equal","bf_ps","1260",0.85,0.905189986953686,0.845810130031135,0.850348097513988
120,300,"equal","psis","1260",0.546666666666667,0.733758160211618,0.549825062493057,0.50565059788381
120,300,"equal","waic","1260",0.536666666666667,0.734850580206762,0.541694230414987,0.503081486270283
120,300,"equal","hbi","1260",0.816666666666667,0.868822241540294,0.820092440172082,0.817527182962968
120,300,"extreme","bf_ps","1260",0.92,0.885167879695923,0.842012288786482,0.857526607547658
120,300,"extreme","psis","1260",0.753333333333333,0.653289261064461,0.49772313849139,0.627020934423104
120,300,"extreme","waic","1260",0.716666666666667,0.676347852863551,0.490548953027731,0.537589118835395
120,300,"extreme","hbi","1260",0.886666666666667,0.875915750915751,0.79844470046083,0.820261545764223
60,150,"equal","bf_ps","1261",0.873333333333333,0.904231032802461,0.86478288633461,0.872907990175542
60,150,"equal","psis","1261",0.593333333333333,0.70715811965812,0.568689563948185,0.600558826210276
60,150,"equal","waic","1261",0.58,0.693827651019145,0.563530833789454,0.57918846111303
60,150,"equal","hbi","1261",0.846666666666667,0.904052688728768,0.835780423280423,0.833709509444803
60,150,"extreme","bf_ps","1261",0.96,0.930952380952381,0.909340659340659,0.903652765454008
60,150,"extreme","psis","1261",0.793333333333333,0.678888888888889,0.58050283050283,0.692697466467958
60,150,"extreme","waic","1261",0.753333333333333,0.655420666290232,0.546037296037296,0.635138274888582
60,150,"extreme","hbi","1261",0.9,0.890896543070456,0.824481074481074,0.774747474747475
120,150,"equal","bf_ps","1261",0.853333333333333,0.909216857474697,0.842456520088099,0.852456912352595
120,150,"equal","psis","1261",0.586666666666667,0.727484594535286,0.581210728842308,0.569277122364386
120,150,"equal","waic","1261",0.64,0.750216674537232,0.631577175261386,0.63422454253019
120,150,"equal","hbi","1261",0.833333333333333,0.86952781112445,0.824649882281461,0.833138476578588
120,150,"extreme","bf_ps","1261",0.946666666666667,0.943127321850726,0.904761904761905,0.921095605567655
120,150,"extreme","psis","1261",0.806666666666667,0.784537684537685,0.656395891690009,0.739444444444444
120,150,"extreme","waic","1261",0.813333333333333,0.782523967712795,0.638468720821662,0.732455933455981
120,150,"extreme","hbi","1261",0.88,0.902886002886003,0.833333333333333,0.836348413491271
60,300,"equal","bf_ps","1261",0.85,0.896372672870369,0.841471615673296,0.851772926820683
60,300,"equal","psis","1261",0.56,0.71768494438183,0.551300414571863,0.512764334912246
60,300,"equal","waic","1261",0.53,0.692424298879698,0.525095921460979,0.486892746504279
60,300,"equal","hbi","1261",0.776666666666667,0.803597716084636,0.761165385072948,0.745194948678888
60,300,"extreme","bf_ps","1261",0.94,0.913440918048473,0.899121599121599,0.901582105694368
60,300,"extreme","psis","1261",0.706666666666667,0.679673225727685,0.564761814761815,0.671508708352507
60,300,"extreme","waic","1261",0.726666666666667,0.66090064013804,0.529196029196029,0.645716695518387
60,300,"extreme","hbi","1261",0.883333333333333,0.876467392256866,0.822331722331722,0.813688455596816
120,300,"equal","bf_ps","1261",0.87,0.910280853806313,0.860106382978723,0.864373206195593
120,300,"equal","psis","1261",0.533333333333333,0.719587035400288,0.549358476627479,0.49356599188532
120,300,"equal","waic","1261",0.546666666666667,0.725307091092297,0.560046587667924,0.514039072409998
120,300,"equal","hbi","1261",0.83,0.870149317588671,0.806408308004053,0.809940179872323
120,300,"extreme","bf_ps","1261",0.913333333333333,0.890215023994094,0.871866848061731,0.867606732056893
120,300,"extreme","psis","1261",0.72,0.706087045570917,0.509968022585696,0.667046344538394
120,300,"extreme","waic","1261",0.713333333333333,0.683432352066607,0.503791399717919,0.645203890797819
120,300,"extreme","hbi","1261",0.84,0.84921368547419,0.796688637447619,0.779915385291729
60,150,"equal","bf_ps","1262",0.86,0.879717150017902,0.857048630422282,0.859301148471655
60,150,"equal","psis","1262",0.533333333333333,0.693885614938247,0.522276523012058,0.479872486940733
60,150,"equal","waic","1262",0.52,0.633558558558559,0.50087205906101,0.516391129954704
60,150,"equal","hbi","1262",0.753333333333333,0.748873731632352,0.742250019301343,0.713725884116192
60,150,"extreme","bf_ps","1262",0.906666666666667,0.910056390977444,0.757142857142857,0.782149478256264
60,150,"extreme","psis","1262",0.74,0.639045707915273,0.519623233908948,0.641108900661396
60,150,"extreme","waic","1262",0.753333333333333,0.634177489177489,0.55298273155416,0.66687675070028
60,150,"extreme","hbi","1262",0.886666666666667,0.830105179781904,0.731868131868132,0.83768558806922
120,150,"equal","bf_ps","1262",0.8,0.877239271003445,0.812253460824889,0.811589309787167
120,150,"equal","psis","1262",0.54,0.709711779448622,0.507244203042522,0.466874383936506
120,150,"equal","waic","1262",0.54,0.665058479532164,0.50825999397428,0.531672890669046
120,150,"equal","hbi","1262",0.786666666666667,0.873847720906544,0.803571666428809,0.798026096710307
120,150,"extreme","bf_ps","1262",0.92,0.852674610216758,0.816043083900227,0.814509672854941
120,150,"extreme","psis","1262",0.78,0.717749189683501,0.608361678004535,0.616343672865412
120,150,"extreme","waic","1262",0.806666666666667,0.736598087510866,0.595252267573696,0.632027535306224
120,150,"extreme","hbi","1262",0.893333333333333,0.84230674620257,0.77749433106576,0.779301013459736
60,300,"equal","bf_ps","1262",0.803333333333333,0.880467151895723,0.814463940315004,0.805393578643579
60,300,"equal","psis","1262",0.53,0.69639080279095,0.517177493035608,0.476588298367628
60,300,"equal","waic","1262",0.49,0.676268602436908,0.47783650644047,0.437114812573373
60,300,"equal","hbi","1262",0.733333333333333,0.770330877494384,0.74806212908952,0.715850190635775
60,300,"extreme","bf_ps","1262",0.926666666666667,0.932452071737786,0.793245341614907,0.826114806912191
60,300,"extreme","psis","1262",0.766666666666667,0.681064771192959,0.531276129014665,0.561983828042059
60,300,"extreme","waic","1262",0.78,0.623010593742301,0.52711303711535,0.649564651003584
60,300,"extreme","hbi","1262",0.88,0.746170463472113,0.683928571428571,0.795584045584046
120,300,"equal","bf_ps","1262",0.82,0.901978792685981,0.822789115646258,0.824877634571259
120,300,"equal","psis","1262",0.583333333333333,0.734965795798859,0.567559063565703,0.533396116185649
120,300,"equal","waic","1262",0.576666666666667,0.736310843627917,0.562066640766049,0.525716350410549
120,300,"equal","hbi","1262",0.766666666666667,0.85019520851819,0.777482872581657,0.773346397178783
120,300,"extreme","bf_ps","1262",0.896666666666667,0.850443098529512,0.786474233397006,0.784764736229174
120,300,"extreme","psis","1262",0.733333333333333,0.699456908831909,0.509502965495396,0.54900871700433
120,300,"extreme","waic","1262",0.72,0.684444937490353,0.491811038200738,0.539186166950883
120,300,"extreme","hbi","1262",0.86,0.839614512471655,0.732450238295486,0.723726365919057
60,150,"equal","bf_ps","1263",0.833333333333333,0.865986394557823,0.835109335109335,0.829956027630446
60,150,"equal","psis","1263",0.54,0.722328325269502,0.558386058386058,0.527667306238735
60,150,"equal","waic","1263",0.533333333333333,0.715940542745928,0.55000555000555,0.511206713146368
60,150,"equal","hbi","1263",0.706666666666667,0.657561486132915,0.721500721500722,0.790147050594681
60,150,"extreme","bf_ps","1263",0.913333333333333,0.905667366341524,0.860902255639098,0.865034013605442
60,150,"extreme","psis","1263",0.793333333333333,0.731301233013562,0.586233967271119,0.742240117841303
60,150,"extreme","waic","1263",0.74,0.672825396825397,0.522438449063836,0.661123086430328
60,150,"extreme","hbi","1263",0.853333333333333,0.879957502451782,0.794799498746867,0.770184425666958
120,150,"equal","bf_ps","1263",0.846666666666667,0.869461697722567,0.837112622826909,0.832163882101304
120,150,"equal","psis","1263",0.553333333333333,0.694974751223367,0.590905327648301,0.532455815211118
120,150,"equal","waic","1263",0.593333333333333,0.699087977192125,0.615244277787743,0.580938523174548
120,150,"equal","hbi","1263",0.786666666666667,0.840723969013443,0.739092859365969,0.721514679409416
120,150,"extreme","bf_ps","1263",0.893333333333333,0.854545454545454,0.789575830332133,0.810235818465317
120,150,"extreme","psis","1263",0.733333333333333,0.67479524979525,0.470270547243288,0.63144375949254
120,150,"extreme","waic","1263",0.673333333333333,0.643536945812808,0.419084219053475,0.578113850545016
120,150,"extreme","hbi","1263",0.846666666666667,0.852698878524264,0.73405362144858,0.745375470762468
60,300,"equal","bf_ps","1263",0.836666666666667,0.864425289143141,0.829464914930031,0.825230305666881
60,300,"equal","psis","1263",0.496666666666667,0.697129304979169,0.525213040848865,0.473051605626509
60,300,"equal","waic","1263",0.49,0.691756655561842,0.515097191371313,0.472118736277798
60,300,"equal","hbi","1263",0.806666666666667,0.850298611007132,0.789766435115272,0.784236428021656
60,300,"extreme","bf_ps","1263",0.91,0.87255538579068,0.855734005273107,0.85591153020301
60,300,"extreme","psis","1263",0.74,0.774750514863156,0.574073731854057,0.553628201365667
60,300,"extreme","waic","1263",0.733333333333333,0.764989257495488,0.544426374097261,0.533725899793125
60,300,"extreme","hbi","1263",0.846666666666667,0.837790780647924,0.777812297667909,0.771219582651362
120,300,"equal","bf_ps","1263",0.86,0.895906110191825,0.844513230824245,0.845514562553102
120,300,"equal","psis","1263",0.543333333333333,0.708826214546042,0.577722035473913,0.5180723861146
120,300,"equal","waic","1263",0.53,0.69297079511925,0.55357443453501,0.515140101836191
120,300,"equal","hbi","1263",0.796666666666667,0.78596158532319,0.762634901081397,0.739954269315537
120,300,"extreme","bf_ps","1263",0.926666666666667,0.883189807714994,0.851961646727657,0.862755909187335
120,300,"extreme","psis","1263",0.78,0.683582875858547,0.544768942059582,0.695568848228947
120,300,"extreme","waic","1263",0.77,0.660347299759064,0.523146311816263,0.668239044887614
120,300,"extreme","hbi","1263",0.866666666666667,0.850219298245614,0.781729415904293,0.771912765236562
60,150,"equal","bf_ps","1264",0.846666666666667,0.905475360876058,0.839190221543163,0.847454133168419
60,150,"equal","psis","1264",0.56,0.727577119072626,0.545695187165775,0.530837568326251
60,150,"equal","waic","1264",0.56,0.735118418687096,0.547150496562261,0.513126917850578
60,150,"equal","hbi","1264",0.753333333333333,0.742328042328042,0.745250827603769,0.838298094190718
60,150,"extreme","bf_ps","1264",0.893333333333333,0.88849045691151,0.800523286237572,0.814152848865331
60,150,"extreme","psis","1264",0.793333333333333,0.751457030623697,0.565009593581022,0.637597392727352
60,150,"extreme","waic","1264",0.753333333333333,0.708241758241758,0.512332112332112,0.591710758377425
60,150,"extreme","hbi","1264",0.873333333333333,0.87599846390169,0.786394557823129,0.791077822433321
120,150,"equal","bf_ps","1264",0.84,0.902700474129046,0.836472088835534,0.843456657121253
120,150,"equal","psis","1264",0.56,0.701347307663097,0.538496977738464,0.481517378411788
120,150,"equal","waic","1264",0.566666666666667,0.701787802840434,0.550592605463238,0.507223986230761
120,150,"equal","hbi","1264",0.82,0.887301587301587,0.811787214885954,0.806882913404653
120,150,"extreme","bf_ps","1264",0.893333333333333,0.848639455782313,0.811524609843938,0.79435817805383
120,150,"extreme","psis","1264",0.78,0.758335344325592,0.609003601440576,0.676096145245081
120,150,"extreme","waic","1264",0.773333333333333,0.694170771756979,0.537575030012005,0.672899106002554
120,150,"extreme","hbi","1264",0.853333333333333,0.836116497881204,0.756622649059624,0.720607808340728
60,300,"equal","bf_ps","1264",0.822742474916388,0.876772100735234,0.816923628755492,0.823167364569449
60,300,"equal","psis","1264",0.516666666666667,0.68963924963925,0.505232074352283,0.454979033278364
60,300,"equal","waic","1264",0.513333333333333,0.69324934161155,0.50441058167539,0.449941372207686
60,300,"equal","hbi","1264",0.766666666666667,0.857533517528762,0.760471439129976,0.75314393379295
60,300,"extreme","bf_ps","1264",0.926666666666667,0.885724785165084,0.829271137026239,0.844202011213021
60,300,"extreme","psis","1264",0.773333333333333,0.724567377382182,0.567296214653109,0.607399544899545
60,300,"extreme","waic","1264",0.79,0.732073135254129,0.573170494678708,0.615587306993065
60,300,"extreme","hbi","1264",0.89,0.866219015594823,0.782575315840622,0.768360493091225
120,300,"equal","bf_ps","1264",0.86,0.913839084891717,0.853039963039963,0.861821307992685
120,300,"equal","psis","1264",0.596666666666667,0.737262886012142,0.57775096693464,0.535831124885527
120,300,"equal","waic","1264",0.566666666666667,0.725062230618653,0.555332037576935,0.51609202310478
120,300,"equal","hbi","1264",0.806666666666667,0.864629759949957,0.79599328415655,0.791779139357417
120,300,"extreme","bf_ps","1264",0.913333333333333,0.885957198204292,0.817106869738449,0.830062657648865
120,300,"extreme","psis","1264",0.78,0.701453599191156,0.512279101502663,0.672227961432507
120,300,"extreme","waic","1264",0.763333333333333,0.679820062977958,0.496866302081818,0.642380156127021
120,300,"extreme","hbi","1264",0.87,0.839385036761612,0.742625795257374,0.841717171717172
60,150,"equal","bf_ps","1265",0.866666666666667,0.857871609278259,0.846767937944409,0.844953097518077
60,150,"equal","psis","1265",0.593333333333333,0.725698375698376,0.570295727885861,0.544640929246192
60,150,"equal","waic","1265",0.586666666666667,0.721360544217687,0.557514092485629,0.532536274272018
60,150,"equal","hbi","1265",0.733333333333333,0.67894197305962,0.734546341282584,0.809669296625818
60,150,"extreme","bf_ps","1265",0.933333333333333,0.920901817631594,0.886755579424752,0.900837742504409
60,150,"extreme","psis","1265",0.706666666666667,0.740479582146249,0.564725745950168,0.633532671032671
60,150,"extreme","waic","1265",0.733333333333333,0.74475238014521,0.573901601502249,0.655898632011425
60,150,"extreme","hbi","1265",0.84,0.811236382664954,0.755803198472371,0.75188040128332
120,150,"equal","bf_ps","1265",0.86,0.903715332286761,0.860166370896185,0.860475247572022
120,150,"equal","psis","1265",0.533333333333333,0.716569236390208,0.558251458686241,0.513991133098319
120,150,"equal","waic","1265",0.573333333333333,0.726138167388167,0.582714366378963,0.579037121880276
120,150,"equal","hbi","1265",0.813333333333333,0.831270139634801,0.793094633110161,0.790826980021847
120,150,"extreme","bf_ps","1265",0.893333333333333,0.859013605442177,0.842768411712511,0.828290324784516
120,150,"extreme","psis","1265",0.72,0.626098901098901,0.480246228926353,0.598722139315367
120,150,"extreme","waic","1265",0.733333333333333,0.61632527809743,0.484749334516415,0.601340032359549
120,150,"extreme","hbi","1265",0.806666666666667,0.816414073731147,0.76691437444543,0.70851118898738
60,300,"equal","bf_ps","1265",0.84,0.87219873396344,0.84930232241553,0.839828374386699
60,300,"equal","psis","1265",0.56,0.719114351467293,0.573784747747012,0.525514986986506
60,300,"equal","waic","1265",0.54,0.709293523806829,0.548695172751776,0.506999628929153
60,300,"equal","hbi","1265",0.753333333333333,0.686584462446531,0.751591580028238,0.826472457658078
60,300,"extreme","bf_ps","1265",0.896666666666667,0.851103633208896,0.849594441625071,0.843581780257734
60,300,"extreme","psis","1265",0.716666666666667,0.700953497011447,0.524345004836861,0.574982150142799
60,300,"extreme","waic","1265",0.7,0.628419694224656,0.483907509914316,0.62078613207345
60,300,"extreme","hbi","1265",0.836666666666667,0.82172884618705,0.776271503582905,0.75322971381588
120,300,"equal","bf_ps","1265",0.84,0.886242589765095,0.826485594259681,0.827110775572498
120,300,"equal","psis","1265",0.533333333333333,0.695043607186464,0.560555683444903,0.519077836812855
120,300,"equal","waic","1265",0.55,0.69618033634434,0.565413775248808,0.541934322986955
120,300,"equal","hbi","1265",0.78,0.756784746418893,0.751647339521094,0.723445146390591
120,300,"extreme","bf_ps","1265",0.88,0.827194044868352,0.818801679097247,0.791199949493667
120,300,"extreme","psis","1265",0.736666666666667,0.563479335195538,0.51003723889615,0.643119098881075
120,300,"extreme","waic","1265",0.743333333333333,0.548954984733748,0.49097432383395,0.631860748702343
120,300,"extreme","hbi","1265",0.85,0.817707045473524,0.793803704865013,0.75794030982502
60,150,"equal","bf_ps","1266",0.806666666666667,0.846807953950811,0.814338042909471,0.807484605533439
60,150,"equal","psis","1266",0.54,0.719413919413919,0.557713239141811,0.511707556711675
60,150,"equal","waic","1266",0.52,0.70828039089973,0.514568288854003,0.466937358970794
60,150,"equal","hbi","1266",0.753333333333333,0.847727272727273,0.764207221350078,0.7445834036836
60,150,"extreme","bf_ps","1266",0.893333333333333,0.882258700581682,0.795918367346939,0.811949426639224
60,150,"extreme","psis","1266",0.693333333333333,0.694658944658945,0.512758997980673,0.518176353800477
60,150,"extreme","waic","1266",0.653333333333333,0.629227994227994,0.458775625031783,0.510818776676319
60,150,"extreme","hbi","1266",0.866666666666667,0.86784036632061,0.751962323390895,0.750348153994563
120,150,"equal","bf_ps","1266",0.826666666666667,0.893891340319912,0.790592280390417,0.806395511619392
120,150,"equal","psis","1266",0.553333333333333,0.709691193550591,0.556103418484098,0.532313631235314
120,150,"equal","waic","1266",0.52,0.692647867866892,0.52028339482246,0.498786932932565
120,150,"equal","hbi","1266",0.78,0.882229532739737,0.747114019520852,0.752652885823241
120,150,"extreme","bf_ps","1266",0.953333333333333,0.97526283240569,0.862337662337662,0.893842665271237
120,150,"extreme","psis","1266",0.793333333333333,0.671111111111111,0.569372294372294,0.679954827780915
120,150,"extreme","waic","1266",0.806666666666667,0.675896640826873,0.551920995670996,0.66987624987625
120,150,"extreme","hbi","1266",0.92,0.951270098114758,0.808766233766234,0.85357936880121
60,300,"equal","bf_ps","1266",0.8,0.866538943786135,0.795443443334781,0.798933391695034
60,300,"equal","psis","1266",0.486666666666667,0.682737570992454,0.483425204569705,0.44429470811337
60,300,"equal","waic","1266",0.473333333333333,0.681190718416302,0.472691921894933,0.425980855575929
60,300,"equal","hbi","1266",0.756666666666667,0.834856892065582,0.758801925025329,0.748324138267747
60,300,"extreme","bf_ps","1266",0.903333333333333,0.872975586173556,0.804584965299251,0.82477663348179
60,300,"extreme","psis","1266",0.723333333333333,0.666160289044456,0.489829278078126,0.542908506807691
60,300,"extreme","waic","1266",0.703333333333333,0.588729912313624,0.441077995225461,0.561831607684801
60,300,"extreme","hbi","1266",0.853333333333333,0.798152096659559,0.722046834374023,0.715490466819603
120,300,"equal","bf_ps","1266",0.85,0.906795216464263,0.829102621785549,0.839465722204276
120,300,"equal","psis","1266",0.496666666666667,0.634359144813253,0.507270078997306,0.51919305050603
120,300,"equal","waic","1266",0.493333333333333,0.681912365061099,0.50548867537419,0.453716668274954
120,300,"equal","hbi","1266",0.786666666666667,0.861976600985222,0.769688789200984,0.759563186622683
120,300,"extreme","bf_ps","1266",0.913333333333333,0.880617655229054,0.820806396531423,0.836662877352533
120,300,"extreme","psis","1266",0.773333333333333,0.645077772922186,0.502962405206369,0.64007162441945
120,300,"extreme","waic","1266",0.746666666666667,0.686819429029473,0.542970164380056,0.594506892735596
120,300,"extreme","hbi","1266",0.873333333333333,0.85942858373562,0.75731433303936,0.743950384590779
60,150,"equal","bf_ps","1267",0.813333333333333,0.875595238095238,0.824713472989335,0.81183704002523
60,150,"equal","psis","1267",0.506666666666667,0.653307563903963,0.500859166376408,0.535702858358964
60,150,"equal","waic","1267",0.466666666666667,0.63486979772146,0.464042726111692,0.493239474299382
60,150,"equal","hbi","1267",0.713333333333333,0.825008325008325,0.732535535983812,0.692195767195767
60,150,"extreme","bf_ps","1267",0.933333333333333,0.912619047619048,0.861135758651287,0.869409465914025
60,150,"extreme","psis","1267",0.713333333333333,0.674074074074074,0.561224489795918,0.555707900149193
60,150,"extreme","waic","1267",0.7,0.575805668016194,0.501996450754215,0.567300157033848
60,150,"extreme","hbi","1267",0.886666666666667,0.85,0.765897663413191,0.861111111111111
120,150,"equal","bf_ps","1267",0.886666666666667,0.902187370674766,0.878147925837001,0.878149847228795
120,150,"equal","psis","1267",0.54,0.706947715553387,0.574921786896577,0.511692685759655
120,150,"equal","waic","1267",0.54,0.700237262737263,0.57495270835607,0.517538046608087
120,150,"equal","hbi","1267",0.826666666666667,0.87208519771545,0.795421501934107,0.76333307425205
120,150,"extreme","bf_ps","1267",0.906666666666667,0.847675736961451,0.786324786324786,0.808794162826421
120,150,"extreme","psis","1267",0.726666666666667,0.696287121763596,0.556902248078719,0.591539256254446
120,150,"extreme","waic","1267",0.706666666666667,0.680650684931507,0.542616533793004,0.567235879115316
120,150,"extreme","hbi","1267",0.846666666666667,0.766949827871988,0.693650793650794,0.780655528859687
60,300,"equal","bf_ps","1267",0.826666666666667,0.878584151950758,0.831180191070684,0.825272110415157
60,300,"equal","psis","1267",0.55,0.707384244020189,0.557724278958724,0.510862273575706
60,300,"equal","waic","1267",0.533333333333333,0.707622185935439,0.539154373579461,0.47345585403776
60,300,"equal","hbi","1267",0.76,0.844645396249919,0.773440021832257,0.742186161981104
60,300,"extreme","bf_ps","1267",0.926666666666667,0.898175657497691,0.822943722943723,0.832912392004977
60,300,"extreme","psis","1267",0.76,0.751022720753045,0.556828487296476,0.518762569145529
60,300,"extreme","waic","1267",0.713333333333333,0.66658461966871,0.494427725886939,0.515234095271626
60,300,"extreme","hbi","1267",0.893333333333333,0.864862293760627,0.769722434428317,0.758393567637265
120,300,"equal","bf_ps","1267",0.866666666666667,0.897789115646259,0.867326303625596,0.862219489467836
120,300,"equal","psis","1267",0.553333333333333,0.713441759846899,0.56866781090596,0.507553293780607
120,300,"equal","waic","1267",0.556666666666667,0.712109112716713,0.570593050162431,0.5260303429558
120,300,"equal","hbi","1267",0.763333333333333,0.837930043812397,0.761022508093227,0.734506733055463
120,300,"extreme","bf_ps","1267",0.92,0.876982685822465,0.838871765715084,0.847114845938375
120,300,"extreme","psis","1267",0.703333333333333,0.68506217923411,0.492646178706087,0.534394607860756
120,300,"extreme","waic","1267",0.71,0.662804562888251,0.462497755700521,0.507701682119491
120,300,"extreme","hbi","1267",0.866666666666667,0.862773526647872,0.762974544656572,0.749231863410613
60,150,"equal","bf_ps","1268",0.826666666666667,0.867873816193144,0.83842627960275,0.82531012404962
60,150,"equal","psis","1268",0.553333333333333,0.708976273436204,0.560333997122422,0.515252459071922
60,150,"equal","waic","1268",0.526666666666667,0.697925479595276,0.524506920972765,0.485805931416637
60,150,"equal","hbi","1268",0.746666666666667,0.697408963585434,0.749527275381165,0.823236399892537
60,150,"extreme","bf_ps","1268",0.906666666666667,0.908368519821722,0.80952380952381,0.82357880701439
60,150,"extreme","psis","1268",0.7,0.697850790513834,0.525309591824255,0.558382085126271
60,150,"extreme","waic","1268",0.7,0.621939534434463,0.503030711459047,0.616579639599774
60,150,"extreme","hbi","1268",0.82,0.805870496346687,0.731668781987203,0.700341136454582
120,150,"equal","bf_ps","1268",0.786666666666667,0.868219433006018,0.791125541125541,0.786266742124128
120,150,"equal","psis","1268",0.533333333333333,0.704446454446454,0.52444260000651,0.485486481403701
120,150,"equal","waic","1268",0.54,0.660091747591748,0.531111056862937,0.570202515336543
120,150,"equal","hbi","1268",0.733333333333333,0.822067334839074,0.736626468769326,0.710929608263677
120,150,"extreme","bf_ps","1268",0.946666666666667,0.911851257356875,0.916550882068123,0.899474335188621
120,150,"extreme","psis","1268",0.706666666666667,0.743219509936152,0.633740684602754,0.558440798506897
120,150,"extreme","waic","1268",0.746666666666667,0.754161550434842,0.649203191444571,0.586634909805641
120,150,"extreme","hbi","1268",0.9,0.883540372670807,0.854737695254937,0.823767149317828
60,300,"equal","bf_ps","1268",0.823333333333333,0.878225748402981,0.829624230644639,0.827190913310948
60,300,"equal","psis","1268",0.55,0.72875516587704,0.550885312532898,0.509912112165202
60,300,"equal","waic","1268",0.513333333333333,0.705600575305009,0.512751043726653,0.46937083114253
60,300,"equal","hbi","1268",0.73,0.689791266497943,0.736572916513185,0.81609287561444
60,300,"extreme","bf_ps","1268",0.9,0.856235168936565,0.820553221288515,0.827372301816154
60,300,"extreme","psis","1268",0.7,0.634665832998102,0.525185074029612,0.636993020389015
60,300,"extreme","waic","1268",0.68,0.608833107639462,0.496473589435774,0.605118839211303
60,300,"extreme","hbi","1268",0.856666666666667,0.863329507728202,0.771233493397359,0.761752120711658
120,300,"equal","bf_ps","1268",0.826666666666667,0.896639690358902,0.819858541287113,0.825419279005017
120,300,"equal","psis","1268",0.546666666666667,0.71625787492442,0.540618647285754,0.488176393595402
120,300,"equal","waic","1268",0.536666666666667,0.716761974411668,0.531189926439034,0.499702566704486
120,300,"equal","hbi","1268",0.773333333333333,0.851922046495549,0.770837685275375,0.766855106487639
120,300,"extreme","bf_ps","1268",0.933333333333333,0.891874731874732,0.848835688121402,0.861948834578888
120,300,"extreme","psis","1268",0.763333333333333,0.644988127882258,0.534626785823913,0.656095916514605
120,300,"extreme","waic","1268",0.746666666666667,0.615689410426252,0.504505121773677,0.617262592720373
120,300,"extreme","hbi","1268",0.873333333333333,0.851269646769257,0.759994694052954,0.757661413970884
60,150,"equal","bf_ps","1269",0.82,0.881401471157569,0.835003232062056,0.8281290138433
60,150,"equal","psis","1269",0.56,0.706425987675988,0.552026708119145,0.514058618976652
60,150,"equal","waic","1269",0.513333333333333,0.694387755102041,0.505942633463642,0.454790067839641
60,150,"equal","hbi","1269",0.76,0.833803986710963,0.779713423831071,0.75096381662144
60,150,"extreme","bf_ps","1269",0.913333333333333,0.857960900040971,0.875595238095238,0.852409593860371
60,150,"extreme","psis","1269",0.693333333333333,0.680019305019305,0.55374149659864,0.587605042016807
60,150,"extreme","waic","1269",0.72,0.628650994575045,0.516624149659864,0.619234185169669
60,150,"extreme","hbi","1269",0.86,0.825137729776905,0.813392857142857,0.86242656101274
120,150,"equal","bf_ps","1269",0.84,0.892617046818727,0.840582667849749,0.8375752926959
120,150,"equal","psis","1269",0.6,0.737433003504432,0.608779462732696,0.567819767053371
120,150,"equal","waic","1269",0.626666666666667,0.739417989417989,0.630363275745081,0.605232961108972
120,150,"equal","hbi","1269",0.82,0.868683837171232,0.825018181185518,0.804083542809995
120,150,"extreme","bf_ps","1269",0.913333333333333,0.904081632653061,0.808823529411765,0.819338787251602
120,150,"extreme","psis","1269",0.693333333333333,0.607241351484773,0.490484011786533,0.49949494949495
120,150,"extreme","waic","1269",0.7,0.602923447860157,0.483925570228091,0.488369396815662
120,150,"extreme","hbi","1269",0.88,0.888741083477926,0.75735294117647,0.763370009443549
60,300,"equal","bf_ps","1269",0.83,0.878398482918787,0.832034741463457,0.830043211562076
60,300,"equal","psis","1269",0.506666666666667,0.693059410852615,0.507771928586604,0.453288992422731
60,300,"equal","waic","1269",0.48,0.679765204049611,0.481865186909965,0.424209846422054
60,300,"equal","hbi","1269",0.773333333333333,0.826927429623193,0.775370807390885,0.748321350209901
60,300,"extreme","bf_ps","1269",0.91,0.886935433486765,0.859473909054821,0.854805016673258
60,300,"extreme","psis","1269",0.73,0.737180326889312,0.516072917667645,0.572160384013805
60,300,"extreme","waic","1269",0.723333333333333,0.692140330933434,0.512003609101356,0.639330706103602
60,300,"extreme","hbi","1269",0.856666666666667,0.832177973373987,0.787804310983034,0.863700842951043
120,300,"equal","bf_ps","1269",0.873333333333333,0.903978383258551,0.874536833760989,0.872738235069577
120,300,"equal","psis","1269",0.543333333333333,0.707040816326531,0.542714214546748,0.504415567987477
120,300,"equal","waic","1269",0.55,0.711012371775448,0.553090382752389,0.525138090166747
120,300,"equal","hbi","1269",0.83,0.875168941334355,0.828540803213463,0.817133454125935
120,300,"extreme","bf_ps","1269",0.94,0.902234884604075,0.879116961469903,0.87934977503601
120,300,"extreme","psis","1269",0.716666666666667,0.657343647555912,0.541331665533346,0.646905155883251
120,300,"extreme","waic","1269",0.693333333333333,0.687627329710663,0.516695993082548,0.524492797161071
120,300,"extreme","hbi","1269",0.926666666666667,0.896140340194049,0.862030126736009,0.862015068634312
60,150,"equal","bf_ps","1270",0.853333333333333,0.855224867724868,0.83340727595386,0.832828846133986
60,150,"equal","psis","1270",0.546666666666667,0.686379882922436,0.570263690760585,0.526538245852321
60,150,"equal","waic","1270",0.526666666666667,0.672942413505027,0.553995176665984,0.498415302935566
60,150,"equal","hbi","1270",0.733333333333333,0.730487412356247,0.716067162651014,0.681782107736023
60,150,"extreme","bf_ps","1270",0.92,0.91992408557626,0.857743097238896,0.882164401771531
60,150,"extreme","psis","1270",0.766666666666667,0.789007129194923,0.607643057222889,0.698251448251448
60,150,"extreme","waic","1270",0.76,0.755534188034188,0.557923169267707,0.636185200078839
60,150,"extreme","hbi","1270",0.873333333333333,0.885201863354037,0.798919567827131,0.804098357540073
120,150,"equal","bf_ps","1270",0.88,0.883124018838305,0.853582485625829,0.862067608405369
120,150,"equal","psis","1270",0.573333333333333,0.722211122211122,0.581560815493772,0.559570079539746
120,150,"equal","waic","1270",0.606666666666667,0.735794030530873,0.597003778321169,0.590387087143735
120,150,"equal","hbi","1270",0.84,0.867516012252854,0.811358871033794,0.820025446075866
120,150,"extreme","bf_ps","1270",0.886666666666667,0.888725490196078,0.837336473050759,0.850770463396001
120,150,"extreme","psis","1270",0.713333333333333,0.683004427577483,0.502728705893263,0.663949066906195
120,150,"extreme","waic","1270",0.733333333333333,0.695612964776179,0.508153660685306,0.675961504477177
120,150,"extreme","hbi","1270",0.813333333333333,0.854210602340026,0.761486132914704,0.760572760572761
60,300,"equal","bf_ps","1270",0.87,0.891365418388124,0.85936704181385,0.859116972648106
60,300,"equal","psis","1270",0.55,0.723991355740448,0.588638397431276,0.511768414042251
60,300,"equal","waic","1270",0.51,0.697812733754288,0.547513586506205,0.475543974229069
60,300,"equal","hbi","1270",0.853333333333333,0.877047893558432,0.839041614345566,0.838929815395333
60,300,"extreme","bf_ps","1270",0.916666666666667,0.899911268855368,0.840362811791383,0.856785225726345
60,300,"extreme","psis","1270",0.726666666666667,0.732354268538479,0.547451963241437,0.588755320516239
60,300,"extreme","waic","1270",0.733333333333333,0.739448302026956,0.534116242988423,0.586304667820771
60,300,"extreme","hbi","1270",0.856666666666667,0.86978306774162,0.773813104189044,0.76953796756281
120,300,"equal","bf_ps","1270",0.892976588628763,0.895378366400324,0.884588625660054,0.885250412259118
120,300,"equal","psis","1270",0.57,0.72682988210606,0.5836254564187,0.537825311769438
120,300,"equal","waic","1270",0.59,0.72424115879861,0.598209575841748,0.579192877721168
120,300,"equal","hbi","1270",0.803333333333333,0.833566790352505,0.790519179699852,0.783069671178888
120,300,"extreme","bf_ps","1270",0.913333333333333,0.886674306771159,0.847100542344597,0.851230500513358
120,300,"extreme","psis","1270",0.74,0.696553873140393,0.524429118505393,0.663671749882361
120,300,"extreme","waic","1270",0.743333333333333,0.740749066611136,0.536421957864459,0.576751479746062
120,300,"extreme","hbi","1270",0.86,0.850777314928258,0.78219798557721,0.763784325574673
60,150,"equal","bf_ps","1271",0.846666666666667,0.862365947083555,0.840709109730849,0.839988363766559
60,150,"equal","psis","1271",0.56,0.70895473574045,0.519857738879478,0.492468892529004
60,150,"equal","waic","1271",0.566666666666667,0.709585253456221,0.520675701110484,0.499913748243486
60,150,"equal","hbi","1271",0.806666666666667,0.832752335383914,0.807422046552481,0.803570892865241
60,150,"extreme","bf_ps","1271",0.92,0.933693907460395,0.855309396485867,0.870295525710808
60,150,"extreme","psis","1271",0.733333333333333,0.700476844910878,0.528293389237302,0.692887970276322
60,150,"extreme","waic","1271",0.733333333333333,0.6951221001221,0.516069429886119,0.683525017355797
60,150,"extreme","hbi","1271",0.893333333333333,0.916748126425546,0.803361344537815,0.923167633546934
120,150,"equal","bf_ps","1271",0.793333333333333,0.818448411305554,0.790737347570607,0.792111776244199
120,150,"equal","psis","1271",0.52,0.702372371873651,0.505796552030423,0.475259126650285
120,150,"equal","waic","1271",0.513333333333333,0.690936477506955,0.495012238304933,0.471390062334459
120,150,"equal","hbi","1271",0.773333333333333,0.846908939014202,0.772845980497462,0.767785029644612
120,150,"extreme","bf_ps","1271",0.906666666666667,0.909465534465534,0.827891156462585,0.845461628042303
120,150,"extreme","psis","1271",0.72,0.75133729106608,0.548982798986541,0.621174794040648
120,150,"extreme","waic","1271",0.746666666666667,0.753930097680098,0.543302936680172,0.626788529505921
120,150,"extreme","hbi","1271",0.86,0.870535714285714,0.764945496270797,0.869960964049634
60,300,"equal","bf_ps","1271",0.838926174496644,0.852682908815863,0.842128203234114,0.838413096232645
60,300,"equal","psis","1271",0.53,0.701716607489391,0.516624558079672,0.486183614892886
60,300,"equal","waic","1271",0.523333333333333,0.703439260192589,0.497382994025254,0.460702677739286
60,300,"equal","hbi","1271",0.753333333333333,0.783927091340548,0.758499398495698,0.74124828499667
60,300,"extreme","bf_ps","1271",0.886666666666667,0.890173045345459,0.798763971071663,0.818661523606687
60,300,"extreme","psis","1271",0.703333333333333,0.747937304560617,0.517609142993758,0.51440663046111
60,300,"extreme","waic","1271",0.7,0.746765645701816,0.514428477505401,0.509905758381031
60,300,"extreme","hbi","1271",0.85,0.871299871299871,0.76126301049378,0.769595281057001
120,300,"equal","bf_ps","1271",0.836666666666667,0.898160787649778,0.838632701884582,0.842649447075668
120,300,"equal","psis","1271",0.556666666666667,0.73200773460069,0.543043892198028,0.49561611829158
120,300,"equal","waic","1271",0.553333333333333,0.730839332657136,0.537872684959151,0.502864549678514
120,300,"equal","hbi","1271",0.803333333333333,0.86170442442232,0.806069557009407,0.809029059961853
120,300,"extreme","bf_ps","1271",0.916666666666667,0.885115409800284,0.818094954372172,0.842376092376092
120,300,"extreme","psis","1271",0.7,0.620381504404493,0.467904086128006,0.59875114054351
120,300,"extreme","waic","1271",0.67,0.600224109459778,0.444103331940511,0.55749555967696
120,300,"extreme","hbi","1271",0.883333333333333,0.856905041883483,0.758571144848363,0.765795467272718
60,150,"equal","bf_ps","1272",0.833333333333333,0.863886424134871,0.8352619901007,0.829714592060499
60,150,"equal","waic","1272",0.52,0.725943646996279,0.527535065763878,0.503943355119826
60,150,"equal","hbi","1272",0.726666666666667,0.704476594455386,0.768391994478951,0.83793809768386
60,150,"extreme","bf_ps","1272",0.906666666666667,0.918591950218456,0.85485103132162,0.871908150692067
60,150,"extreme","waic","1272",0.76,0.690120307553143,0.533479125916101,0.699593969249142
60,150,"extreme","hbi","1272",0.873333333333333,0.898373542965573,0.816135545127142,0.823078966044
120,150,"equal","bf_ps","1272",0.826666666666667,0.874263038548753,0.826148251062439,0.814181868565886
120,150,"equal","psis","1272",0.54,0.693983493983494,0.562444608993063,0.544631741244254
120,150,"equal","waic","1272",0.58,0.707782701532702,0.590262846047174,0.588258205597315
120,150,"equal","hbi","1272",0.766666666666667,0.677726574500768,0.759450990110372,0.822902530754559
120,150,"extreme","bf_ps","1272",0.893333333333333,0.897051503528241,0.810526315789474,0.830750965117542
120,150,"extreme","psis","1272",0.713333333333333,0.702068302068302,0.491063750704789,0.553428669214942
120,150,"extreme","waic","1272",0.706666666666667,0.738398415393322,0.507358362391106,0.532920248972503
120,150,"extreme","hbi","1272",0.86,0.881829840369883,0.772932330827068,0.777534809910586
60,300,"equal","bf_ps","1272",0.79,0.849898177219606,0.804911923860148,0.792191367437721
60,300,"equal","psis","1272",0.516666666666667,0.705088724452992,0.531007646582909,0.494391497340993
60,300,"equal","waic","1272",0.513333333333333,0.706668646668647,0.521633192910736,0.48978325998101
60,300,"equal","hbi","1272",0.733333333333333,0.782517006802721,0.745360433311097,0.717249241352864
60,300,"extreme","bf_ps","1272",0.9,0.900798770665746,0.827735046587805,0.847241924775282
60,300,"extreme","psis","1272",0.733333333333333,0.745430432734917,0.553106776307361,0.539387240010442
60,300,"extreme","waic","1272",0.716666666666667,0.732463389848904,0.535914444829315,0.523947925750826
60,300,"extreme","hbi","1272",0.856666666666667,0.872999669821704,0.778384397237156,0.790277002420526
120,300,"equal","bf_ps","1272",0.82,0.883306884123544,0.821060749881348,0.82001649960982
120,300,"equal","psis","1272",0.496666666666667,0.676452894562283,0.498860939724727,0.457777237927145
120,300,"equal","waic","1272",0.49,0.666005944985089,0.490142646205769,0.452907476049824
120,300,"equal","hbi","1272",0.776666666666667,0.84041376811449,0.776117966566472,0.761423614538654
120,300,"extreme","bf_ps","1272",0.923333333333333,0.904948541566683,0.831394096099978,0.855962609772639
120,300,"extreme","psis","1272",0.753333333333333,0.656255425512151,0.511725202901673,0.641491153288165
120,300,"extreme","waic","1272",0.753333333333333,0.709912634408602,0.528718666953961,0.572518976572922
120,300,"extreme","hbi","1272",0.893333333333333,0.886516118474881,0.787330316742081,0.805545155124987
60,150,"equal","bf_ps","1273",0.853333333333333,0.910894430235862,0.851426689154884,0.861216435834376
60,150,"equal","psis","1273",0.54,0.731870312227455,0.54300530999314,0.520628578843589
60,150,"equal","waic","1273",0.546666666666667,0.750170068027211,0.545327606433083,0.516905387527859
60,150,"equal","hbi","1273",0.833333333333333,0.898535123269166,0.830627564907484,0.839508611689063
60,150,"extreme","bf_ps","1273",0.906666666666667,0.905230208025239,0.827619047619048,0.855971368167112
60,150,"extreme","psis","1273",0.766666666666667,0.74040404040404,0.568627450980392,0.650973730760965
60,150,"extreme","waic","1273",0.76,0.714804581735463,0.544621848739496,0.629779942279942
60,150,"extreme","hbi","1273",0.866666666666667,0.871133805404322,0.774761904761905,0.798123361076274
120,150,"equal","bf_ps","1273",0.913333333333333,0.913036800927267,0.911494708994709,0.911397649969079
120,150,"equal","psis","1273",0.6,0.745723546034292,0.581464646464646,0.540503692977561
120,150,"equal","waic","1273",0.6,0.737008506443722,0.589095719095719,0.56855277227948
120,150,"equal","hbi","1273",0.806666666666667,0.852356813693219,0.81781746031746,0.802274108869854
120,150,"extreme","bf_ps","1273",0.926666666666667,0.944046353032528,0.826530612244898,0.864350293100423
120,150,"extreme","psis","1273",0.726666666666667,0.638915989159892,0.464591836734694,0.60604826546003
120,150,"extreme","waic","1273",0.72,0.684688644688645,0.481753246753247,0.631482769985718
120,150,"extreme","hbi","1273",0.9,0.892404087140929,0.779387755102041,0.802833539188409
60,300,"equal","bf_ps","1273",0.876666666666667,0.907921261631038,0.885585862251878,0.883446712018141
60,300,"equal","psis","1273",0.59,0.755284526592516,0.580590618816142,0.536736723286178
60,300,"equal","waic","1273",0.573333333333333,0.749654788223322,0.564150709519089,0.518722094042019
60,300,"equal","hbi","1273",0.833333333333333,0.860600823907276,0.837367811151278,0.838743115007545
60,300,"extreme","bf_ps","1273",0.91,0.911443932411674,0.820798538851277,0.850873319346226
60,300,"extreme","psis","1273",0.766666666666667,0.69072692361178,0.537963147641502,0.695138939618561
60,300,"extreme","waic","1273",0.756666666666667,0.684429080993238,0.502280894444657,0.659894467058646
60,300,"extreme","hbi","1273",0.9,0.894226794802242,0.799223585538111,0.824008343708578
120,300,"equal","bf_ps","1273",0.86,0.902700378396973,0.860694464731732,0.863358784944727
120,300,"equal","psis","1273",0.52,0.710956376233535,0.51507802672399,0.477799626301573
120,300,"equal","waic","1273",0.526666666666667,0.714719418179061,0.519883322057235,0.476354417102706
120,300,"equal","hbi","1273",0.783333333333333,0.849330866112277,0.789370163904325,0.784252308366819
120,300,"extreme","bf_ps","1273",0.936666666666667,0.939538910151267,0.854511278195489,0.885850255419727
120,300,"extreme","psis","1273",0.753333333333333,0.723986048185067,0.535965118184881,0.598642366084952
120,300,"extreme","waic","1273",0.703333333333333,0.683942001628544,0.492525101778436,0.544220938101931
120,300,"extreme","hbi","1273",0.886666666666667,0.894038668098818,0.77353112076939,0.786402138718293
60,150,"equal","bf_ps","1274",0.833333333333333,0.864459017684824,0.83183655543904,0.828473472541269
60,150,"equal","psis","1274",0.56,0.706805813234385,0.570195298145609,0.510360440638414
60,150,"equal","waic","1274",0.566666666666667,0.714326076006369,0.570034416928827,0.511934706577301
60,150,"equal","hbi","1274",0.8,0.71981351981352,0.774161759565486,0.86071546588788
60,150,"extreme","bf_ps","1274",0.953333333333333,0.943197653098643,0.878205128205128,0.901841821079955
60,150,"extreme","psis","1274",0.766666666666667,0.701640724201395,0.676598203383918,0.709864495301544
60,150,"extreme","waic","1274",0.78,0.683775363804058,0.65037938252224,0.693832603710652
60,150,"extreme","hbi","1274",0.906666666666667,0.868884927708457,0.788461538461538,0.786204850361197
120,150,"equal","bf_ps","1274",0.833333333333333,0.893037789278391,0.835034013605442,0.828703232692465
120,150,"equal","psis","1274",0.566666666666667,0.713068181818182,0.564977101951892,0.525355091366393
120,150,"equal","waic","1274",0.58,0.716499554367201,0.57885265217198,0.554011095329623
120,150,"equal","hbi","1274",0.806666666666667,0.874860350092548,0.807823129251701,0.793995312362247
120,150,"extreme","bf_ps","1274",0.94,0.90970154069533,0.874263038548753,0.886983254840398
120,150,"extreme","psis","1274",0.733333333333333,0.656458860516832,0.524987676229912,0.641376308599539
120,150,"extreme","waic","1274",0.74,0.722440727345791,0.56931874198955,0.60826415770911
120,150,"extreme","hbi","1274",0.88,0.875217391304348,0.791043083900227,0.770877931592217
60,300,"equal","bf_ps","1274",0.85,0.882070393374741,0.849632062038077,0.851576407438964
60,300,"equal","psis","1274",0.53,0.695965330033067,0.536413667805813,0.473309931144393
60,300,"equal","waic","1274",0.51,0.680660247970156,0.517893086624698,0.464173869737748
60,300,"equal","hbi","1274",0.82,0.851280465713565,0.816346708129737,0.809765291397945
60,300,"extreme","bf_ps","1274",0.933333333333333,0.88857057974705,0.868911236625798,0.873534031191933
60,300,"extreme","psis","1274",0.756666666666667,0.725100394385107,0.562929696468751,0.611381335584309
60,300,"extreme","waic","1274",0.71,0.630404725992961,0.487878036460486,0.61110219845514
60,300,"extreme","hbi","1274",0.85,0.67162702791703,0.617478991596639,0.686283990241129
120,300,"equal","bf_ps","1274",0.85,0.89309785436653,0.839420754751765,0.847523627222289
120,300,"equal","psis","1274",0.546666666666667,0.7112573700809,0.542272274763564,0.479148706499608
120,300,"equal","waic","1274",0.543333333333333,0.709972245469203,0.542961995096141,0.486872240898161
120,300,"equal","hbi","1274",0.796666666666667,0.868694037711124,0.777213649687517,0.771059006018759
120,300,"extreme","bf_ps","1274",0.946666666666667,0.926645112440986,0.871553884711779,0.891756760555462
120,300,"extreme","psis","1274",0.77,0.723395416663871,0.556172973203084,0.596129408681012
120,300,"extreme","waic","1274",0.763333333333333,0.747961262427049,0.554453366396461,0.527164924727097
120,300,"extreme","hbi","1274",0.89,0.880220764677652,0.782031631201964,0.77542095619655
60,150,"equal","bf_ps","1275",0.826666666666667,0.86231260224448,0.842063372031612,0.832280749104104
60,150,"equal","psis","1275",0.573333333333333,0.71990231990232,0.556415806895454,0.507528832904773
60,150,"equal","waic","1275",0.56,0.664506835651,0.54018962293528,0.554472733113512
60,150,"equal","hbi","1275",0.82,0.866947466947467,0.813150932887775,0.811450592513649
60,150,"extreme","bf_ps","1275",0.886666666666667,0.895399117093646,0.813229231086374,0.829486090871621
60,150,"extreme","psis","1275",0.7,0.620041230910796,0.45252009894867,0.604876764693535
60,150,"extreme","waic","1275",0.68,0.606798756798757,0.431091527520099,0.574747578842593
60,150,"extreme","hbi","1275",0.846666666666667,0.855669537318474,0.762363430220573,0.868972729804868
120,150,"equal","bf_ps","1275",0.866666666666667,0.858988129664821,0.826764254088732,0.831449195424351
120,150,"equal","psis","1275",0.52,0.692829962173549,0.544579804626565,0.50954289101578
120,150,"equal","waic","1275",0.473333333333333,0.652831847523318,0.488526192114563,0.474333491031183
120,150,"equal","hbi","1275",0.846666666666667,0.849886621315193,0.807660160838529,0.807672311348782
120,150,"extreme","bf_ps","1275",0.86,0.827606421356421,0.774326668189847,0.790350554636269
120,150,"extreme","psis","1275",0.653333333333333,0.705022188086704,0.493634579147658,0.585610766045549
120,150,"extreme","waic","1275",0.62,0.689998563527975,0.459147436511622,0.545651596646445
120,150,"extreme","hbi","1275",0.793333333333333,0.817830340391316,0.709133924425675,0.729605542700172
60,300,"equal","bf_ps","1275",0.803333333333333,0.85037013781775,0.81043956043956,0.795562289036364
60,300,"equal","psis","1275",0.456666666666667,0.661186041213215,0.468366621558111,0.429398922955624
60,300,"equal","waic","1275",0.436666666666667,0.652914288320692,0.447913965467157,0.403166264288833
60,300,"equal","hbi","1275",0.76,0.789845650328745,0.742889055389055,0.706239502756279
60,300,"extreme","bf_ps","1275",0.91,0.907734452410095,0.836507936507937,0.857714959627634
60,300,"extreme","psis","1275",0.71,0.779361894730826,0.549844776035252,0.535991033625334
60,300,"extreme","waic","1275",0.703333333333333,0.731835601848378,0.505206698063841,0.573511656222885
60,300,"extreme","hbi","1275",0.886666666666667,0.89064856451055,0.805189255189255,0.820861427166737
120,300,"equal","bf_ps","1275",0.833333333333333,0.886215538847118,0.825926551473982,0.822750023125718
120,300,"equal","psis","1275",0.486666666666667,0.683534464205134,0.5157265301649,0.492717974216602
120,300,"equal","waic","1275",0.52,0.700648944890371,0.535519161017872,0.533023055375997
120,300,"equal","hbi","1275",0.79,0.826443397871969,0.768050979656057,0.76727689564557
120,300,"extreme","bf_ps","1275",0.913333333333333,0.902779183962742,0.834863945578231,0.854833385325897
120,300,"extreme","psis","1275",0.74,0.671054065165999,0.509712358446919,0.655732992069366
120,300,"extreme","waic","1275",0.703333333333333,0.647197936328949,0.487316212689753,0.612404152965534
120,300,"extreme","hbi","1275",0.876666666666667,0.868354485548669,0.793402885719832,0.800784274958491
60,150,"equal","bf_ps","1276",0.786666666666667,0.875754376985904,0.778861544617847,0.768110211117414
60,150,"equal","psis","1276",0.546666666666667,0.716128170075539,0.529384720395335,0.518033264792413
60,150,"equal","waic","1276",0.506666666666667,0.682942142779556,0.481418979074884,0.471599020779349
60,150,"equal","hbi","1276",0.74,0.773809523809524,0.729541816726691,0.703936893906499
60,150,"extreme","bf_ps","1276",0.893333333333333,0.881818309404516,0.819178039090297,0.835251023486318
60,150,"extreme","psis","1276",0.706666666666667,0.627283183804923,0.49678471083657,0.630275477276701
60,150,"extreme","waic","1276",0.686666666666667,0.625402399765877,0.485358571496602,0.612151808091658
60,150,"extreme","hbi","1276",0.846666666666667,0.879846344132058,0.756678039090297,0.749416057149677
120,150,"equal","bf_ps","1276",0.826666666666667,0.889916018223957,0.823526473526474,0.826598395460012
120,150,"equal","psis","1276",0.533333333333333,0.701472345920676,0.539727064915035,0.498999666012268
120,150,"equal","waic","1276",0.533333333333333,0.690217391304348,0.538572392519761,0.512373598087884
120,150,"equal","hbi","1276",0.78,0.841474973827915,0.785365824651539,0.766318977831352
120,150,"extreme","bf_ps","1276",0.946666666666667,0.925518925518926,0.880174927113703,0.89211022480058
120,150,"extreme","psis","1276",0.78,0.737967604195674,0.698566569484937,0.730677351983781
120,150,"extreme","hbi","1276",0.9,0.913294252916894,0.8,0.798207282913165
60,300,"equal","bf_ps","1276",0.816666666666667,0.877224518499383,0.819841303148757,0.815322240717335
60,300,"equal","psis","1276",0.5,0.688866425507501,0.493959488136507,0.449382894202457
60,300,"equal","hbi","1276",0.75,0.793099971377432,0.754989400952134,0.717530168793239
60,300,"extreme","bf_ps","1276",0.913333333333333,0.927862394957983,0.819047619047619,0.852039015637278
60,300,"extreme","psis","1276",0.746666666666667,0.711141783605552,0.502725061583801,0.569009015257595
60,300,"extreme","hbi","1276",0.856666666666667,0.871574779165397,0.734972170686456,0.755635355756503
120,300,"equal","bf_ps","1276",0.816666666666667,0.885884804850322,0.819254697530364,0.816980928118623
120,300,"equal","psis","1276",0.503333333333333,0.688341061713517,0.501751530682841,0.445737967368757
120,300,"equal","hbi","1276",0.773333333333333,0.846881045451826,0.778077620639001,0.765718087053387
120,300,"extreme","bf_ps","1276",0.926666666666667,0.913063121461768,0.849819927971188,0.866381265896664
120,300,"extreme","psis","1276",0.733333333333333,0.71027665317139,0.535362260846368,0.680996400014913
120,300,"extreme","hbi","1276",0.883333333333333,0.866210739614995,0.800965023690636,0.800345122037999
60,150,"equal","bf_ps","1277",0.82,0.845523524094953,0.796756176154672,0.79711315560707
60,150,"equal","psis","1277",0.52,0.686759502955516,0.5414918632988,0.514324219998155
60,150,"equal","waic","1277",0.466666666666667,0.656977942692228,0.495812688403035,0.453094685597872
60,150,"equal","hbi","1277",0.766666666666667,0.775337306371789,0.733490870032223,0.7100148430768
60,150,"extreme","bf_ps","1277",0.906666666666667,0.87179802955665,0.815718157181572,0.831360191799752
60,150,"extreme","psis","1277",0.746666666666667,0.708825681360893,0.574645930917708,0.626925770308123
60,150,"extreme","waic","1277",0.686666666666667,0.688115560909679,0.541512977924128,0.579127420198849
60,150,"extreme","hbi","1277",0.84,0.833190654538969,0.779218942110928,0.745728617625341
120,150,"equal","bf_ps","1277",0.853333333333333,0.890779137742053,0.858939473225187,0.853041045964646
120,150,"equal","psis","1277",0.58,0.726098047914818,0.585690110502141,0.585783763956033
120,150,"equal","waic","1277",0.626666666666667,0.732631984417699,0.626013140298855,0.632160145405237
120,150,"equal","hbi","1277",0.84,0.879705215419501,0.848341090822294,0.843069733955485
120,150,"extreme","bf_ps","1277",0.933333333333333,0.892232767232767,0.908819668218164,0.879933495094251
120,150,"extreme","psis","1277",0.733333333333333,0.711248917748918,0.547053510399375,0.672547817996285
120,150,"extreme","waic","1277",0.726666666666667,0.737789225279153,0.537075914895464,0.664876498627763
120,150,"extreme","hbi","1277",0.886666666666667,0.87991718426501,0.831543143573219,0.8145029573601
60,300,"equal","bf_ps","1277",0.846666666666667,0.871514344943155,0.844079055650241,0.841145102810295
60,300,"equal","psis","1277",0.523333333333333,0.69507560530563,0.540543875439751,0.484318367738029
60,300,"equal","waic","1277",0.483333333333333,0.615711834056347,0.498566306132549,0.510826611811834
60,300,"equal","hbi","1277",0.736666666666667,0.688718118826478,0.740825142160123,0.814649204164566
60,300,"extreme","bf_ps","1277",0.9,0.843850804961341,0.864477577865002,0.830922498728451
60,300,"extreme","psis","1277",0.74,0.69268827656993,0.564776129887692,0.612677904745106
60,300,"extreme","waic","1277",0.73,0.684961356953094,0.552934810287751,0.600903239369067
60,300,"extreme","hbi","1277",0.82,0.672243125049248,0.764360644989448,0.807034967819458
120,300,"equal","bf_ps","1277",0.816666666666667,0.866278434048646,0.831219615438885,0.819419773107082
120,300,"equal","psis","1277",0.546666666666667,0.72520405761149,0.552892382329719,0.512015537627771
120,300,"equal","waic","1277",0.523333333333333,0.720626363123974,0.526390440365135,0.488130128963173
120,300,"equal","hbi","1277",0.786666666666667,0.839523978956464,0.806779204453623,0.790944012861821
120,300,"extreme","bf_ps","1277",0.933333333333333,0.900947759817136,0.871858996407552,0.874483199492022
120,300,"extreme","psis","1277",0.753333333333333,0.764429365344338,0.563256218348327,0.524849622325499
120,300,"extreme","waic","1277",0.75,0.721195457170862,0.549080934960867,0.573549168176234
120,300,"extreme","hbi","1277",0.863333333333333,0.823683341065373,0.769429594414196,0.747146291779045
60,150,"equal","bf_ps","1278",0.84,0.891156462585034,0.833235653235653,0.837121884326853
60,150,"equal","psis","1278",0.566666666666667,0.716408603879891,0.601197009618062,0.538671760570257
60,150,"equal","waic","1278",0.506666666666667,0.69154286220417,0.54236360131097,0.470074403670045
60,150,"equal","hbi","1278",0.74,0.786802721088435,0.750818070818071,0.816130771823391
60,150,"extreme","bf_ps","1278",0.913333333333333,0.860754985754986,0.819369129895446,0.823481116584565
60,150,"extreme","psis","1278",0.74,0.634184289605976,0.592805245436824,0.638343722554249
60,150,"extreme","waic","1278",0.733333333333333,0.630880230880231,0.579337231968811,0.624396399250284
60,150,"extreme","hbi","1278",0.853333333333333,0.8427624872579,0.747510189615453,0.72641043596926
120,150,"equal","bf_ps","1278",0.9,0.905242905242905,0.879434850863422,0.885596439928125
120,150,"equal","psis","1278",0.626666666666667,0.751363667153141,0.634980495694781,0.612859140749879
120,150,"equal","waic","1278",0.626666666666667,0.744697177116461,0.631152656866943,0.620188055671927
120,150,"equal","hbi","1278",0.813333333333333,0.852645338532435,0.790952380952381,0.789495477824997
120,150,"extreme","bf_ps","1278",0.953333333333333,0.940284178187404,0.910364145658263,0.921571179405788
120,150,"extreme","psis","1278",0.813333333333333,0.780448717948718,0.623522866238174,0.684335528521475
120,150,"extreme","waic","1278",0.84,0.800082041721875,0.647541755669863,0.708924980137805
120,150,"extreme","hbi","1278",0.913333333333333,0.908852888234332,0.862136158811351,0.864490527393753
60,300,"equal","bf_ps","1278",0.82,0.847768540418964,0.81335749841102,0.810945117346583
60,300,"equal","psis","1278",0.496666666666667,0.669283604914834,0.499886018846868,0.46075119629569
60,300,"equal","waic","1278",0.486666666666667,0.666585083155673,0.491008448882449,0.456003825283478
60,300,"equal","hbi","1278",0.806666666666667,0.867161199130509,0.787340708716419,0.790149330166726
60,300,"extreme","bf_ps","1278",0.933333333333333,0.90597318911455,0.858309893604011,0.876639956415431
60,300,"extreme","psis","1278",0.786666666666667,0.72415674464192,0.578529763823881,0.626682010433762
60,300,"extreme","waic","1278",0.76,0.70144437138108,0.534278069572187,0.591575723089902
60,300,"extreme","hbi","1278",0.886666666666667,0.875641025641026,0.799486364192247,0.801146831810447
120,300,"equal","bf_ps","1278",0.846666666666667,0.879751147256071,0.856405719910703,0.845860330395735
120,300,"equal","psis","1278",0.54,0.706885878551164,0.548814699996223,0.485534405737558
120,300,"equal","waic","1278",0.553333333333333,0.708279440808582,0.557719800933733,0.514298500244028
120,300,"equal","hbi","1278",0.826666666666667,0.884537343696238,0.809423834133136,0.811532061322069
120,300,"extreme","bf_ps","1278",0.933333333333333,0.914478849010869,0.879949090277408,0.891696989212059
120,300,"extreme","psis","1278",0.75,0.736294796821113,0.543201212831856,0.596391106296333
120,300,"extreme","waic","1278",0.763333333333333,0.738998604812082,0.540357157662219,0.596691612481086
120,300,"extreme","hbi","1278",0.85,0.817429704122086,0.756681530963337,0.734975770336201
60,150,"equal","bf_ps","1279",0.826666666666667,0.87359410430839,0.838775510204082,0.832726792956972
60,150,"equal","psis","1279",0.613333333333333,0.742719193143371,0.595614035087719,0.572019175436864
60,150,"equal","waic","1279",0.586666666666667,0.731763319578446,0.566630862871464,0.538913911091159
60,150,"equal","hbi","1279",0.84,0.881415343915344,0.833297529538131,0.819155354449472
60,150,"extreme","bf_ps","1279",0.946666666666667,0.925572166851237,0.88638147566719,0.897315717171925
60,150,"extreme","psis","1279",0.726666666666667,0.748480699008868,0.586823774519277,0.637341282348122
60,150,"extreme","waic","1279",0.733333333333333,0.720780809016103,0.59450759148806,0.647866305059365
60,150,"extreme","hbi","1279",0.88,0.74117730095991,0.777972493345164,0.880502857385008
120,150,"equal","bf_ps","1279",0.853333333333333,0.903025210084034,0.851257166065927,0.848214285714286
120,150,"equal","psis","1279",0.52,0.712399635074559,0.543835081775585,0.493785014751057
120,150,"equal","waic","1279",0.546666666666667,0.699148890325361,0.5693476586252,0.529207391768968
120,150,"equal","hbi","1279",0.786666666666667,0.858120276935608,0.786344507985567,0.773236717546645
120,150,"extreme","bf_ps","1279",0.933333333333333,0.899616256759114,0.878505788280224,0.885802301853666
120,150,"extreme","psis","1279",0.706666666666667,0.733592132505176,0.518391627673453,0.57156704569973
120,150,"extreme","waic","1279",0.72,0.72640673245512,0.511354329995761,0.560501732334413
120,150,"extreme","hbi","1279",0.84,0.85444171080817,0.78499615212086,0.752834467120181
60,300,"equal","bf_ps","1279",0.833333333333333,0.871327394455818,0.833729144135901,0.830972461407244
60,300,"equal","psis","1279",0.58,0.732116197433769,0.594577269405165,0.5389297994267
60,300,"equal","waic","1279",0.563333333333333,0.719270302874731,0.578415629858063,0.529713704736313
60,300,"equal","hbi","1279",0.753333333333333,0.691214345574811,0.750602671725654,0.823757749063074
60,300,"extreme","bf_ps","1279",0.9,0.879836880988955,0.815739815739816,0.828689099337827
60,300,"extreme","psis","1279",0.723333333333333,0.729917386450962,0.533397222932107,0.581095797961286
60,300,"extreme","waic","1279",0.736666666666667,0.73282351177088,0.534064643366969,0.587890670327946
60,300,"extreme","hbi","1279",0.873333333333333,0.865477154424523,0.781107781107781,0.774447886955676
120,300,"equal","bf_ps","1279",0.873333333333333,0.913852813852814,0.873975636766334,0.872422710615106
120,300,"equal","psis","1279",0.57,0.735271979564217,0.579878584200518,0.538818322802936
120,300,"equal","waic","1279",0.556666666666667,0.730192019868986,0.567140978132554,0.529049579463465
120,300,"equal","hbi","1279",0.803333333333333,0.847774526967074,0.808361376687969,0.798165876961888
120,300,"extreme","bf_ps","1279",0.93,0.894815921009312,0.879857071033542,0.875342355585885
120,300,"extreme","psis","1279",0.76,0.779676683066514,0.570272211448682,0.627500559385936
120,300,"extreme","waic","1279",0.77,0.774607434663476,0.563046757164404,0.621915841428146
120,300,"extreme","hbi","1279",0.88,0.867348436072888,0.826987718164189,0.804254078600137
60,150,"equal","bf_ps","1280",0.866666666666667,0.896243842364532,0.872795757509716,0.86681808566307
60,150,"equal","psis","1280",0.586666666666667,0.7415027605245,0.59666536942771,0.543467683724207
60,150,"equal","waic","1280",0.56,0.721334767817822,0.57004602603818,0.514441365807825
60,150,"equal","hbi","1280",0.853333333333333,0.863888029959459,0.862332331864859,0.853177793944344
60,150,"extreme","bf_ps","1280",0.906666666666667,0.850351422033344,0.867265087853323,0.82088162733324
60,150,"extreme","psis","1280",0.74,0.652929672666515,0.580538159319672,0.572177731805844
60,150,"extreme","waic","1280",0.74,0.586291486291486,0.549695052846313,0.608297258297258
60,150,"extreme","hbi","1280",0.866666666666667,0.827328248598237,0.823678422417918,0.739332764874561
120,150,"equal","bf_ps","1280",0.88,0.915413533834586,0.86525974025974,0.869711155425441
120,150,"equal","psis","1280",0.566666666666667,0.7238225842877,0.590649350649351,0.540525603132581
120,150,"equal","waic","1280",0.593333333333333,0.731010591475708,0.601601731601732,0.570698909340936
120,150,"equal","hbi","1280",0.82,0.8719508398325,0.778593073593074,0.766983313541504
120,150,"extreme","bf_ps","1280",0.933333333333333,0.941213271778056,0.854359925788497,0.873891166963312
120,150,"extreme","psis","1280",0.726666666666667,0.672129186602871,0.492848574259934,0.627951137444225
120,150,"extreme","waic","1280",0.726666666666667,0.667276572340016,0.486767105527863,0.619843522348235
120,150,"extreme","hbi","1280",0.873333333333333,0.902446390818484,0.771006102331404,0.751741298994046
60,300,"equal","bf_ps","1280",0.85,0.885575210230383,0.841144846818824,0.845374950562381
60,300,"equal","psis","1280",0.533333333333333,0.696750214500619,0.542742205117983,0.494227239623927
60,300,"equal","waic","1280",0.536666666666667,0.702697190874573,0.548082417533879,0.497284146692845
60,300,"equal","hbi","1280",0.773333333333333,0.713381101656964,0.752294123333747,0.839420208957531
60,300,"extreme","bf_ps","1280",0.936666666666667,0.921225867396139,0.870087782587783,0.887562201803149
60,300,"extreme","psis","1280",0.743333333333333,0.726743285305841,0.549579454936598,0.519004781137347
60,300,"extreme","waic","1280",0.753333333333333,0.68235943154841,0.531097936455079,0.571077170862539
60,300,"extreme","hbi","1280",0.853333333333333,0.725310245310245,0.73372520336806,0.841934554189456
120,300,"equal","bf_ps","1280",0.896666666666667,0.918877551020408,0.891528977006463,0.897170058165152
120,300,"equal","psis","1280",0.603333333333333,0.739801487943903,0.607674058386577,0.550341742895118
120,300,"equal","waic","1280",0.6,0.737716857077759,0.601483582196101,0.551707591095628
120,300,"equal","hbi","1280",0.836666666666667,0.871359182764572,0.821190451200347,0.822532334045386
120,300,"extreme","bf_ps","1280",0.94,0.900308025308025,0.876289113918803,0.878509928272493
120,300,"extreme","psis","1280",0.753333333333333,0.636629974439822,0.540890175267669,0.654947213882063
120,300,"extreme","waic","1280",0.743333333333333,0.623980350287628,0.5244724349872,0.628162703535709
120,300,"extreme","hbi","1280",0.903333333333333,0.879151870391763,0.811946710290685,0.808757756005462
60,150,"equal","bf_ps","1281",0.826666666666667,0.872541743970315,0.819007327068759,0.818713441770945
60,150,"equal","psis","1281",0.506666666666667,0.692648432216097,0.510395762330671,0.462979834791059
60,150,"equal","waic","1281",0.48,0.687236806449643,0.49456522684969,0.429449667490349
60,150,"equal","hbi","1281",0.826666666666667,0.857145789350223,0.822484580038912,0.823502050337403
60,150,"extreme","bf_ps","1281",0.933333333333333,0.887135456189165,0.792857142857143,0.821151771053249
60,150,"extreme","psis","1281",0.746666666666667,0.725976099251961,0.537248734080098,0.629788135990182
60,150,"extreme","waic","1281",0.733333333333333,0.581301443654385,0.446179223569127,0.569015114595106
60,150,"extreme","hbi","1281",0.906666666666667,0.875757575757576,0.776785714285714,0.802096932211753
120,150,"equal","bf_ps","1281",0.86,0.916512059369202,0.804166666666667,0.820795415033396
120,150,"equal","psis","1281",0.526666666666667,0.712699581120634,0.521155128718154,0.484440273629222
120,150,"equal","waic","1281",0.546666666666667,0.714175312235657,0.556238050775866,0.52136629256016
120,150,"equal","hbi","1281",0.833333333333333,0.897959183673469,0.756547619047619,0.751356012408644
120,150,"extreme","bf_ps","1281",0.926666666666667,0.892115599411203,0.85,0.849481658692185
120,150,"extreme","psis","1281",0.74,0.681087719298246,0.547517999242137,0.647380670315086
120,150,"extreme","waic","1281",0.76,0.770632651287784,0.573872679045093,0.565019677708327
120,150,"extreme","hbi","1281",0.846666666666667,0.830978798878073,0.755507136541619,0.815231507622812
60,300,"equal","bf_ps","1281",0.84,0.873819638213344,0.820338896423757,0.825642797950827
60,300,"equal","psis","1281",0.513333333333333,0.683689013048619,0.52666950106453,0.468145800972703
60,300,"equal","waic","1281",0.483333333333333,0.670473194739788,0.500837046312417,0.444458775073665
60,300,"equal","hbi","1281",0.82,0.849541937987316,0.795391226132375,0.79836881787545
60,300,"extreme","bf_ps","1281",0.906666666666667,0.839963180540323,0.767657441764585,0.790296860726536
60,300,"extreme","psis","1281",0.726666666666667,0.707970106518097,0.459629144450573,0.524972171460806
60,300,"extreme","waic","1281",0.72,0.66489451276404,0.415044021294021,0.489921201571679
60,300,"extreme","hbi","1281",0.85,0.709044798824052,0.702330252330252,0.80250296282905
120,300,"equal","bf_ps","1281",0.86,0.892638231917685,0.844548457651748,0.851886960821074
120,300,"equal","psis","1281",0.496666666666667,0.679686334303837,0.505960595238463,0.448672268085971
120,300,"equal","waic","1281",0.513333333333333,0.680484124585695,0.528530181586734,0.482927266374349
120,300,"equal","hbi","1281",0.826666666666667,0.859121888239692,0.804330995893905,0.804967954809418
120,300,"extreme","bf_ps","1281",0.94,0.910766434233268,0.855961243058017,0.873841333782136
120,300,"extreme","psis","1281",0.776666666666667,0.689127816627817,0.539956684537422,0.681050301409427
120,300,"extreme","waic","1281",0.763333333333333,0.67142620770926,0.511767482435176,0.657087501028336
120,300,"extreme","hbi","1281",0.9,0.885455218356773,0.803667113625038,0.814306633628751
60,150,"equal","bf_ps","1282",0.84,0.862341735325606,0.841084854994629,0.841309050368284
60,150,"equal","psis","1282",0.506666666666667,0.686355311355311,0.511754385964912,0.470761824543337
60,150,"equal","waic","1282",0.473333333333333,0.673917748917749,0.477769423558897,0.433019025085686
60,150,"equal","hbi","1282",0.8,0.833957458581519,0.807921589688507,0.792067702912651
60,150,"extreme","bf_ps","1282",0.926666666666667,0.881362135497474,0.827838827838828,0.847632758801353
60,150,"extreme","psis","1282",0.733333333333333,0.640824665418487,0.482426303854875,0.621617376775272
60,150,"extreme","waic","1282",0.706666666666667,0.622528640441684,0.486612593755451,0.598109897995648
60,150,"extreme","hbi","1282",0.9,0.869520030234316,0.78021978021978,0.797847231135641
120,150,"equal","bf_ps","1282",0.846666666666667,0.878308178308178,0.859006734006734,0.858769081795398
120,150,"equal","psis","1282",0.593333333333333,0.771891185553425,0.58020683020683,0.554114237186361
120,150,"equal","waic","1282",0.6,0.774381500852089,0.587361712361712,0.574182183889776
120,150,"equal","hbi","1282",0.786666666666667,0.858333333333333,0.812590187590188,0.792901181039437
120,150,"extreme","bf_ps","1282",0.94,0.948466213543352,0.888278388278388,0.910399124684839
120,150,"extreme","psis","1282",0.793333333333333,0.754600574406978,0.582255892849793,0.756528091455978
120,150,"extreme","waic","1282",0.786666666666667,0.746954694921447,0.533469740532341,0.714297844642672
120,150,"extreme","hbi","1282",0.906666666666667,0.948773448773449,0.837519623233909,0.865245744737551
60,300,"equal","bf_ps","1282",0.853333333333333,0.876116451892896,0.86182770481551,0.858785401938144
60,300,"equal","psis","1282",0.583333333333333,0.702290072256075,0.561661407697993,0.590270294838449
60,300,"equal","waic","1282",0.556666666666667,0.687726471059804,0.534033040130601,0.555611412388906
60,300,"equal","hbi","1282",0.79,0.84433674237941,0.80681005985884,0.794569404200223
60,300,"extreme","bf_ps","1282",0.91,0.877009794982919,0.838186889388262,0.846015715968575
60,300,"extreme","psis","1282",0.73,0.697300158470371,0.552086439222758,0.586212420327501
60,300,"extreme","waic","1282",0.7,0.714337579328675,0.55487807931417,0.582978735782193
60,300,"extreme","hbi","1282",0.866666666666667,0.856231940102908,0.76218042064724,0.741923828150741
120,300,"equal","bf_ps","1282",0.826666666666667,0.87547633766821,0.846373174592835,0.842320507645243
120,300,"equal","psis","1282",0.583333333333333,0.740776376318994,0.547727587628897,0.520935263518748
120,300,"equal","waic","1282",0.566666666666667,0.735192088890063,0.529192614325505,0.516690283071232
120,300,"equal","hbi","1282",0.776666666666667,0.839675232194191,0.801153019347274,0.794913476527961
120,300,"extreme","bf_ps","1282",0.916666666666667,0.895240943267259,0.836269113908865,0.859478393328882
120,300,"extreme","psis","1282",0.77,0.675129431971537,0.538528552193148,0.691619297129384
120,300,"extreme","waic","1282",0.77,0.725713901145671,0.557209664041962,0.610376472377159
120,300,"extreme","hbi","1282",0.89,0.892432424391187,0.784038735591531,0.803097269669211
60,150,"equal","bf_ps","1283",0.873333333333333,0.87901819034824,0.846007063112326,0.850516674425781
60,150,"equal","psis","1283",0.526666666666667,0.672271062271062,0.537545161605312,0.474929480257109
60,150,"equal","waic","1283",0.466666666666667,0.637515817515818,0.48490137681867,0.406504539937823
60,150,"equal","hbi","1283",0.773333333333333,0.82015306122449,0.751395534290271,0.729852531871165
60,150,"extreme","bf_ps","1283",0.9,0.90609243697479,0.778776737967914,0.81326148796968
60,150,"extreme","psis","1283",0.753333333333333,0.681091368725172,0.581240011678653,0.654700128832271
60,150,"extreme","waic","1283",0.753333333333333,0.674301369863014,0.568171829860471,0.648100358422939
60,150,"extreme","hbi","1283",0.853333333333333,0.879422538246068,0.712915283668326,0.758132705501127
120,150,"equal","bf_ps","1283",0.833333333333333,0.887161410018553,0.80952380952381,0.823163379064
120,150,"equal","psis","1283",0.56,0.698325358851675,0.558835978835979,0.533848969068917
120,150,"equal","waic","1283",0.566666666666667,0.704900001958826,0.570793650793651,0.554631971634154
120,150,"equal","hbi","1283",0.8,0.86359126984127,0.749206349206349,0.847916798648506
120,150,"extreme","bf_ps","1283",0.94,0.909658899020601,0.841071428571429,0.84743596914917
120,150,"extreme","psis","1283",0.8,0.741121951219512,0.601604554865424,0.735503180533008
120,150,"extreme","waic","1283",0.8,0.736363636363636,0.574585921325052,0.721064460077768
120,150,"extreme","hbi","1283",0.9,0.87901397117987,0.794875776397515,0.780413714690583
60,300,"equal","bf_ps","1283",0.84,0.870748634214676,0.833349149017352,0.833505803192443
60,300,"equal","psis","1283",0.53,0.682475231247428,0.555976877290241,0.489347613195631
60,300,"equal","waic","1283",0.533333333333333,0.682810571532376,0.557140610596832,0.499974435646135
60,300,"equal","hbi","1283",0.783333333333333,0.779996646047643,0.752432578008615,0.736629359061952
60,300,"extreme","bf_ps","1283",0.9,0.898849065919284,0.80688137883963,0.836495179871646
60,300,"extreme","psis","1283",0.73,0.692346490638416,0.508268704439057,0.56508382072277
60,300,"extreme","waic","1283",0.716666666666667,0.612646639011553,0.464157848911561,0.603459598701223
60,300,"extreme","hbi","1283",0.85,0.873123206141818,0.747193576071424,0.75330401265472
120,300,"equal","bf_ps","1283",0.84,0.894935291189647,0.832420468187275,0.834914968971091
120,300,"equal","psis","1283",0.556666666666667,0.716244667887474,0.558375068453883,0.512169157213558
120,300,"equal","waic","1283",0.563333333333333,0.700571772664796,0.556809390422836,0.535419858686753
120,300,"equal","hbi","1283",0.77,0.723786066150598,0.726264418811003,0.817719107192791
120,300,"extreme","bf_ps","1283",0.93,0.910195898728377,0.861706259721852,0.877915668985178
120,300,"extreme","psis","1283",0.786666666666667,0.756316815212896,0.577223983788477,0.63094869102273
120,300,"extreme","waic","1283",0.776666666666667,0.757012984202721,0.573007538174087,0.625469206315419
120,300,"extreme","hbi","1283",0.876666666666667,0.857176324156227,0.797438493469677,0.78784933634432
60,150,"equal","bf_ps","1234",0.865771812080537,0.894030711699885,0.871804871373837,0.86413587500544
60,150,"equal","psis","1234",0.546666666666667,0.693417255978832,0.573485719261581,0.522961793345998
60,150,"equal","waic","1234",0.526666666666667,0.696232783305303,0.555776484052346,0.48991637174211
60,150,"equal","hbi","1234",0.773333333333333,0.779509734928454,0.754166044683286,0.727360218615802
60,150,"extreme","bf_ps","1234",0.926666666666667,0.876180124223602,0.812715855572998,0.823997414049734
60,150,"extreme","psis","1234",0.72,0.722200935710252,0.569739784025498,0.534480469696416
60,150,"extreme","waic","1234",0.733333333333333,0.682407942934259,0.53381142666857,0.499070646736152
60,150,"extreme","hbi","1234",0.906666666666667,0.880178571428571,0.776190476190476,0.786381477155659
120,150,"equal","bf_ps","1234",0.86,0.926708074534161,0.869737750172533,0.870650713377654
120,150,"equal","psis","1234",0.533333333333333,0.733962038969841,0.526496852583809,0.5017294934168
120,150,"equal","waic","1234",0.56,0.739540396710208,0.556277056277056,0.549443219568995
120,150,"equal","hbi","1234",0.786666666666667,0.869767441860465,0.807022084195997,0.783094992382918
120,150,"extreme","bf_ps","1234",0.933333333333333,0.917566643882433,0.811904761904762,0.831131017000102
120,150,"extreme","psis","1234",0.733333333333333,0.710309443642777,0.48944099378882,0.629444686548429
120,150,"extreme","waic","1234",0.72,0.505739407651172,0.429089026915114,0.649217886879901
120,150,"extreme","hbi","1234",0.9,0.904864976293548,0.766666666666667,0.784311436233285
60,300,"equal","bf_ps","1234",0.88,0.913565426170468,0.868651471912341,0.874582724672248
60,300,"equal","psis","1234",0.56,0.720419873635073,0.575116461871577,0.528858628335261
60,300,"equal","waic","1234",0.536666666666667,0.713155773019113,0.550073165843626,0.494813197740005
60,300,"equal","hbi","1234",0.77,0.694580387875267,0.752058311466879,0.837991229835274
60,300,"extreme","bf_ps","1234",0.923333333333333,0.913946492575525,0.825128839414554,0.849070074457454
60,300,"extreme","psis","1234",0.723333333333333,0.672529269696678,0.514662834830902,0.54930068645891
60,300,"extreme","waic","1234",0.713333333333333,0.658138599725295,0.489868523166842,0.512135399050785
60,300,"extreme","hbi","1234",0.84,0.725416629417725,0.705127353971892,0.795701581027668
120,300,"equal","bf_ps","1234",0.88,0.890007378657338,0.87437889782596,0.878855621602366
120,300,"equal","psis","1234",0.533333333333333,0.723069598845996,0.567541181099123,0.510891767885233
120,300,"equal","waic","1234",0.533333333333333,0.721471986579695,0.561480038159695,0.515562602145368
120,300,"equal","hbi","1234",0.843333333333333,0.870502364107964,0.832588375007286,0.835651597794988
120,300,"extreme","bf_ps","1234",0.923333333333333,0.913515298261061,0.844887955182073,0.864946996564365
120,300,"extreme","psis","1234",0.756666666666667,0.672807816109216,0.56977534603585,0.696283454475559
120,300,"extreme","waic","1234",0.726666666666667,0.712240374567961,0.540353320815506,0.574108990149511
120,300,"extreme","hbi","1234",0.86,0.883446712018141,0.761838068560758,0.754340749405573
60,150,"equal","bf_ps","1235",0.9,0.916434404977962,0.881921859652952,0.8842788976773
60,150,"equal","psis","1235",0.586666666666667,0.745326568855981,0.615765851795264,0.577497537896256
60,150,"equal","waic","1235",0.526666666666667,0.686477976202421,0.562263541780349,0.590716827783124
60,150,"equal","hbi","1235",0.84,0.87202380952381,0.809732984102732,0.79522554739946
60,150,"extreme","bf_ps","1235",0.906666666666667,0.90952380952381,0.821315192743764,0.834032941081398
60,150,"extreme","psis","1235",0.693333333333333,0.659088997422331,0.479606009070295,0.527775532445688
60,150,"extreme","waic","1235",0.66,0.587022306397306,0.451799886621315,0.560683760683761
60,150,"extreme","hbi","1235",0.88,0.867634533488192,0.79234693877551,0.801086091002057
120,150,"equal","bf_ps","1235",0.86,0.870242800677583,0.830290297937357,0.824005620264468
120,150,"equal","psis","1235",0.513333333333333,0.686065603892429,0.55070345476025,0.504721901243141
120,150,"equal","waic","1235",0.553333333333333,0.695665445665446,0.577532229433852,0.559215821107639
120,150,"equal","hbi","1235",0.84,0.873802982731554,0.806741787624141,0.779197795655629
120,150,"extreme","bf_ps","1235",0.933333333333333,0.915509777578743,0.900560224089636,0.886386554621849
120,150,"extreme","psis","1235",0.706666666666667,0.6537918603136,0.528256443139505,0.633092423086702
120,150,"extreme","waic","1235",0.7,0.666457800511509,0.524095260594198,0.626451388388893
120,150,"extreme","hbi","1235",0.893333333333333,0.888106966924701,0.851739732037393,0.836818736337571
60,300,"equal","bf_ps","1235",0.862876254180602,0.860234683386537,0.838179677465392,0.840229491106684
60,300,"equal","psis","1235",0.533333333333333,0.708928838059744,0.568621656121656,0.516988803844567
60,300,"equal","waic","1235",0.53,0.709629251434346,0.568199855699856,0.520046880241484
60,300,"equal","hbi","1235",0.81,0.84442043924778,0.775058275058275,0.762342462758299
60,300,"extreme","bf_ps","1235",0.916666666666667,0.893087037186416,0.861954885304086,0.865103803978254
60,300,"extreme","psis","1235",0.72,0.725714775338836,0.563307307955256,0.597021951706685
60,300,"extreme","waic","1235",0.69,0.647917374313312,0.521582759974981,0.638944206678312
60,300,"extreme","hbi","1235",0.89,0.860128461026665,0.828362964929379,0.819764744985815
120,300,"equal","bf_ps","1235",0.876666666666667,0.891059398317463,0.864057009243345,0.867496614440992
120,300,"equal","psis","1235",0.536666666666667,0.728554659436131,0.557512405235734,0.505433607330483
120,300,"equal","waic","1235",0.573333333333333,0.731880016847603,0.587436719138857,0.55516647703073
120,300,"equal","hbi","1235",0.793333333333333,0.703804797225459,0.755707968806252,0.843058829692493
120,300,"extreme","bf_ps","1235",0.936666666666667,0.9236517698327,0.889316239316239,0.89982624514777
120,300,"extreme","psis","1235",0.746666666666667,0.70199911733296,0.57345742113184,0.701280474113421
120,300,"extreme","waic","1235",0.753333333333333,0.690753433448851,0.553996649345487,0.685839062020349
120,300,"extreme","hbi","1235",0.89,0.891213968511595,0.824664224664225,0.816182115304222
60,150,"equal","bf_ps","1236",0.853333333333333,0.879166666666667,0.842325204126446,0.845312037858622
60,150,"equal","psis","1236",0.553333333333333,0.737285016248431,0.56569392101941,0.521156714518864
60,150,"equal","waic","1236",0.553333333333333,0.736225881514635,0.568196846681974,0.527204343275772
60,150,"equal","hbi","1236",0.826666666666667,0.868348861283644,0.805631738861552,0.786879836745066
60,150,"extreme","bf_ps","1236",0.906666666666667,0.865925262476987,0.811224489795918,0.820137037865994
60,150,"extreme","psis","1236",0.746666666666667,0.714777432712215,0.558803521408563,0.643264972274406
60,150,"extreme","waic","1236",0.733333333333333,0.69698703279939,0.561524609843938,0.622170554651373
60,150,"extreme","hbi","1236",0.886666666666667,0.847351061636776,0.78265306122449,0.779139743671763
120,150,"equal","bf_ps","1236",0.86,0.870923431407302,0.852426303854875,0.84994721518848
120,150,"equal","psis","1236",0.553333333333333,0.679282407407407,0.52851307422736,0.547587317991097
120,150,"equal","waic","1236",0.553333333333333,0.725057068281858,0.533945142159428,0.48094607921379
120,150,"equal","hbi","1236",0.793333333333333,0.848891108891109,0.796918319775463,0.768109243697479
120,150,"extreme","bf_ps","1236",0.926666666666667,0.903378189763878,0.880333800186741,0.883981474049576
120,150,"extreme","psis","1236",0.793333333333333,0.79707977888125,0.655627570177007,0.730244313828338
120,150,"extreme","waic","1236",0.813333333333333,0.806087608261159,0.736454049704988,0.799813686518889
120,150,"extreme","hbi","1236",0.84,0.846540666643465,0.774346405228758,0.746664573065158
60,300,"equal","bf_ps","1236",0.853333333333333,0.872428421778903,0.846984886458571,0.846382904973425
60,300,"equal","psis","1236",0.553333333333333,0.723469756627001,0.55766499582289,0.509565543903807
60,300,"equal","waic","1236",0.55,0.726806411095317,0.555425495557075,0.501701745819984
60,300,"equal","hbi","1236",0.786666666666667,0.802372465527318,0.77083048530417,0.742099451695059
60,300,"extreme","bf_ps","1236",0.93,0.905677384825566,0.874925970388155,0.886724386724387
60,300,"extreme","psis","1236",0.783333333333333,0.781843580265483,0.645949410067057,0.630116362225406
60,300,"extreme","waic","1236",0.76,0.765213097404878,0.630829331732693,0.606531166488487
60,300,"extreme","hbi","1236",0.89,0.88140645731977,0.811456582633053,0.811916797218315
120,300,"equal","bf_ps","1236",0.876666666666667,0.896164021164021,0.877843960550727,0.878058076300111
120,300,"equal","psis","1236",0.576666666666667,0.751827811613516,0.568571492122063,0.518382638748055
120,300,"equal","waic","1236",0.56,0.737989049480985,0.550778901196057,0.512351437322917
120,300,"equal","hbi","1236",0.8,0.850464871107419,0.790865149887706,0.779137501105088
120,300,"extreme","bf_ps","1236",0.906666666666667,0.899582120825963,0.851002258610954,0.863939215098062
120,300,"extreme","psis","1236",0.733333333333333,0.719301787331438,0.539471579145492,0.595344434480374
120,300,"extreme","waic","1236",0.703333333333333,0.636777146889544,0.475359966120836,0.59695158634522
120,300,"extreme","hbi","1236",0.87,0.88109420838919,0.797701392810088,0.792583672607773
60,150,"equal","bf_ps","1237",0.873333333333333,0.89906629318394,0.859631724543364,0.863581442169816
60,150,"equal","psis","1237",0.533333333333333,0.710585286746277,0.57684750737315,0.500880131622542
60,150,"equal","waic","1237",0.526666666666667,0.703296703296703,0.564659451372718,0.518052016894723
60,150,"equal","hbi","1237",0.766666666666667,0.693717703005629,0.741727252813152,0.824968237492334
60,150,"extreme","bf_ps","1237",0.906666666666667,0.898404164533197,0.831349206349206,0.843777374953381
60,150,"extreme","psis","1237",0.733333333333333,0.775959219056234,0.570281385281385,0.635504209551641
60,150,"extreme","waic","1237",0.733333333333333,0.720080482897384,0.538044733044733,0.693612510905374
60,150,"extreme","hbi","1237",0.866666666666667,0.882454594741122,0.800800865800866,0.80659923006298
120,150,"equal","bf_ps","1237",0.866666666666667,0.911027568922306,0.881038961038961,0.878004952441043
120,150,"equal","psis","1237",0.64,0.779446728904933,0.594093314093314,0.560997775567603
120,150,"equal","waic","1237",0.626666666666667,0.733587287704435,0.579278499278499,0.633051635858815
120,150,"equal","hbi","1237",0.8,0.870443349753695,0.816661856661857,0.794613189069479
120,150,"extreme","bf_ps","1237",0.946666666666667,0.931120425965787,0.891233766233766,0.88422619047619
120,150,"extreme","psis","1237",0.74,0.797033236371472,0.632074504442925,0.607332094687586
120,150,"extreme","waic","1237",0.72,0.759671907040328,0.591660970608339,0.62036888532478
120,150,"extreme","hbi","1237",0.913333333333333,0.890731292517007,0.821428571428571,0.914075993091537
60,300,"equal","bf_ps","1237",0.83,0.883299187268126,0.822150175566325,0.825522301742211
60,300,"equal","psis","1237",0.516666666666667,0.700130821559393,0.514346574750301,0.457180594028016
60,300,"equal","waic","1237",0.503333333333333,0.635480855331009,0.502034749239718,0.513281166869058
60,300,"equal","hbi","1237",0.803333333333333,0.862635556729907,0.793505941953147,0.780565624451695
60,300,"extreme","bf_ps","1237",0.9,0.855534605146406,0.838702071737786,0.832122380724865
60,300,"extreme","psis","1237",0.783333333333333,0.772309951729667,0.61139713461142,0.596604865714345
60,300,"extreme","waic","1237",0.77,0.720394757442678,0.579122861265718,0.636107355765476
60,300,"extreme","hbi","1237",0.896666666666667,0.874897693923369,0.824885332921047,0.829677589275525
120,300,"equal","bf_ps","1237",0.84,0.89001339634251,0.843949445807031,0.849659013073647
120,300,"equal","psis","1237",0.566666666666667,0.680974644261348,0.525893164283257,0.549818414869506
120,300,"equal","waic","1237",0.556666666666667,0.72103499233467,0.516516686419384,0.47145977759996
120,300,"equal","hbi","1237",0.78,0.85343257556187,0.778871644351521,0.767335785852888
120,300,"extreme","bf_ps","1237",0.946666666666667,0.919224873954291,0.893847317972093,0.899315418661468
120,300,"extreme","psis","1237",0.766666666666667,0.673702081051479,0.549963897773799,0.686835222573306
120,300,"extreme","waic","1237",0.766666666666667,0.712116641528406,0.537059074804165,0.576489998480056
120,300,"extreme","hbi","1237",0.896666666666667,0.885930251159814,0.7937536346568,0.776744421597539
60,150,"equal","bf_ps","1238",0.846666666666667,0.899231720660292,0.846414455110107,0.849872455185548
60,150,"equal","psis","1238",0.54,0.715275200989487,0.521042230081132,0.486042153335386
60,150,"equal","waic","1238",0.506666666666667,0.694644699985257,0.491285030758715,0.472190522683134
60,150,"equal","hbi","1238",0.82,0.873395512050974,0.817843026538679,0.811295946950209
60,150,"extreme","bf_ps","1238",0.94,0.94377990430622,0.880952380952381,0.906503141797259
60,150,"extreme","psis","1238",0.793333333333333,0.751812865497076,0.599404761904762,0.757753924921768
60,150,"extreme","waic","1238",0.766666666666667,0.738970588235294,0.59484126984127,0.73574582487626
60,150,"extreme","hbi","1238",0.9,0.916750596342433,0.834722222222222,0.856658131386349
120,150,"equal","bf_ps","1238",0.833333333333333,0.8752405002405,0.820909416398138,0.82375950380152
120,150,"equal","psis","1238",0.513333333333333,0.680187074829932,0.537594464850104,0.504896669187229
120,150,"equal","waic","1238",0.54,0.692285114780306,0.561958321544788,0.535684788269375
120,150,"equal","hbi","1238",0.773333333333333,0.819866408101702,0.750104427736007,0.743376623376623
120,150,"extreme","bf_ps","1238",0.886666666666667,0.868693134822167,0.755555555555556,0.767987586510532
120,150,"extreme","psis","1238",0.68,0.7056821779044,0.435431063070815,0.499741711280173
120,150,"extreme","waic","1238",0.693333333333333,0.711073629851741,0.440403144129852,0.504448100564446
120,150,"extreme","hbi","1238",0.86,0.832922275293096,0.725534851621808,0.728993470297818
60,300,"equal","bf_ps","1238",0.853333333333333,0.896938775510204,0.845338311699998,0.852028684683721
60,300,"equal","psis","1238",0.54,0.711904761904762,0.546675950761132,0.498888134497029
60,300,"equal","waic","1238",0.546666666666667,0.713866949996772,0.552574903828942,0.509110663373964
60,300,"equal","hbi","1238",0.766666666666667,0.777804780448765,0.749217226109381,0.728436843101777
60,300,"extreme","bf_ps","1238",0.91,0.870000889947698,0.830564727174897,0.845708146309939
60,300,"extreme","psis","1238",0.753333333333333,0.762175425725846,0.535706424326279,0.597559079748622
60,300,"extreme","waic","1238",0.716666666666667,0.707087878006119,0.493223483538254,0.538770327645598
60,300,"extreme","hbi","1238",0.836666666666667,0.710968203567649,0.732399400438141,0.826314959788248
120,300,"equal","bf_ps","1238",0.836666666666667,0.889278897556385,0.830691834922827,0.833588364843064
120,300,"equal","psis","1238",0.516666666666667,0.708240941979974,0.530438685787816,0.48548284454402
120,300,"equal","waic","1238",0.53,0.704351232656072,0.539438220304737,0.513977212239544
120,300,"equal","hbi","1238",0.793333333333333,0.851230344000953,0.78783594716093,0.780832780297086
120,300,"extreme","bf_ps","1238",0.906666666666667,0.868542758493463,0.829341334192697,0.834754764463951
120,300,"extreme","psis","1238",0.73,0.690387763497007,0.519227325482487,0.664047121591505
120,300,"extreme","waic","1238",0.716666666666667,0.675855288934759,0.500930333197055,0.635864699101572
120,300,"extreme","hbi","1238",0.853333333333333,0.840994926398653,0.77409539579234,0.761140429375929
60,150,"equal","bf_ps","1239",0.813333333333333,0.840714285714286,0.804814471243043,0.80521275021275
60,150,"equal","psis","1239",0.573333333333333,0.73188727648658,0.59243351886209,0.536730168785918
60,150,"equal","waic","1239",0.52,0.69593864981603,0.53069573283859,0.482262374272885
60,150,"equal","hbi","1239",0.733333333333333,0.808540160250147,0.709392393320965,0.688993131200344
60,150,"extreme","bf_ps","1239",0.846666666666667,0.856028368794326,0.758503401360544,0.764347777559404
60,150,"extreme","psis","1239",0.713333333333333,0.615509015509015,0.471176401595121,0.61176679740886
60,150,"extreme","waic","1239",0.7,0.592794871794872,0.443965517241379,0.579985829923659
60,150,"extreme","hbi","1239",0.813333333333333,0.854865424430642,0.751026272577997,0.733984971956541
120,150,"equal","bf_ps","1239",0.846666666666667,0.875178789464504,0.834446505875077,0.834999451872517
120,150,"equal","psis","1239",0.586666666666667,0.714730122818358,0.601476954418131,0.582458319662964
120,150,"equal","waic","1239",0.62,0.73083464958465,0.616192840772673,0.607196284306706
120,150,"equal","hbi","1239",0.726666666666667,0.669179894179894,0.701445123503947,0.786274092970522
120,150,"extreme","bf_ps","1239",0.906666666666667,0.884873949579832,0.86309067688378,0.868319919736526
120,150,"extreme","psis","1239",0.773333333333333,0.764342114656957,0.670808246670316,0.759939960338764
120,150,"extreme","waic","1239",0.773333333333333,0.764765017117958,0.644353220215289,0.742561567561568
120,150,"extreme","hbi","1239",0.806666666666667,0.841294261294261,0.78917168399927,0.760626656792985
60,300,"equal","bf_ps","1239",0.846666666666667,0.875961201061381,0.827680156727676,0.832258884485667
60,300,"equal","psis","1239",0.523333333333333,0.696231497764501,0.543365134238317,0.483648905987021
60,300,"equal","waic","1239",0.516666666666667,0.692254604105594,0.533640751328184,0.467016276887739
60,300,"equal","hbi","1239",0.806666666666667,0.86991050244117,0.77758887687399,0.771681096681097
60,300,"extreme","bf_ps","1239",0.876666666666667,0.857442420032603,0.847847243849268,0.838540747633649
60,300,"extreme","psis","1239",0.7,0.741274663837991,0.566689669246437,0.624210613472359
60,300,"extreme","waic","1239",0.723333333333333,0.751583063084506,0.582128639710932,0.640251015017166
60,300,"extreme","hbi","1239",0.84,0.852253325008743,0.810868058040651,0.790976726985832
120,300,"equal","bf_ps","1239",0.84,0.877136131412447,0.827220129099902,0.829120451373616
120,300,"equal","psis","1239",0.493333333333333,0.674131241326574,0.508374022260585,0.460866507628481
120,300,"equal","waic","1239",0.506666666666667,0.665763469944796,0.510625609255673,0.493326166230428
120,300,"equal","hbi","1239",0.8,0.846342007832691,0.773966221153744,0.760712014360123
120,300,"extreme","bf_ps","1239",0.903333333333333,0.885294229579944,0.848857262203127,0.856202129974797
120,300,"extreme","psis","1239",0.76,0.729619333324031,0.530342608731695,0.703683651272793
120,300,"extreme","waic","1239",0.766666666666667,0.73980687775836,0.545627845633473,0.717977483517712
120,300,"extreme","hbi","1239",0.85,0.862452253628724,0.799357282570555,0.796443451123421
60,150,"equal","bf_ps","1240",0.8,0.885535609592674,0.799035201124984,0.806467136520074
60,150,"equal","psis","1240",0.506666666666667,0.686780184101613,0.483611055758336,0.452384112322001
60,150,"equal","waic","1240",0.493333333333333,0.68448105937092,0.471737480417268,0.441092000858639
60,150,"equal","hbi","1240",0.733333333333333,0.813277530885504,0.746307227344379,0.739817542733953
60,150,"extreme","bf_ps","1240",0.926666666666667,0.897009496868054,0.848017041868294,0.867639378165694
60,150,"extreme","psis","1240",0.746666666666667,0.700221861471861,0.525989433574117,0.659321027745237
60,150,"extreme","waic","1240",0.753333333333333,0.673090798520365,0.546397596839423,0.681183084133609
60,150,"extreme","hbi","1240",0.88,0.833981211532232,0.807317600579751,0.81000111000111
120,150,"equal","bf_ps","1240",0.88,0.91019661453098,0.873701298701299,0.879229323308271
120,150,"equal","psis","1240",0.56,0.730127928549855,0.559177138650823,0.512287041468486
120,150,"equal","waic","1240",0.58,0.734869894171165,0.570909222356591,0.544682747616421
120,150,"equal","hbi","1240",0.78,0.782902909447532,0.770284715284715,0.740570427305121
120,150,"extreme","bf_ps","1240",0.933333333333333,0.909225697163986,0.862399505256648,0.880948122915336
120,150,"extreme","psis","1240",0.8,0.763062274159294,0.60050505050505,0.671263418662263
120,150,"extreme","waic","1240",0.793333333333333,0.754347657762292,0.595908060193775,0.656012785663948
120,150,"extreme","hbi","1240",0.886666666666667,0.872437888198758,0.788188002473717,0.80425932867359
60,300,"equal","bf_ps","1240",0.833333333333333,0.890081414319295,0.827811531150265,0.833631288116338
60,300,"equal","psis","1240",0.503333333333333,0.698332522557387,0.497687921059543,0.465103725426306
60,300,"equal","waic","1240",0.483333333333333,0.687981854054801,0.476088347864407,0.438211485571615
60,300,"equal","hbi","1240",0.783333333333333,0.849109999731118,0.780526771130473,0.78047754548108
60,300,"extreme","bf_ps","1240",0.906666666666667,0.896579144348638,0.844601430315716,0.865137710566665
60,300,"extreme","psis","1240",0.72,0.66057358755472,0.519671201814059,0.665140219638175
60,300,"extreme","waic","1240",0.713333333333333,0.648806594162631,0.484397348683063,0.636126997715697
60,300,"extreme","hbi","1240",0.89,0.891268595350228,0.820211930926217,0.839192669078864
120,300,"equal","bf_ps","1240",0.88,0.92109938983645,0.874945314323756,0.8824543023315
120,300,"equal","psis","1240",0.59,0.741803388021875,0.574875000483229,0.551204375375007
120,300,"equal","waic","1240",0.56,0.728511982418538,0.54621306801721,0.531764408480956
120,300,"equal","hbi","1240",0.78,0.787664271263935,0.754893513623826,0.7376948584297
120,300,"extreme","bf_ps","1240",0.913333333333333,0.923891192822077,0.82766439909297,0.857059071075811
120,300,"extreme","psis","1240",0.786666666666667,0.699959292904565,0.540601638715603,0.7055019740475
120,300,"extreme","waic","1240",0.786666666666667,0.706928200005123,0.540099094473091,0.711861463769245
120,300,"extreme","hbi","1240",0.876666666666667,0.892443664876597,0.780068216665327,0.793758174695088
60,150,"equal","bf_ps","1241",0.806666666666667,0.856691919191919,0.810748973883985,0.807960332350576
60,150,"equal","psis","1241",0.533333333333333,0.695890957225409,0.527295282720258,0.479010386763401
60,150,"equal","waic","1241",0.5,0.693452380952381,0.496762766128572,0.444810894579151
60,150,"equal","hbi","1241",0.793333333333333,0.836239093338485,0.801229341469616,0.79561742492777
60,150,"extreme","bf_ps","1241",0.913333333333333,0.891867391867392,0.775132275132275,0.807719247745154
60,150,"extreme","psis","1241",0.806666666666667,0.738991820123303,0.609232139019373,0.695641908961462
60,150,"extreme","waic","1241",0.8,0.72611762901618,0.612750094664988,0.702388180519626
60,150,"extreme","hbi","1241",0.88,0.869352346999406,0.723112073112073,0.754038211029093
120,150,"equal","bf_ps","1241",0.9,0.915850815850816,0.872368421052632,0.883014537915073
120,150,"equal","psis","1241",0.606666666666667,0.738828157257598,0.641996015680226,0.572250250944656
120,150,"equal","waic","1241",0.613333333333333,0.744535495464288,0.646757920442131,0.58457172672289
120,150,"equal","hbi","1241",0.813333333333333,0.850907029478458,0.797387700019279,0.792123356519641
120,150,"extreme","bf_ps","1241",0.953333333333333,0.762142857142857,0.92322695035461,0.877621755773016
120,150,"extreme","psis","1241",0.766666666666667,0.680444444444444,0.690927895981088,0.674660894660895
120,150,"extreme","waic","1241",0.766666666666667,0.667261904761905,0.680585106382979,0.660389185977421
120,150,"extreme","hbi","1241",0.886666666666667,0.852374551971326,0.847842789598109,0.772568707617727
60,300,"equal","bf_ps","1241",0.776666666666667,0.824596014946419,0.775336561990957,0.773434370430616
60,300,"equal","psis","1241",0.48,0.651360310927366,0.499692474013689,0.44567188709266
60,300,"equal","waic","1241",0.476666666666667,0.647056091827628,0.496696834892877,0.447423465406323
60,300,"equal","hbi","1241",0.696666666666667,0.721305823443799,0.713032235443648,0.670538804515534
60,300,"extreme","bf_ps","1241",0.896666666666667,0.856109945800667,0.806630426311277,0.802315716213919
60,300,"extreme","psis","1241",0.713333333333333,0.628556536448802,0.486341672511885,0.615305728183026
60,300,"extreme","waic","1241",0.73,0.610652680652681,0.476236750837815,0.602600603058269
60,300,"extreme","hbi","1241",0.88,0.852319179824632,0.785733769776323,0.778211531326383
120,300,"equal","bf_ps","1241",0.833333333333333,0.882137703566275,0.827539155196963,0.826388324786494
120,300,"equal","psis","1241",0.516666666666667,0.699130434782609,0.541010052233146,0.488095527142722
120,300,"equal","waic","1241",0.543333333333333,0.704318866054793,0.566551911171736,0.527561305108246
120,300,"equal","hbi","1241",0.733333333333333,0.779749559645633,0.742950131461641,0.704995614174827
120,300,"extreme","bf_ps","1241",0.926666666666667,0.888905775075988,0.855902655902656,0.856785850370482
120,300,"extreme","psis","1241",0.753333333333333,0.658064883211548,0.511233918842614,0.654127627590626
120,300,"extreme","waic","1241",0.756666666666667,0.661715226971292,0.510223593763966,0.648473342825502
120,300,"extreme","hbi","1241",0.856666666666667,0.862625767316843,0.784535037174789,0.76040408204887
60,150,"equal","bf_ps","1242",0.873333333333333,0.902215431627196,0.868621994252246,0.86849765421194
60,150,"equal","psis","1242",0.533333333333333,0.710459183673469,0.551458905240418,0.497954324582255
60,150,"equal","waic","1242",0.513333333333333,0.708032521308919,0.533935952003179,0.473929804798488
60,150,"equal","hbi","1242",0.76,0.823383899014151,0.751058605260286,0.71608278939106
60,150,"extreme","bf_ps","1242",0.92,0.889196108550947,0.828917748917749,0.850822986537272
60,150,"extreme","psis","1242",0.733333333333333,0.670258980785297,0.493204955963577,0.646547581680696
60,150,"extreme","waic","1242",0.706666666666667,0.658602589037372,0.470347813106434,0.615304084757407
60,150,"extreme","hbi","1242",0.873333333333333,0.851573129251701,0.762597402597403,0.775753288926882
120,150,"equal","bf_ps","1242",0.853333333333333,0.895321230724957,0.859786052682086,0.855419589598895
120,150,"equal","psis","1242",0.573333333333333,0.744011009799337,0.585537446737862,0.544479486165669
120,150,"equal","waic","1242",0.566666666666667,0.728622202761371,0.574607774905934,0.543404174023113
120,150,"equal","hbi","1242",0.786666666666667,0.840113677049767,0.806848065079851,0.788358034008253
120,150,"extreme","bf_ps","1242",0.926666666666667,0.879038613081166,0.830559537081276,0.847818072530555
120,150,"extreme","psis","1242",0.74,0.68695652173913,0.519482932526411,0.641633246794653
120,150,"extreme","waic","1242",0.746666666666667,0.685708534621578,0.508440834527791,0.647217086300204
120,150,"extreme","hbi","1242",0.88,0.841996753246753,0.763192121887774,0.774035500725113
60,300,"equal","bf_ps","1242",0.883333333333333,0.913818677015437,0.874716937874833,0.878338447395382
60,300,"equal","psis","1242",0.536666666666667,0.726429851809791,0.562378999757721,0.51112160492816
60,300,"equal","waic","1242",0.496666666666667,0.712858397641006,0.521793030257999,0.459229328396288
60,300,"equal","hbi","1242",0.816666666666667,0.85644421434695,0.810478800704365,0.808058988353839
60,300,"extreme","bf_ps","1242",0.909698996655518,0.884022274576997,0.81766868189282,0.832058682058682
60,300,"extreme","psis","1242",0.796666666666667,0.780950245952039,0.594701093603586,0.574655834873995
60,300,"extreme","waic","1242",0.756666666666667,0.725626432007402,0.537250840775182,0.591729470789996
60,300,"extreme","hbi","1242",0.856666666666667,0.83968253968254,0.733354078308439,0.740614419283695
120,300,"equal","bf_ps","1242",0.88,0.9190556222489,0.874021276374157,0.87651887243724
120,300,"equal","psis","1242",0.52,0.709759448391718,0.543596901040708,0.49947919035053
120,300,"equal","waic","1242",0.523333333333333,0.70693612277331,0.543214070847722,0.511821948182935
120,300,"equal","hbi","1242",0.816666666666667,0.874499672176221,0.810470539629457,0.799505744388755
120,300,"extreme","bf_ps","1242",0.913333333333333,0.896863730649009,0.841816782610393,0.860516520852732
120,300,"extreme","psis","1242",0.756666666666667,0.672347315040491,0.513717371244041,0.660636162885159
120,300,"extreme","waic","1242",0.73,0.660508067250354,0.49146909688498,0.630178085803724
120,300,"extreme","hbi","1242",0.85,0.865604624828655,0.761677795591654,0.758403191405834
60,150,"equal","bf_ps","1243",0.82,0.889263066682421,0.820184990992444,0.819192945293093
60,150,"equal","psis","1243",0.553333333333333,0.66651098102711,0.534529652542075,0.553295079624867
60,150,"equal","waic","1243",0.526666666666667,0.583321582692157,0.510835954935334,0.615323565323565
60,150,"equal","hbi","1243",0.813333333333333,0.876192803612158,0.812817617165443,0.809699818624768
60,150,"extreme","bf_ps","1243",0.913333333333333,0.895804803099636,0.876151229722658,0.874885816504569
60,150,"extreme","psis","1243",0.7,0.75289298515105,0.592176870748299,0.671195717231523
60,150,"extreme","waic","1243",0.666666666666667,0.673659077797009,0.465737833594977,0.60700289291783
60,150,"extreme","hbi","1243",0.886666666666667,0.883901141101602,0.859406070120356,0.853002827116099
120,150,"equal","bf_ps","1243",0.853333333333333,0.905086020894844,0.846753246753247,0.850503449744436
120,150,"equal","psis","1243",0.566666666666667,0.7003663003663,0.554810509183911,0.51972569653793
120,150,"equal","waic","1243",0.553333333333333,0.691330633830175,0.542388148935463,0.504964682414412
120,150,"equal","hbi","1243",0.773333333333333,0.839078185852379,0.775759457933371,0.755763523847505
120,150,"extreme","bf_ps","1243",0.893333333333333,0.863636363636364,0.793956043956044,0.799548120930412
120,150,"extreme","psis","1243",0.733333333333333,0.702002555408128,0.518565644881434,0.673517126148705
120,150,"extreme","waic","1243",0.706666666666667,0.680822021116139,0.466497975708502,0.626181816557598
120,150,"extreme","hbi","1243",0.866666666666667,0.846615477874318,0.753846153846154,0.739411608799364
60,300,"equal","bf_ps","1243",0.82,0.878883037085802,0.81636853521352,0.815121384221788
60,300,"equal","psis","1243",0.526666666666667,0.691096276731117,0.513053264751817,0.47269132998084
60,300,"equal","waic","1243",0.51,0.681591549224553,0.497972407233984,0.45245575762401
60,300,"equal","hbi","1243",0.78,0.831633693312175,0.773555977963273,0.765110271881081
60,300,"extreme","bf_ps","1243",0.91,0.882570623557341,0.848293605877876,0.857415337078339
60,300,"extreme","psis","1243",0.723333333333333,0.766262386798101,0.543991649609627,0.540056383749958
60,300,"extreme","waic","1243",0.71,0.722850195540522,0.507408638026616,0.559200117203343
60,300,"extreme","hbi","1243",0.846666666666667,0.837456128916681,0.767401532570072,0.751702170449387
120,300,"equal","bf_ps","1243",0.836666666666667,0.884433177130566,0.836471834262532,0.836978151871769
120,300,"equal","psis","1243",0.55,0.703691661586398,0.541332790146269,0.502555835739889
120,300,"equal","waic","1243",0.56,0.699050341139591,0.547180983244106,0.517117810674512
120,300,"equal","hbi","1243",0.75,0.77725973618191,0.739003948629008,0.728673905465993
120,300,"extreme","bf_ps","1243",0.916666666666667,0.88278054180765,0.843609022556391,0.854699293818883
120,300,"extreme","psis","1243",0.723333333333333,0.73003660822057,0.525008950948801,0.573179256824892
120,300,"extreme","waic","1243",0.703333333333333,0.67069914505619,0.48891275808569,0.636544808142982
120,300,"extreme","hbi","1243",0.876666666666667,0.856129628885047,0.785034013605442,0.797151689812552
60,150,"equal","bf_ps","1244",0.86,0.901027077497666,0.848966572274843,0.850453349317142
60,150,"equal","psis","1244",0.5,0.695464420840618,0.518683885037268,0.482426606983282
60,150,"equal","waic","1244",0.486666666666667,0.69681622725101,0.507129023858347,0.467730573750516
60,150,"equal","hbi","1244",0.833333333333333,0.880056211673859,0.820256810858315,0.816128767976472
60,150,"extreme","bf_ps","1244",0.913333333333333,0.904029304029304,0.851190476190476,0.84853251275723
60,150,"extreme","psis","1244",0.746666666666667,0.642297770722428,0.543132183908046,0.666966079703877
60,150,"extreme","waic","1244",0.76,0.643631469979296,0.54367816091954,0.667559460780592
60,150,"extreme","hbi","1244",0.886666666666667,0.891945724293448,0.822762725779967,0.80385567305072
120,150,"equal","bf_ps","1244",0.886666666666667,0.896245635935534,0.86422268907563,0.869142199389877
120,150,"equal","psis","1244",0.586666666666667,0.715201465201465,0.56922268907563,0.543977666300916
120,150,"equal","waic","1244",0.54,0.695650086104995,0.529747899159664,0.507536129540227
120,150,"equal","hbi","1244",0.806666666666667,0.848576007326007,0.767247899159664,0.743962866489488
120,150,"extreme","bf_ps","1244",0.926666666666667,0.910510625884898,0.83586889301175,0.864002928288643
120,150,"extreme","psis","1244",0.746666666666667,0.639692172041338,0.528841655239171,0.650167992926614
120,150,"extreme","waic","1244",0.773333333333333,0.65143951833607,0.524552983248635,0.653145111231253
120,150,"extreme","hbi","1244",0.9,0.872415387789659,0.778726035868893,0.783793921609048
60,300,"equal","bf_ps","1244",0.866220735785953,0.899381868131868,0.865925803259927,0.867401367977279
60,300,"equal","psis","1244",0.553333333333333,0.713725349310247,0.552865381240612,0.500563661623592
60,300,"equal","waic","1244",0.526666666666667,0.706488049765361,0.526046812118969,0.479760424536969
60,300,"equal","hbi","1244",0.776666666666667,0.816365759373195,0.7705724435712,0.742708228792162
60,300,"extreme","bf_ps","1244",0.906666666666667,0.860004934616334,0.820671505852895,0.830397839860254
60,300,"extreme","psis","1244",0.74,0.720865837741915,0.569012705997744,0.532292655323647
60,300,"extreme","waic","1244",0.753333333333333,0.731463968808204,0.577397769045648,0.54166950949317
60,300,"extreme","hbi","1244",0.866666666666667,0.710879120879121,0.734897802432133,0.83335571093209
120,300,"equal","bf_ps","1244",0.86241610738255,0.891947210426423,0.857851492911171,0.861614016574258
120,300,"equal","psis","1244",0.536666666666667,0.659075261869468,0.520839133189938,0.532907716896469
120,300,"equal","waic","1244",0.52,0.690098924185059,0.504861986309833,0.458830486053686
120,300,"equal","hbi","1244",0.786666666666667,0.807597917541783,0.767025830077205,0.760996988611127
120,300,"extreme","bf_ps","1244",0.93,0.916563644688645,0.86382855377673,0.884649503442687
120,300,"extreme","psis","1244",0.746666666666667,0.780816302453025,0.575784057095231,0.554285375485726
120,300,"extreme","waic","1244",0.746666666666667,0.775752451668197,0.562082924468268,0.540402504731621
120,300,"extreme","hbi","1244",0.89,0.883216783216783,0.797894487842664,0.807310439840362
60,150,"equal","bf_ps","1245",0.84,0.883264194970184,0.840915926179084,0.843320267791289
60,150,"equal","psis","1245",0.593333333333333,0.739973716759431,0.554455769548649,0.532340944040451
60,150,"equal","waic","1245",0.553333333333333,0.720221388150402,0.51634898297437,0.481171707345633
60,150,"equal","hbi","1245",0.8,0.843235793851557,0.803021189336979,0.80257063292943
60,150,"extreme","bf_ps","1245",0.926666666666667,0.865831489770369,0.870955325210644,0.864175661362362
60,150,"extreme","psis","1245",0.8,0.674376075731497,0.654934230466145,0.700646131780098
60,150,"extreme","waic","1245",0.773333333333333,0.659371199082042,0.61797599563557,0.660654046632034
60,150,"extreme","hbi","1245",0.873333333333333,0.80506866714297,0.769815724071043,0.757748638908059
120,150,"equal","bf_ps","1245",0.78,0.824740938504005,0.778688131090877,0.770153182943112
120,150,"equal","psis","1245",0.573333333333333,0.676308036505405,0.516105765942314,0.548308391869422
120,150,"equal","waic","1245",0.553333333333333,0.663365258384055,0.500450686214008,0.569092055058828
120,150,"equal","hbi","1245",0.753333333333333,0.697223294723295,0.753740438849952,0.838503555268261
120,150,"extreme","bf_ps","1245",0.906666666666667,0.893144270695291,0.831385281385281,0.851059620220743
120,150,"extreme","psis","1245",0.74,0.676716769820218,0.552611367127496,0.67587855180119
120,150,"extreme","waic","1245",0.733333333333333,0.722008301404853,0.565814830330959,0.616269841269841
120,150,"extreme","hbi","1245",0.853333333333333,0.859720836305645,0.737445887445887,0.739604358226807
60,300,"equal","bf_ps","1245",0.806666666666667,0.852080634481754,0.824153502600491,0.818784730720767
60,300,"equal","psis","1245",0.556666666666667,0.660946775042277,0.503817140120308,0.530733413121272
60,300,"equal","waic","1245",0.506666666666667,0.551238087142715,0.453957928858377,0.566357683052589
60,300,"equal","hbi","1245",0.77,0.81708152958153,0.781301136228961,0.76934899348002
60,300,"extreme","bf_ps","1245",0.916666666666667,0.894686407416252,0.841198979591837,0.852945969040002
60,300,"extreme","psis","1245",0.73,0.755461697602764,0.602651768824974,0.599052417710048
60,300,"extreme","waic","1245",0.733333333333333,0.755841072194909,0.595691903704487,0.591561290183808
60,300,"extreme","hbi","1245",0.873333333333333,0.84357976999106,0.766794217687075,0.865046501501875
120,300,"equal","bf_ps","1245",0.826666666666667,0.845696656563762,0.835642793576474,0.828659019671437
120,300,"equal","psis","1245",0.543333333333333,0.650058330322935,0.500662035292514,0.517684263661034
120,300,"equal","waic","1245",0.52,0.687953464566061,0.485173558315244,0.439104490954234
120,300,"equal","hbi","1245",0.73,0.798648073238237,0.745140951296697,0.72714162202508
120,300,"extreme","bf_ps","1245",0.916666666666667,0.900454654223498,0.832983193277311,0.843960295553128
120,300,"extreme","psis","1245",0.743333333333333,0.689553295002211,0.543271764664415,0.674961513952019
120,300,"extreme","waic","1245",0.73,0.664184748735342,0.509878096316247,0.640376481207427
120,300,"extreme","hbi","1245",0.886666666666667,0.883530548176769,0.781282513005202,0.772116078867606
60,150,"equal","bf_ps","1246",0.826666666666667,0.858507402961184,0.807351735387717,0.816062637762013
60,150,"equal","psis","1246",0.593333333333333,0.71066097463613,0.590379720901302,0.537421234113272
60,150,"equal","waic","1246",0.56,0.688836114155807,0.55996166874412,0.506728342038315
60,150,"equal","hbi","1246",0.74,0.785253623188406,0.722936150972133,0.79877089076303
60,150,"extreme","bf_ps","1246",0.926666666666667,0.891138101664417,0.868255894590846,0.872237873489245
60,150,"extreme","psis","1246",0.793333333333333,0.644978354978355,0.56451687471105,0.679195621132794
60,150,"extreme","waic","1246",0.766666666666667,0.621028181922328,0.551427415626445,0.658994708994709
60,150,"extreme","hbi","1246",0.853333333333333,0.813729246487867,0.764285714285714,0.844586494775752
120,150,"equal","bf_ps","1246",0.833333333333333,0.870908363345338,0.843586744639376,0.839878423719887
120,150,"equal","psis","1246",0.526666666666667,0.66269982740571,0.522897339968278,0.539767385117866
120,150,"equal","waic","1246",0.54,0.71451770338284,0.53351878661457,0.500590943448086
120,150,"equal","hbi","1246",0.74,0.795368072787428,0.746459385177921,0.71934083978419
120,150,"extreme","bf_ps","1246",0.913333333333333,0.928923293455313,0.833333333333333,0.860889020620655
120,150,"extreme","psis","1246",0.76,0.647460631156283,0.513840963116325,0.656459185318855
120,150,"extreme","waic","1246",0.746666666666667,0.661338761838762,0.534084809447128,0.667263555815694
120,150,"extreme","hbi","1246",0.853333333333333,0.884018155757286,0.76535541752933,0.782910318418163
60,300,"equal","bf_ps","1246",0.81,0.874140137656476,0.817567937429331,0.809980205265837
60,300,"equal","psis","1246",0.506666666666667,0.687369376974534,0.508562395013706,0.474041852097648
60,300,"equal","waic","1246",0.486666666666667,0.680922344392664,0.487624758022637,0.450728683273593
60,300,"equal","hbi","1246",0.753333333333333,0.840287209256764,0.760705334765485,0.746110257723161
60,300,"extreme","bf_ps","1246",0.896666666666667,0.85671768707483,0.786326979116802,0.80890180763916
60,300,"extreme","psis","1246",0.733333333333333,0.651385281385281,0.504467409186755,0.645314875291458
60,300,"extreme","waic","1246",0.74,0.657998102466793,0.497756050996684,0.640351569588097
60,300,"extreme","hbi","1246",0.866666666666667,0.847879248411163,0.750421707917413,0.771684040785495
120,300,"equal","bf_ps","1246",0.84,0.871677364780813,0.849980096531821,0.83739581153518
120,300,"equal","psis","1246",0.526666666666667,0.696005810334554,0.543873176631797,0.491172883297379
120,300,"equal","waic","1246",0.53,0.703190036860128,0.549728432487053,0.497803891481189
120,300,"equal","hbi","1246",0.803333333333333,0.862262231578441,0.784990297059263,0.785402606844629
120,300,"extreme","bf_ps","1246",0.903333333333333,0.863480038480039,0.821266037720992,0.831141622250828
120,300,"extreme","psis","1246",0.723333333333333,0.725157262828496,0.545709863063781,0.60478362735923
120,300,"extreme","waic","1246",0.746666666666667,0.768453227663754,0.561661049740002,0.550888666503391
120,300,"extreme","hbi","1246",0.856666666666667,0.848836543433723,0.773147398494281,0.772422704554511
60,150,"equal","bf_ps","1247",0.813333333333333,0.882337175020102,0.818090145148969,0.814186600618693
60,150,"equal","psis","1247",0.566666666666667,0.727788668551344,0.575034053979403,0.528719465462266
60,150,"equal","waic","1247",0.54,0.699133727770487,0.545499059203461,0.501834673263245
60,150,"equal","hbi","1247",0.706666666666667,0.682372949179672,0.71018710459012,0.788227687617931
60,150,"extreme","bf_ps","1247",0.933333333333333,0.880315336837076,0.877858969674826,0.863713311411521
60,150,"extreme","psis","1247",0.773333333333333,0.781280193236715,0.63231031543052,0.620773051253098
60,150,"extreme","waic","1247",0.78,0.776436130007559,0.62273083146302,0.612217231390164
60,150,"extreme","hbi","1247",0.913333333333333,0.877631578947368,0.845798319327731,0.829913056131544
120,150,"equal","bf_ps","1247",0.866666666666667,0.889614512471655,0.862549019607843,0.856050569874057
120,150,"equal","psis","1247",0.56,0.686264271790588,0.583326542738307,0.552297596964798
120,150,"equal","waic","1247",0.553333333333333,0.672922595611671,0.567621594092182,0.545772257088052
120,150,"equal","hbi","1247",0.78,0.758172168388887,0.754323062558357,0.721121377434808
120,150,"extreme","bf_ps","1247",0.933333333333333,0.887654505684984,0.883074534161491,0.880693581780538
120,150,"extreme","psis","1247",0.753333333333333,0.677327732561203,0.529750542847043,0.675834748160724
120,150,"extreme","waic","1247",0.74,0.657620724346076,0.493777457960915,0.632063492063492
120,150,"extreme","hbi","1247",0.8,0.825094801838988,0.78060899863657,0.732839802587702
60,300,"equal","bf_ps","1247",0.816666666666667,0.856570797333018,0.822834132909227,0.814173238856783
60,300,"equal","psis","1247",0.536666666666667,0.708044941450345,0.550869124164548,0.505372906760925
60,300,"equal","waic","1247",0.526666666666667,0.691698870235456,0.535988253401324,0.494243667013774
60,300,"equal","hbi","1247",0.73,0.717821057308928,0.738697190664323,0.699765966044442
60,300,"extreme","bf_ps","1247",0.903333333333333,0.865358451072737,0.833237873618999,0.844475683124577
60,300,"extreme","psis","1247",0.743333333333333,0.701141096979526,0.531441459688802,0.580329145828372
60,300,"extreme","waic","1247",0.73,0.695586272547057,0.518454446701789,0.564859590734405
60,300,"extreme","hbi","1247",0.833333333333333,0.799701065993408,0.716636738544957,0.71983649165367
120,300,"equal","bf_ps","1247",0.862876254180602,0.882743097238896,0.866238998659439,0.862312409025056
120,300,"equal","psis","1247",0.56,0.723818325186073,0.55879023308947,0.50765674983713
120,300,"equal","waic","1247",0.57,0.715971546334109,0.567937603725216,0.539764661608324
120,300,"equal","hbi","1247",0.806666666666667,0.831953332711531,0.807175226271659,0.794790428357691
120,300,"extreme","bf_ps","1247",0.923333333333333,0.897904026475455,0.857142857142857,0.865311711370529
120,300,"extreme","psis","1247",0.74,0.712710094340945,0.54480039734277,0.574670453282415
120,300,"extreme","waic","1247",0.74,0.63873488147073,0.515428074750109,0.638266078184111
120,300,"extreme","hbi","1247",0.903333333333333,0.88590384218767,0.835164835164835,0.838476513418109
60,150,"equal","bf_ps","1248",0.826666666666667,0.843361028621975,0.831410789538868,0.827161035541904
60,150,"equal","psis","1248",0.586666666666667,0.711185124456287,0.56741093471389,0.54236759080732
60,150,"equal","waic","1248",0.553333333333333,0.69793956043956,0.533109439821262,0.510637177701111
60,150,"equal","hbi","1248",0.8,0.862622826908541,0.775890775890776,0.778582151650067
60,150,"extreme","bf_ps","1248",0.9,0.867338962942285,0.835501744557472,0.823836494067045
60,150,"extreme","psis","1248",0.713333333333333,0.694176060118089,0.539995934577978,0.579791433947097
60,150,"extreme","waic","1248",0.726666666666667,0.632190476190476,0.50450379513847,0.628946648052339
60,150,"extreme","hbi","1248",0.853333333333333,0.854957860337117,0.775793650793651,0.853292546399676
120,150,"equal","bf_ps","1248",0.853333333333333,0.877102868174297,0.849016067965648,0.850781046910079
120,150,"equal","psis","1248",0.546666666666667,0.686930526122255,0.549601910694348,0.50203452461517
120,150,"equal","waic","1248",0.613333333333333,0.718908812768907,0.612996849089286,0.595901171388677
120,150,"equal","hbi","1248",0.833333333333333,0.881181318681319,0.803011204481793,0.816754352725315
120,150,"extreme","bf_ps","1248",0.926666666666667,0.936323218425947,0.860037348272642,0.885252394968877
120,150,"extreme","psis","1248",0.813333333333333,0.806077979991023,0.599149514878415,0.685868821873423
120,150,"extreme","waic","1248",0.8,0.793166109253066,0.582196646774652,0.665104930150568
120,150,"extreme","hbi","1248",0.866666666666667,0.884833721286923,0.784407096171802,0.786537510108939
60,300,"equal","bf_ps","1248",0.84,0.878328502232011,0.82414460704456,0.833121133355325
60,300,"equal","psis","1248",0.523333333333333,0.639492916121437,0.51664950626422,0.530561035071886
60,300,"equal","waic","1248",0.52,0.64100757161102,0.514116165884043,0.529740286046514
60,300,"equal","hbi","1248",0.8,0.882928975786119,0.768519715578539,0.767602253996651
60,300,"extreme","bf_ps","1248",0.9,0.885169285105347,0.834329263292374,0.840222737294364
60,300,"extreme","psis","1248",0.75,0.709269237263096,0.523844861519338,0.676525990582026
60,300,"extreme","waic","1248",0.723333333333333,0.679891854555794,0.505469522169422,0.650975768729392
60,300,"extreme","hbi","1248",0.856666666666667,0.862570560138949,0.775617142080253,0.761841156038486
120,300,"equal","bf_ps","1248",0.843333333333333,0.888664130900156,0.839912086471175,0.840218067347484
120,300,"equal","psis","1248",0.536666666666667,0.705315053358417,0.538453630689983,0.485018024622308
120,300,"equal","waic","1248",0.51,0.688777971972509,0.508214711843378,0.464171026976614
120,300,"equal","hbi","1248",0.76,0.827512984024719,0.740565516065403,0.728829512262153
120,300,"extreme","bf_ps","1248",0.916666666666667,0.876799816724629,0.850349898580122,0.860605691551983
120,300,"extreme","psis","1248",0.733333333333333,0.640998438843387,0.51892132715155,0.654308072064921
120,300,"extreme","waic","1248",0.756666666666667,0.654477417839194,0.532944074181397,0.671040354435785
120,300,"extreme","hbi","1248",0.89,0.877603432225281,0.801361199652275,0.819848557252792
60,150,"equal","bf_ps","1249",0.886666666666667,0.905452160621333,0.880380298572518,0.885651749071722
60,150,"equal","psis","1249",0.58,0.736980757215167,0.586308161708619,0.536491636823863
60,150,"equal","waic","1249",0.56,0.726859187324304,0.573549362536777,0.526881028874974
60,150,"equal","hbi","1249",0.78,0.82148105306,0.786449820202681,0.75945298079931
60,150,"extreme","bf_ps","1249",0.933333333333333,0.896698750422155,0.878225478225478,0.859958629336339
60,150,"extreme","psis","1249",0.733333333333333,0.716503654003654,0.577452177452177,0.604345509824478
60,150,"extreme","waic","1249",0.706666666666667,0.711754593389867,0.556288156288156,0.580531897096314
60,150,"extreme","hbi","1249",0.9,0.85501012145749,0.823280423280423,0.888647137703741
120,150,"equal","bf_ps","1249",0.82,0.898507790212859,0.805585392051557,0.808814190279708
120,150,"equal","psis","1249",0.533333333333333,0.710643504055487,0.537308120668696,0.491638563798256
120,150,"equal","waic","1249",0.526666666666667,0.70691391941392,0.529789323676215,0.500409956145641
120,150,"equal","hbi","1249",0.786666666666667,0.848490165296888,0.770357570945999,0.766300850061301
120,150,"extreme","bf_ps","1249",0.926666666666667,0.867153550383364,0.823486438654978,0.840555834588984
120,150,"extreme","psis","1249",0.72,0.704556881027469,0.509347861875952,0.553121418796167
120,150,"extreme","waic","1249",0.68,0.680536130536131,0.466076058772688,0.501425347279352
120,150,"extreme","hbi","1249",0.886666666666667,0.844759009986974,0.762589002757542,0.774444625625426
60,300,"equal","bf_ps","1249",0.82,0.883761105086157,0.817111806473509,0.820685022835425
60,300,"equal","psis","1249",0.543333333333333,0.70660456959084,0.532201467475824,0.500933844309083
60,300,"equal","waic","1249",0.55,0.710640512758848,0.538017783930438,0.506558216104053
60,300,"equal","hbi","1249",0.786666666666667,0.835378265645164,0.785511771570002,0.78531737046025
60,300,"extreme","bf_ps","1249",0.93,0.892762660619803,0.84550181276524,0.861650279735386
60,300,"extreme","psis","1249",0.73,0.647410345972088,0.514282649144951,0.644008299392915
60,300,"extreme","waic","1249",0.713333333333333,0.641872859507564,0.49902402439939,0.6162674741258
60,300,"extreme","hbi","1249",0.893333333333333,0.841392115356781,0.779978640285546,0.783194539756418
120,300,"equal","bf_ps","1249",0.826666666666667,0.897869976145182,0.824123343728207,0.828123411891834
120,300,"equal","psis","1249",0.516666666666667,0.715347018172592,0.516991527920562,0.483587686233633
120,300,"equal","waic","1249",0.506666666666667,0.708422344681156,0.505990281908744,0.484193767741047
120,300,"equal","hbi","1249",0.793333333333333,0.846381048145754,0.788200960310119,0.790023305622214
120,300,"extreme","bf_ps","1249",0.923333333333333,0.886511281531246,0.836381051898293,0.853739133487369
120,300,"extreme","psis","1249",0.77,0.69911220043573,0.541241835451571,0.69417680023832
120,300,"extreme","waic","1249",0.76,0.67618015732885,0.514975191146186,0.66449351762563
120,300,"extreme","hbi","1249",0.886666666666667,0.872017711492497,0.78723192516296,0.806520806520806
60,150,"equal","bf_ps","1250",0.786666666666667,0.86186987615559,0.817058092811269,0.817657375846745
60,150,"equal","psis","1250",0.62,0.728624871001032,0.574614069133125,0.66406697781053
60,150,"equal","waic","1250",0.586666666666667,0.710817619730819,0.542442574565987,0.632868618297407
60,150,"equal","hbi","1250",0.66,0.679565672422815,0.709496974760133,0.779902577054316
60,150,"extreme","bf_ps","1250",0.913333333333333,0.870098039215686,0.772581032412965,0.880582453849781
60,150,"extreme","psis","1250",0.733333333333333,0.625652497652886,0.487749099639856,0.611523687362853
60,150,"extreme","waic","1250",0.72,0.622815496739547,0.470264105642257,0.602145386684493
60,150,"extreme","hbi","1250",0.906666666666667,0.856775371338478,0.754723889555822,0.867147114273551
120,150,"equal","bf_ps","1250",0.806666666666667,0.881751305173232,0.808812615955473,0.804084429470713
120,150,"equal","psis","1250",0.513333333333333,0.685044419459116,0.517603404998363,0.502743844849108
120,150,"equal","waic","1250",0.52,0.691679537427619,0.516713958310597,0.502329050000097
120,150,"equal","hbi","1250",0.78,0.845849094786656,0.780210265924552,0.764286502057152
120,150,"extreme","bf_ps","1250",0.906666666666667,0.890052599730019,0.789424860853432,0.810753317720531
120,150,"extreme","psis","1250",0.78,0.655624568668047,0.489486703772418,0.636669950738916
120,150,"extreme","waic","1250",0.773333333333333,0.650997120487375,0.485783000068714,0.63070300301344
120,150,"extreme","hbi","1250",0.873333333333333,0.849813928761297,0.717996289424861,0.819837600758653
60,300,"equal","bf_ps","1250",0.83,0.886131400943815,0.844165827659097,0.846869104561232
60,300,"equal","psis","1250",0.573333333333333,0.743052634779798,0.553375504288338,0.52399171255322
60,300,"equal","waic","1250",0.55,0.739852026953103,0.525510523381074,0.496646851538156
60,300,"equal","hbi","1250",0.76,0.855417732817837,0.784060923878553,0.770786093579866
60,300,"extreme","bf_ps","1250",0.903333333333333,0.898030876844436,0.793382106071355,0.827176353397316
60,300,"extreme","psis","1250",0.75,0.71811914259137,0.562752397084122,0.549872172594496
60,300,"extreme","waic","1250",0.713333333333333,0.691485555261065,0.508315351160743,0.493236214863813
60,300,"extreme","hbi","1250",0.89,0.872503541368121,0.752658558587845,0.775451334566498
120,300,"equal","bf_ps","1250",0.796666666666667,0.86842930970838,0.800267483194313,0.795191779136691
120,300,"equal","psis","1250",0.533333333333333,0.696918862267158,0.53199075411619,0.496397777284371
120,300,"equal","waic","1250",0.51,0.683113844899296,0.505292162347912,0.472549863719901
120,300,"equal","hbi","1250",0.72,0.677003890304189,0.715223790920655,0.795519868223755
120,300,"extreme","bf_ps","1250",0.883333333333333,0.851468386447708,0.752585813376087,0.761190578333436
120,300,"extreme","psis","1250",0.756666666666667,0.613983076627494,0.489118615258433,0.62173905270042
120,300,"extreme","waic","1250",0.75,0.611779638490165,0.471566258800301,0.606690071856711
120,300,"extreme","hbi","1250",0.843333333333333,0.83328039909727,0.694016722892103,0.6759215288491
60,150,"equal","bf_ps","1251",0.813333333333333,0.861988237684832,0.827777777777778,0.82185433614005
60,150,"equal","psis","1251",0.553333333333333,0.725793650793651,0.545759637188209,0.514706049643938
60,150,"equal","waic","1251",0.52,0.711976361601436,0.507074829931973,0.464535935698314
60,150,"equal","hbi","1251",0.753333333333333,0.809907662124411,0.758730158730159,0.749289187105325
60,150,"extreme","bf_ps","1251",0.92,0.912769890564922,0.835476254121001,0.864773581622073
60,150,"extreme","psis","1251",0.76,0.747294372294372,0.574149705324525,0.640742446051123
60,150,"extreme","waic","1251",0.726666666666667,0.73023088023088,0.525641221471213,0.595424821705116
60,150,"extreme","hbi","1251",0.88,0.873242630385488,0.737137383689108,0.863989191844756
120,150,"equal","bf_ps","1251",0.813333333333333,0.872010342598578,0.828275658089323,0.809250615139673
120,150,"equal","psis","1251",0.5,0.671020103373045,0.501281672089126,0.44178630101598
120,150,"equal","waic","1251",0.506666666666667,0.615387872628726,0.503815439219166,0.525735453005452
120,150,"equal","hbi","1251",0.746666666666667,0.821321160042965,0.761579414374445,0.727221309979931
120,150,"extreme","bf_ps","1251",0.92,0.86198676139766,0.80989010989011,0.827932153967893
120,150,"extreme","psis","1251",0.76,0.696697012138189,0.57130670747692,0.639472345375799
120,150,"extreme","waic","1251",0.766666666666667,0.680151515151515,0.545296547424207,0.620073940507377
120,150,"extreme","hbi","1251",0.86,0.823432343234323,0.708991008991009,0.708837381106289
60,300,"equal","bf_ps","1251",0.81,0.855971523708938,0.821735866244367,0.813449999835411
60,300,"equal","psis","1251",0.503333333333333,0.702821059488649,0.502680244995435,0.450727326030006
60,300,"equal","waic","1251",0.49,0.69598829793799,0.485353373268834,0.430491399756025
60,300,"equal","hbi","1251",0.79,0.836968190057052,0.787152541940504,0.781763417689568
60,300,"extreme","bf_ps","1251",0.896666666666667,0.885052202699262,0.792001449702688,0.823839946883922
60,300,"extreme","psis","1251",0.72,0.69682013993068,0.500382054251576,0.554194356796875
60,300,"extreme","waic","1251",0.696666666666667,0.688816509653411,0.482670735028284,0.53120565390504
60,300,"extreme","hbi","1251",0.876666666666667,0.867534002640386,0.762483209658132,0.785039955444999
120,300,"equal","bf_ps","1251",0.836666666666667,0.877412492470159,0.83945085224155,0.837192947523326
120,300,"equal","psis","1251",0.526666666666667,0.694259733240139,0.532280497273075,0.47650364664818
120,300,"equal","waic","1251",0.523333333333333,0.694288293479633,0.52816934897588,0.471644654669993
120,300,"equal","hbi","1251",0.783333333333333,0.826605968766046,0.784033746824444,0.769349315735951
120,300,"extreme","bf_ps","1251",0.926666666666667,0.914664855841326,0.836904761904762,0.860881231750867
120,300,"extreme","psis","1251",0.76,0.640789817019472,0.52724292615597,0.649768402167872
120,300,"extreme","waic","1251",0.736666666666667,0.680424067775258,0.504830917874396,0.541077742871034
120,300,"extreme","hbi","1251",0.876666666666667,0.881632113590876,0.770445134575569,0.785329785825636
60,150,"equal","bf_ps","1252",0.84,0.882758275724083,0.847269960615825,0.845032498555795
60,150,"equal","psis","1252",0.573333333333333,0.725785869903517,0.551784222460914,0.51137362746517
60,150,"equal","waic","1252",0.573333333333333,0.686623673416957,0.552634562596969,0.58525767570257
60,150,"equal","hbi","1252",0.706666666666667,0.752378240171228,0.74171440506027,0.701926064709184
60,150,"extreme","bf_ps","1252",0.873333333333333,0.829680735930736,0.794150025601638,0.798280423280423
60,150,"extreme","psis","1252",0.693333333333333,0.663576815117911,0.516705069124424,0.581862656886436
60,150,"extreme","waic","1252",0.713333333333333,0.68339653810242,0.625281618023554,0.68009438009438
60,150,"extreme","hbi","1252",0.82,0.646585997272496,0.601344086021505,0.788510045444492
120,150,"equal","bf_ps","1252",0.84,0.891689450899977,0.842527519599698,0.845406387511109
120,150,"equal","psis","1252",0.64,0.76659125188537,0.564976146149845,0.634116406056093
120,150,"equal","waic","1252",0.626666666666667,0.744197584694255,0.563650474605711,0.646137972066872
120,150,"equal","hbi","1252",0.706666666666667,0.773020498521989,0.735183428693816,0.705999301682057
120,150,"extreme","bf_ps","1252",0.96,0.941291540539661,0.916064783170046,0.92530052875033
120,150,"extreme","psis","1252",0.786666666666667,0.776503084035365,0.641729323308271,0.699028938570738
120,150,"extreme","waic","1252",0.806666666666667,0.792320261437908,0.662593984962406,0.719436481941649
120,150,"extreme","hbi","1252",0.873333333333333,0.752109866502992,0.730145439355966,0.847785848822118
60,300,"equal","bf_ps","1252",0.84,0.899998975408086,0.853069781371668,0.8520056121476
60,300,"equal","psis","1252",0.566666666666667,0.735024207904877,0.529885558187445,0.503922311737586
60,300,"equal","waic","1252",0.536666666666667,0.716347743916844,0.499826658317224,0.468589460375448
60,300,"equal","hbi","1252",0.793333333333333,0.858912374222608,0.809002196266347,0.810477215477466
60,300,"extreme","bf_ps","1252",0.896666666666667,0.878542876572433,0.806850160012478,0.818887174685188
60,300,"extreme","psis","1252",0.713333333333333,0.66785422655916,0.508488121048935,0.577257485466441
60,300,"extreme","waic","1252",0.706666666666667,0.668953824252774,0.482148128543529,0.55027050345342
60,300,"extreme","hbi","1252",0.856666666666667,0.853505385084332,0.749161497502939,0.738813928084084
120,300,"equal","bf_ps","1252",0.806666666666667,0.886299208386821,0.828645758057523,0.820698589549929
120,300,"equal","psis","1252",0.53,0.662568886110076,0.5010148582904,0.541634140996042
120,300,"equal","waic","1252",0.536666666666667,0.716388827789872,0.505593908735191,0.470124211438483
120,300,"equal","hbi","1252",0.72,0.79290194169449,0.744505757818451,0.711566130089275
120,300,"extreme","bf_ps","1252",0.886666666666667,0.887115715851558,0.790328579656903,0.808597334453638
120,300,"extreme","psis","1252",0.686666666666667,0.74826071171585,0.501875726376717,0.498076944789391
120,300,"extreme","waic","1252",0.706666666666667,0.750157898949995,0.509319142862964,0.519898535536887
120,300,"extreme","hbi","1252",0.853333333333333,0.878576771022545,0.742132600426441,0.74327597050382
60,150,"equal","bf_ps","1253",0.846666666666667,0.87983709273183,0.840368412811349,0.842251179741014
60,150,"equal","psis","1253",0.52,0.692857142857143,0.527684620759059,0.479684867990715
60,150,"equal","waic","1253",0.5,0.670624018838305,0.507649764711377,0.454566744730679
60,150,"equal","hbi","1253",0.76,0.82757514353259,0.743496254336975,0.732937245132367
60,150,"extreme","bf_ps","1253",0.94,0.885270869481396,0.846938775510204,0.854069551811627
60,150,"extreme","psis","1253",0.733333333333333,0.670364082248632,0.535587867685644,0.666254112783193
60,150,"extreme","waic","1253",0.72,0.679746031746032,0.531833490759558,0.657863815382612
60,150,"extreme","hbi","1253",0.886666666666667,0.842567910637218,0.76530612244898,0.858991442202046
120,150,"equal","bf_ps","1253",0.826666666666667,0.883545918367347,0.81871325605341,0.821676505887032
120,150,"equal","psis","1253",0.58,0.706790235322844,0.57037203323472,0.544658376531796
120,150,"equal","waic","1253",0.586666666666667,0.714209045815087,0.572163345370859,0.554268364347274
120,150,"equal","hbi","1253",0.786666666666667,0.83274949826674,0.772112797688245,0.764860957790761
120,150,"extreme","bf_ps","1253",0.926666666666667,0.883963133640553,0.854819466248038,0.8650173869846
120,150,"extreme","psis","1253",0.74,0.656027704820808,0.551916971916972,0.653883785591103
120,150,"extreme","waic","1253",0.753333333333333,0.653048748353096,0.550964590964591,0.653013482501434
120,150,"extreme","hbi","1253",0.846666666666667,0.8331957154235,0.738758067329496,0.733588828685961
60,300,"equal","bf_ps","1253",0.846666666666667,0.882955182072829,0.836929579083878,0.843762862144724
60,300,"equal","psis","1253",0.52,0.685892164695337,0.525798061406103,0.474112036848879
60,300,"equal","waic","1253",0.503333333333333,0.673938858014035,0.506567305480349,0.461617974403119
60,300,"equal","hbi","1253",0.806666666666667,0.86686974789916,0.788263958989686,0.786814969296721
60,300,"extreme","bf_ps","1253",0.916666666666667,0.876052239077449,0.843864541141573,0.851862863147928
60,300,"extreme","psis","1253",0.74,0.747935537851504,0.593263484739412,0.569910206812842
60,300,"extreme","waic","1253",0.7,0.678485675899278,0.506144999436239,0.541476725934522
60,300,"extreme","hbi","1253",0.873333333333333,0.838256372244871,0.768519996183769,0.862033462033462
120,300,"equal","bf_ps","1253",0.84,0.893608592601214,0.84153833780015,0.841567171396931
120,300,"equal","psis","1253",0.56,0.718508058319508,0.556454255427701,0.509050531041951
120,300,"equal","waic","1253",0.543333333333333,0.711715141836202,0.539180943593249,0.506278684060186
120,300,"equal","hbi","1253",0.78,0.829147746054944,0.771480325911844,0.755411663531507
120,300,"extreme","bf_ps","1253",0.936666666666667,0.930398495773798,0.862215320910973,0.887868329913184
120,300,"extreme","psis","1253",0.75,0.708979331615994,0.548181280417305,0.696012446873103
120,300,"extreme","waic","1253",0.723333333333333,0.749058454843029,0.550566355659523,0.587382964112524
120,300,"extreme","hbi","1253",0.9,0.910994344097792,0.797506117071334,0.814052165000332
60,150,"equal","bf_ps","1254",0.813333333333333,0.867197913648218,0.81675342201658,0.799782200516876
60,150,"equal","psis","1254",0.493333333333333,0.684819483926627,0.522246863412277,0.472113040918606
60,150,"equal","waic","1254",0.486666666666667,0.68059595633125,0.501541378421078,0.476708857389773
60,150,"equal","hbi","1254",0.76,0.835290186249939,0.751567980891289,0.733517371182301
60,150,"extreme","bf_ps","1254",0.873333333333333,0.839201293165488,0.783452136835595,0.78468794494542
60,150,"extreme","psis","1254",0.706666666666667,0.713888888888889,0.555845783289392,0.622164931573073
60,150,"extreme","waic","1254",0.7,0.696482638639501,0.523801386583342,0.590623496873497
60,150,"extreme","hbi","1254",0.806666666666667,0.793908472479901,0.735483188490707,0.71491398966482
120,150,"equal","bf_ps","1254",0.853333333333333,0.86946686946687,0.84977469248569,0.84669048397391
120,150,"equal","psis","1254",0.573333333333333,0.758772739865177,0.610231048941316,0.569400700330492
120,150,"equal","waic","1254",0.58,0.754431441506993,0.609580788837274,0.581179329202801
120,150,"equal","hbi","1254",0.746666666666667,0.754872475305912,0.749312768585695,0.718424811422755
120,150,"extreme","bf_ps","1254",0.94,0.918017152096326,0.90974025974026,0.908324673472299
120,150,"extreme","psis","1254",0.726666666666667,0.755390522631902,0.550092318337932,0.620470810947001
120,150,"extreme","waic","1254",0.733333333333333,0.748179483914778,0.540345729643975,0.612978196685672
120,150,"extreme","hbi","1254",0.866666666666667,0.884267752044638,0.846883116883117,0.833193277310924
60,300,"equal","bf_ps","1254",0.873333333333333,0.879424496476168,0.859269171688527,0.86234726448719
60,300,"equal","psis","1254",0.483333333333333,0.694595406031817,0.502618143322554,0.464411030158775
60,300,"equal","waic","1254",0.476666666666667,0.686319721865899,0.495541456568448,0.453403552294846
60,300,"equal","hbi","1254",0.82,0.86697495351158,0.802701169797944,0.798151393158041
60,300,"extreme","bf_ps","1254",0.896666666666667,0.891303630307259,0.838039944650984,0.853986317468202
60,300,"extreme","psis","1254",0.756666666666667,0.749802729024088,0.553507300319453,0.630310836549337
60,300,"extreme","waic","1254",0.746666666666667,0.737139441807219,0.550509784356596,0.619461289699533
60,300,"extreme","hbi","1254",0.86,0.859313442768412,0.805746628211327,0.809347840168907
120,300,"equal","bf_ps","1254",0.85,0.867181930167502,0.839125436197905,0.841950307791834
120,300,"equal","psis","1254",0.496666666666667,0.701854672336982,0.512417872846013,0.473944397876563
120,300,"equal","waic","1254",0.513333333333333,0.711406004709576,0.5275202615223,0.497269948072315
120,300,"equal","hbi","1254",0.773333333333333,0.69126132432016,0.75377502122183,0.836385757639869
120,300,"extreme","bf_ps","1254",0.926666666666667,0.923876622349838,0.881643356643357,0.894559909446626
120,300,"extreme","psis","1254",0.766666666666667,0.762430037570702,0.552613350504917,0.739160755092324
120,300,"extreme","waic","1254",0.743333333333333,0.701895793044799,0.515569069484732,0.67415732899518
120,300,"extreme","hbi","1254",0.876666666666667,0.887306030478695,0.829370629370629,0.834049301879672
60,150,"equal","bf_ps","1255",0.88,0.898715041572184,0.855295093922096,0.8589175530352
60,150,"equal","psis","1255",0.493333333333333,0.690221815221815,0.524317099580475,0.494822009149859
60,150,"equal","waic","1255",0.453333333333333,0.682933598659405,0.495534680474606,0.446819738911576
60,150,"equal","hbi","1255",0.76,0.811164105281752,0.740496746489478,0.722686202686203
60,150,"extreme","bf_ps","1255",0.933333333333333,0.862512827697529,0.860805860805861,0.854748603351955
60,150,"extreme","psis","1255",0.746666666666667,0.809863945578231,0.612296037296037,0.645486957264194
60,150,"extreme","waic","1255",0.733333333333333,0.803610333022098,0.571361971361971,0.596078431372549
60,150,"extreme","hbi","1255",0.853333333333333,0.844322344322344,0.794871794871795,0.773291925465838
120,150,"equal","bf_ps","1255",0.886666666666667,0.912568778267508,0.888473824312334,0.882972082220203
120,150,"equal","psis","1255",0.526666666666667,0.720684427617201,0.547406092871931,0.474931437440521
120,150,"equal","waic","1255",0.486666666666667,0.71105715013278,0.504514936409346,0.448223033360501
120,150,"equal","hbi","1255",0.813333333333333,0.838888888888889,0.808070097604259,0.791120210009675
120,150,"extreme","bf_ps","1255",0.966666666666667,0.946446811615351,0.950396825396825,0.943741769678433
120,150,"extreme","psis","1255",0.806666666666667,0.825525525525525,0.658189033189033,0.708989083258089
120,150,"extreme","waic","1255",0.773333333333333,0.792747747747748,0.632395382395382,0.69912910326347
120,150,"extreme","hbi","1255",0.906666666666667,0.909755206430398,0.878968253968254,0.853222912353347
60,300,"equal","bf_ps","1255",0.866666666666667,0.898688107028083,0.853633271490414,0.855243764172336
60,300,"equal","psis","1255",0.483333333333333,0.68062656641604,0.51049654710369,0.47183100117053
60,300,"equal","waic","1255",0.47,0.675458176199455,0.497857400535972,0.45757947652189
60,300,"equal","hbi","1255",0.806666666666667,0.844677664999558,0.795910636982066,0.789609558108958
60,300,"extreme","bf_ps","1255",0.933333333333333,0.875982891887075,0.883504378763,0.877026961527164
60,300,"extreme","psis","1255",0.743333333333333,0.644045032177186,0.546886973180077,0.666923213737258
60,300,"extreme","waic","1255",0.743333333333333,0.625798011512297,0.508109508171085,0.636449447414642
60,300,"extreme","hbi","1255",0.863333333333333,0.84039652953446,0.841611932129174,0.796466483569637
120,300,"equal","bf_ps","1255",0.866666666666667,0.89945927945928,0.864372117362151,0.86404983701549
120,300,"equal","psis","1255",0.543333333333333,0.709988295204242,0.552437054631866,0.520884289322342
120,300,"equal","waic","1255",0.54,0.707266526875019,0.5493372296122,0.520600703103789
120,300,"equal","hbi","1255",0.843333333333333,0.883115513112105,0.840585715502659,0.835039265891636
120,300,"extreme","bf_ps","1255",0.926666666666667,0.892402961184474,0.880422168867547,0.873216904558285
120,300,"extreme","psis","1255",0.77,0.759745678010614,0.575898078529657,0.639778458491909
120,300,"extreme","waic","1255",0.736666666666667,0.727560778148026,0.542324298140309,0.58679536522157
120,300,"extreme","hbi","1255",0.87,0.872787114845938,0.82765579916177,0.7935048477857
60,150,"equal","bf_ps","1256",0.82,0.870836755754934,0.807602040816327,0.810999152269195
60,150,"equal","psis","1256",0.513333333333333,0.673095641418623,0.496296097386323,0.455551813384995
60,150,"equal","waic","1256",0.513333333333333,0.674684574684575,0.496192266380236,0.443478749911668
60,150,"equal","hbi","1256",0.746666666666667,0.8281276280402,0.746683673469388,0.731671613001556
60,150,"extreme","bf_ps","1256",0.926666666666667,0.850546231443549,0.836180124223602,0.832435613541604
60,150,"extreme","psis","1256",0.733333333333333,0.731181773879142,0.536268855368234,0.570847620997322
60,150,"extreme","waic","1256",0.706666666666667,0.722679587482219,0.514307897071872,0.548315833220156
60,150,"extreme","hbi","1256",0.853333333333333,0.702137998056365,0.718537414965986,0.798109857978279
120,150,"equal","bf_ps","1256",0.786666666666667,0.859235209235209,0.792863856068743,0.786894850563607
120,150,"equal","psis","1256",0.506666666666667,0.670338447082633,0.515397422126745,0.553266075766664
120,150,"equal","waic","1256",0.553333333333333,0.734237597478016,0.564172932330827,0.53378750599472
120,150,"equal","hbi","1256",0.7,0.799659863945578,0.738151181525242,0.697462765717399
120,150,"extreme","bf_ps","1256",0.906666666666667,0.877762588288904,0.807142857142857,0.827136250916739
120,150,"extreme","psis","1256",0.766666666666667,0.73198715682809,0.560371166010264,0.611958049036069
120,150,"extreme","waic","1256",0.753333333333333,0.706524469682364,0.513623344074472,0.580312636721932
120,150,"extreme","hbi","1256",0.84,0.82929717341482,0.734962406015038,0.744184981684982
60,300,"equal","bf_ps","1256",0.813333333333333,0.885017462794452,0.815368451616847,0.815037026248383
60,300,"equal","psis","1256",0.506666666666667,0.711469338850291,0.510563951575993,0.483934717538696
60,300,"equal","waic","1256",0.453333333333333,0.675394704929019,0.45248227673213,0.418008863033234
60,300,"equal","hbi","1256",0.68,0.75157405536472,0.706494187518874,0.677490424029237
60,300,"extreme","bf_ps","1256",0.92,0.882753679748635,0.815454386882958,0.835442144062834
60,300,"extreme","psis","1256",0.74,0.762228847582989,0.552497893537192,0.556888165894377
60,300,"extreme","waic","1256",0.723333333333333,0.711876993356415,0.501091732724794,0.557325669426093
60,300,"extreme","hbi","1256",0.863333333333333,0.85295864377497,0.746663943876487,0.734494858873579
120,300,"equal","bf_ps","1256",0.826666666666667,0.898920437740313,0.838608699293671,0.834708812569552
120,300,"equal","psis","1256",0.533333333333333,0.723606221486333,0.539125615983543,0.512783457735536
120,300,"equal","waic","1256",0.53,0.71186936452303,0.528796647662146,0.524278575985893
120,300,"equal","hbi","1256",0.766666666666667,0.85176683781335,0.791896578809047,0.773747962278946
120,300,"extreme","bf_ps","1256",0.91,0.887340845429081,0.824646781789639,0.835170407804143
120,300,"extreme","psis","1256",0.726666666666667,0.654843208593209,0.493176579906964,0.635363758544316
120,300,"extreme","waic","1256",0.733333333333333,0.645900676923764,0.492086513140374,0.630827365814959
120,300,"extreme","hbi","1256",0.876666666666667,0.871011206414933,0.787711315410691,0.78631836810979
60,150,"equal","bf_ps","1257",0.826666666666667,0.871130952380952,0.838383838383838,0.831362948505806
60,150,"equal","psis","1257",0.52,0.641893339503634,0.503968253968254,0.533015228499099
60,150,"equal","waic","1257",0.506666666666667,0.640873015873016,0.490440115440115,0.512812580897818
60,150,"equal","hbi","1257",0.766666666666667,0.828161802355351,0.776334776334776,0.761677440839428
60,150,"extreme","bf_ps","1257",0.933333333333333,0.922546897546898,0.887998112998113,0.896322873718776
60,150,"extreme","psis","1257",0.78,0.697571828121027,0.566736041736042,0.719857202251434
60,150,"extreme","waic","1257",0.766666666666667,0.75453216374269,0.610386835386835,0.693846729212583
60,150,"extreme","hbi","1257",0.866666666666667,0.745459401709402,0.717821067821068,0.835131290016873
120,150,"equal","bf_ps","1257",0.806666666666667,0.873992673992674,0.814548546691404,0.796461421061634
120,150,"equal","psis","1257",0.52,0.686328094456173,0.516640627542883,0.454295078355229
120,150,"equal","waic","1257",0.526666666666667,0.691397028897029,0.525550890212544,0.468733495481216
120,150,"equal","hbi","1257",0.753333333333333,0.830075187969925,0.744666048237477,0.698775552878896
120,150,"extreme","bf_ps","1257",0.88,0.852625467316189,0.80151833460657,0.801235230934479
120,150,"extreme","psis","1257",0.746666666666667,0.727741566208766,0.527951649868158,0.604464758233858
120,150,"extreme","waic","1257",0.76,0.721323529411765,0.514702801941891,0.601504466846601
120,150,"extreme","hbi","1257",0.806666666666667,0.778792575032721,0.705444421170228,0.787161084529506
60,300,"equal","bf_ps","1257",0.83,0.868281206431824,0.833320964749536,0.826612240194717
60,300,"equal","psis","1257",0.546666666666667,0.660320588296427,0.542681003321472,0.551336732948402
60,300,"equal","waic","1257",0.55,0.708683696390745,0.549447502128787,0.492977594572736
60,300,"equal","hbi","1257",0.756666666666667,0.777947224024937,0.747987078777352,0.705096800978595
60,300,"extreme","bf_ps","1257",0.91,0.887527285956828,0.843552374885071,0.855441080541806
60,300,"extreme","psis","1257",0.786666666666667,0.724093347634749,0.55317726178975,0.731382719959956
60,300,"extreme","waic","1257",0.78,0.729391660970608,0.550007217431714,0.725260733059922
60,300,"extreme","hbi","1257",0.87,0.867739634043982,0.805320718162792,0.79045954045954
120,300,"equal","bf_ps","1257",0.833333333333333,0.881678617392903,0.833829996337604,0.827642731375891
120,300,"equal","psis","1257",0.51,0.686721838888773,0.523725520631877,0.449275460064359
120,300,"equal","waic","1257",0.503333333333333,0.682572076449627,0.521434460389334,0.449229846339063
120,300,"equal","hbi","1257",0.786666666666667,0.836416056988833,0.768878051201327,0.745969279756423
120,300,"extreme","bf_ps","1257",0.893333333333333,0.848810699641264,0.810176305158935,0.816684971423742
120,300,"extreme","psis","1257",0.736666666666667,0.714203131703132,0.55037059516544,0.594828512264494
120,300,"extreme","waic","1257",0.7,0.631883490073145,0.475762986758949,0.612516595503804
120,300,"extreme","hbi","1257",0.853333333333333,0.833437770422474,0.764480261378294,0.760386666647204
60,150,"equal","bf_ps","1258",0.766666666666667,0.806646825396825,0.76306309963599,0.755733155733156
60,150,"equal","psis","1258",0.506666666666667,0.660397395032283,0.511412246057843,0.456289234696684
60,150,"equal","waic","1258",0.48,0.642228029423151,0.482926262292357,0.441905267242627
60,150,"equal","hbi","1258",0.726666666666667,0.769585253456221,0.727988200110962,0.715262211040491
60,150,"extreme","bf_ps","1258",0.86,0.743616363373202,0.736542443064182,0.716995830590301
60,150,"extreme","psis","1258",0.646666666666667,0.53870841995842,0.389648033126294,0.489492769613252
60,150,"extreme","waic","1258",0.66,0.5895181429428,0.419772256728778,0.537254229307503
60,150,"extreme","hbi","1258",0.806666666666667,0.718809224569593,0.690579710144927,0.653877820079911
120,150,"equal","bf_ps","1258",0.86,0.899725274725275,0.853823953823954,0.850162673765158
120,150,"equal","psis","1258",0.533333333333333,0.666744813867576,0.559055187731658,0.58374820965304
120,150,"equal","waic","1258",0.58,0.748953317064772,0.589276323235302,0.55858078429507
120,150,"equal","hbi","1258",0.74,0.7700973365935,0.75992187278952,0.717978908285598
120,150,"extreme","bf_ps","1258",0.886666666666667,0.851234567901235,0.784923510466989,0.808112973957925
120,150,"extreme","psis","1258",0.78,0.713280053280053,0.583351279514192,0.689608843537415
120,150,"extreme","waic","1258",0.76,0.692044571018588,0.546158062200493,0.654866247904015
120,150,"extreme","hbi","1258",0.826666666666667,0.811775853012966,0.720008051529791,0.736590288445127
60,300,"equal","bf_ps","1258",0.87,0.898538011695906,0.863991126219387,0.859260091425358
60,300,"equal","psis","1258",0.523333333333333,0.696270820156019,0.53990900266486,0.478904718522203
60,300,"equal","waic","1258",0.506666666666667,0.689402318013636,0.523756176113916,0.464519580591513
60,300,"equal","hbi","1258",0.85,0.848854262959539,0.842332316788839,0.839503189362973
60,300,"extreme","bf_ps","1258",0.876666666666667,0.878976697061803,0.794952596423185,0.804292532863962
60,300,"extreme","psis","1258",0.743333333333333,0.690207459207459,0.51882308867603,0.668028026565224
60,300,"extreme","waic","1258",0.726666666666667,0.672395979612004,0.493947229241347,0.647502586976886
60,300,"extreme","hbi","1258",0.843333333333333,0.846985204947854,0.7604038118744,0.760533492783231
120,300,"equal","bf_ps","1258",0.853333333333333,0.89646960005169,0.84516240518793,0.850249675330939
120,300,"equal","psis","1258",0.543333333333333,0.70637630010335,0.549020899960046,0.503054192724307
120,300,"equal","waic","1258",0.526666666666667,0.69673670756563,0.537346540637603,0.502489420732402
120,300,"equal","hbi","1258",0.816666666666667,0.853724347027918,0.812541487314601,0.808800793725259
120,300,"extreme","bf_ps","1258",0.9,0.868612006205991,0.817215776027251,0.82672182032055
120,300,"extreme","psis","1258",0.746666666666667,0.650284205731014,0.503243204882549,0.63033213530675
120,300,"extreme","waic","1258",0.793333333333333,0.751623945460041,0.588418582783337,0.661045845371467
120,300,"extreme","hbi","1258",0.853333333333333,0.826816423635275,0.754526382087857,0.761082078645093
60,150,"equal","bf_ps","1259",0.846666666666667,0.860817890374541,0.855856168554378,0.853500751017182
60,150,"equal","psis","1259",0.546666666666667,0.697727272727273,0.515405684012736,0.487502421508182
60,150,"equal","waic","1259",0.54,0.64973544973545,0.503413887294048,0.535168919943279
60,150,"equal","hbi","1259",0.833333333333333,0.861748048844823,0.845367190354403,0.839395245277598
60,150,"extreme","bf_ps","1259",0.9,0.86771853877117,0.795018007202881,0.817701777985996
60,150,"extreme","psis","1259",0.733333333333333,0.725811688311688,0.548834751291821,0.607077306596537
60,150,"extreme","waic","1259",0.693333333333333,0.696419321419321,0.466647528576648,0.53515367095851
60,150,"extreme","hbi","1259",0.813333333333333,0.656463675213675,0.563325330132053,0.773857586512866
120,150,"equal","bf_ps","1259",0.826666666666667,0.861468829956225,0.828339788866105,0.826278014579651
120,150,"equal","psis","1259",0.58,0.708881196629732,0.578149920255183,0.539373194851235
120,150,"equal","waic","1259",0.56,0.691638282241368,0.556458787661795,0.530762654006533
120,150,"equal","hbi","1259",0.733333333333333,0.747194072136864,0.72061512005121,0.689736031578937
120,150,"extreme","bf_ps","1259",0.933333333333333,0.90793023401719,0.879341210168278,0.883589395517377
120,150,"extreme","psis","1259",0.693333333333333,0.717649017649018,0.53051052957068,0.681309098777453
120,150,"extreme","waic","1259",0.693333333333333,0.711111111111111,0.519435764736517,0.669776203328835
120,150,"extreme","hbi","1259",0.846666666666667,0.869205622752534,0.800715262181428,0.780310960395796
60,300,"equal","bf_ps","1259",0.843333333333333,0.887678202185058,0.852467860754008,0.849428246132175
60,300,"equal","psis","1259",0.563333333333333,0.731098786980232,0.545214811910608,0.48831187156253
60,300,"equal","waic","1259",0.55,0.715582622577224,0.531451166917728,0.491006166988846
60,300,"equal","hbi","1259",0.743333333333333,0.708681726918809,0.74698303790677,0.833355357837857
60,300,"extreme","bf_ps","1259",0.903333333333333,0.883917066205407,0.826530612244898,0.83490593324774
60,300,"extreme","psis","1259",0.716666666666667,0.743035572647682,0.531517646931181,0.602562242903634
60,300,"extreme","waic","1259",0.686666666666667,0.709373756920927,0.475383263353188,0.547655059343471
60,300,"extreme","hbi","1259",0.85,0.854063644688645,0.76515693996897,0.740020258453438
120,300,"equal","bf_ps","1259",0.86,0.901481145573853,0.860450026164312,0.862043342630254
120,300,"equal","psis","1259",0.55,0.718199446774757,0.550896108722196,0.483420472456533
120,300,"equal","waic","1259",0.533333333333333,0.706277034504718,0.538299395566476,0.482613349828558
120,300,"equal","hbi","1259",0.773333333333333,0.832001089958383,0.775447409733124,0.758721264742605
120,300,"extreme","bf_ps","1259",0.94,0.889757360010336,0.880688085381452,0.878804863460893
120,300,"extreme","psis","1259",0.753333333333333,0.672780156903977,0.556350428878589,0.675035108765591
120,300,"extreme","waic","1259",0.756666666666667,0.674829319135482,0.547419851737749,0.670080415171558
120,300,"extreme","hbi","1259",0.903333333333333,0.869454011991325,0.821482439129498,0.818652171996287
60,150,"equal","bf_ps","1260",0.866666666666667,0.902236652236652,0.866605644546148,0.864028675968766
60,150,"equal","psis","1260",0.533333333333333,0.698165869218501,0.542445710549666,0.502280218144818
60,150,"equal","waic","1260",0.52,0.677006009190527,0.517881972010772,0.465149485354089
60,150,"equal","hbi","1260",0.78,0.713461142032571,0.766370584847211,0.848496119772716
60,150,"extreme","bf_ps","1260",0.886666666666667,0.874891774891775,0.799267399267399,0.801866056672418
60,150,"extreme","psis","1260",0.766666666666667,0.678429027113238,0.514874321081218,0.654941636361444
60,150,"extreme","waic","1260",0.786666666666667,0.699734688658739,0.526217001389415,0.672085650932467
60,150,"extreme","hbi","1260",0.833333333333333,0.848564022383147,0.730695970695971,0.704323308270677
120,150,"equal","bf_ps","1260",0.853333333333333,0.909221005475361,0.857353955568241,0.860724398455034
120,150,"equal","psis","1260",0.5,0.656371406371406,0.497859154303254,0.530546899203616
120,150,"equal","waic","1260",0.533333333333333,0.718806515235087,0.527661874466386,0.502899901728942
120,150,"equal","hbi","1260",0.793333333333333,0.884852854185152,0.808804161676832,0.801475300066849
120,150,"extreme","bf_ps","1260",0.92,0.922962454212454,0.841666666666667,0.870105487907346
120,150,"extreme","psis","1260",0.706666666666667,0.613540163540163,0.46373507444936,0.586875715945483
120,150,"extreme","waic","1260",0.706666666666667,0.672808800395007,0.504860615574901,0.564318783068783
120,150,"extreme","hbi","1260",0.893333333333333,0.917545787545788,0.803571428571429,0.834540647978037
60,300,"equal","bf_ps","1260",0.82,0.864999160545577,0.825931920156844,0.824773827511442
60,300,"equal","psis","1260",0.516666666666667,0.701713174721365,0.516252911464096,0.48189901444185
60,300,"equal","waic","1260",0.48,0.693546662473465,0.477899680217077,0.432367271277812
60,300,"equal","hbi","1260",0.77,0.82677693955295,0.781429083900688,0.765951439864483
60,300,"extreme","bf_ps","1260",0.886666666666667,0.854609038963193,0.78390847711928,0.799929040915595
60,300,"extreme","psis","1260",0.716666666666667,0.603811677452982,0.467043366729939,0.590198642244547
60,300,"extreme","waic","1260",0.696666666666667,0.593935909892403,0.440258441994239,0.55853942082778
60,300,"extreme","hbi","1260",0.823333333333333,0.812720982486211,0.710436362017905,0.698515375533943
120,300,"equal","bf_ps","1260",0.85,0.905189986953686,0.845810130031135,0.850348097513988
120,300,"equal","psis","1260",0.546666666666667,0.733758160211618,0.549825062493057,0.50565059788381
120,300,"equal","waic","1260",0.536666666666667,0.734850580206762,0.541694230414987,0.503081486270283
120,300,"equal","hbi","1260",0.816666666666667,0.868822241540294,0.820092440172082,0.817527182962968
120,300,"extreme","bf_ps","1260",0.92,0.885167879695923,0.842012288786482,0.857526607547658
120,300,"extreme","psis","1260",0.753333333333333,0.653289261064461,0.49772313849139,0.627020934423104
120,300,"extreme","waic","1260",0.716666666666667,0.676347852863551,0.490548953027731,0.537589118835395
120,300,"extreme","hbi","1260",0.886666666666667,0.875915750915751,0.79844470046083,0.820261545764223
60,150,"equal","bf_ps","1261",0.873333333333333,0.904231032802461,0.86478288633461,0.872907990175542
60,150,"equal","psis","1261",0.593333333333333,0.70715811965812,0.568689563948185,0.600558826210276
60,150,"equal","waic","1261",0.58,0.693827651019145,0.563530833789454,0.57918846111303
60,150,"equal","hbi","1261",0.846666666666667,0.904052688728768,0.835780423280423,0.833709509444803
60,150,"extreme","bf_ps","1261",0.96,0.930952380952381,0.909340659340659,0.903652765454008
60,150,"extreme","psis","1261",0.793333333333333,0.678888888888889,0.58050283050283,0.692697466467958
60,150,"extreme","waic","1261",0.753333333333333,0.655420666290232,0.546037296037296,0.635138274888582
60,150,"extreme","hbi","1261",0.9,0.890896543070456,0.824481074481074,0.774747474747475
120,150,"equal","bf_ps","1261",0.853333333333333,0.909216857474697,0.842456520088099,0.852456912352595
120,150,"equal","psis","1261",0.586666666666667,0.727484594535286,0.581210728842308,0.569277122364386
120,150,"equal","waic","1261",0.64,0.750216674537232,0.631577175261386,0.63422454253019
120,150,"equal","hbi","1261",0.833333333333333,0.86952781112445,0.824649882281461,0.833138476578588
120,150,"extreme","bf_ps","1261",0.946666666666667,0.943127321850726,0.904761904761905,0.921095605567655
120,150,"extreme","psis","1261",0.806666666666667,0.784537684537685,0.656395891690009,0.739444444444444
120,150,"extreme","waic","1261",0.813333333333333,0.782523967712795,0.638468720821662,0.732455933455981
120,150,"extreme","hbi","1261",0.88,0.902886002886003,0.833333333333333,0.836348413491271
60,300,"equal","bf_ps","1261",0.85,0.896372672870369,0.841471615673296,0.851772926820683
60,300,"equal","psis","1261",0.56,0.71768494438183,0.551300414571863,0.512764334912246
60,300,"equal","waic","1261",0.53,0.692424298879698,0.525095921460979,0.486892746504279
60,300,"equal","hbi","1261",0.776666666666667,0.803597716084636,0.761165385072948,0.745194948678888
60,300,"extreme","bf_ps","1261",0.94,0.913440918048473,0.899121599121599,0.901582105694368
60,300,"extreme","psis","1261",0.706666666666667,0.679673225727685,0.564761814761815,0.671508708352507
60,300,"extreme","waic","1261",0.726666666666667,0.66090064013804,0.529196029196029,0.645716695518387
60,300,"extreme","hbi","1261",0.883333333333333,0.876467392256866,0.822331722331722,0.813688455596816
120,300,"equal","bf_ps","1261",0.87,0.910280853806313,0.860106382978723,0.864373206195593
120,300,"equal","psis","1261",0.533333333333333,0.719587035400288,0.549358476627479,0.49356599188532
120,300,"equal","waic","1261",0.546666666666667,0.725307091092297,0.560046587667924,0.514039072409998
120,300,"equal","hbi","1261",0.83,0.870149317588671,0.806408308004053,0.809940179872323
120,300,"extreme","bf_ps","1261",0.913333333333333,0.890215023994094,0.871866848061731,0.867606732056893
120,300,"extreme","psis","1261",0.72,0.706087045570917,0.509968022585696,0.667046344538394
120,300,"extreme","waic","1261",0.713333333333333,0.683432352066607,0.503791399717919,0.645203890797819
120,300,"extreme","hbi","1261",0.84,0.84921368547419,0.796688637447619,0.779915385291729
60,150,"equal","bf_ps","1262",0.86,0.879717150017902,0.857048630422282,0.859301148471655
60,150,"equal","psis","1262",0.533333333333333,0.693885614938247,0.522276523012058,0.479872486940733
60,150,"equal","waic","1262",0.52,0.633558558558559,0.50087205906101,0.516391129954704
60,150,"equal","hbi","1262",0.753333333333333,0.748873731632352,0.742250019301343,0.713725884116192
60,150,"extreme","bf_ps","1262",0.906666666666667,0.910056390977444,0.757142857142857,0.782149478256264
60,150,"extreme","psis","1262",0.74,0.639045707915273,0.519623233908948,0.641108900661396
60,150,"extreme","waic","1262",0.753333333333333,0.634177489177489,0.55298273155416,0.66687675070028
60,150,"extreme","hbi","1262",0.886666666666667,0.830105179781904,0.731868131868132,0.83768558806922
120,150,"equal","bf_ps","1262",0.8,0.877239271003445,0.812253460824889,0.811589309787167
120,150,"equal","psis","1262",0.54,0.709711779448622,0.507244203042522,0.466874383936506
120,150,"equal","waic","1262",0.54,0.665058479532164,0.50825999397428,0.531672890669046
120,150,"equal","hbi","1262",0.786666666666667,0.873847720906544,0.803571666428809,0.798026096710307
120,150,"extreme","bf_ps","1262",0.92,0.852674610216758,0.816043083900227,0.814509672854941
120,150,"extreme","psis","1262",0.78,0.717749189683501,0.608361678004535,0.616343672865412
120,150,"extreme","waic","1262",0.806666666666667,0.736598087510866,0.595252267573696,0.632027535306224
120,150,"extreme","hbi","1262",0.893333333333333,0.84230674620257,0.77749433106576,0.779301013459736
60,300,"equal","bf_ps","1262",0.803333333333333,0.880467151895723,0.814463940315004,0.805393578643579
60,300,"equal","psis","1262",0.53,0.69639080279095,0.517177493035608,0.476588298367628
60,300,"equal","waic","1262",0.49,0.676268602436908,0.47783650644047,0.437114812573373
60,300,"equal","hbi","1262",0.733333333333333,0.770330877494384,0.74806212908952,0.715850190635775
60,300,"extreme","bf_ps","1262",0.926666666666667,0.932452071737786,0.793245341614907,0.826114806912191
60,300,"extreme","psis","1262",0.766666666666667,0.681064771192959,0.531276129014665,0.561983828042059
60,300,"extreme","waic","1262",0.78,0.623010593742301,0.52711303711535,0.649564651003584
60,300,"extreme","hbi","1262",0.88,0.746170463472113,0.683928571428571,0.795584045584046
120,300,"equal","bf_ps","1262",0.82,0.901978792685981,0.822789115646258,0.824877634571259
120,300,"equal","psis","1262",0.583333333333333,0.734965795798859,0.567559063565703,0.533396116185649
120,300,"equal","waic","1262",0.576666666666667,0.736310843627917,0.562066640766049,0.525716350410549
120,300,"equal","hbi","1262",0.766666666666667,0.85019520851819,0.777482872581657,0.773346397178783
120,300,"extreme","bf_ps","1262",0.896666666666667,0.850443098529512,0.786474233397006,0.784764736229174
120,300,"extreme","psis","1262",0.733333333333333,0.699456908831909,0.509502965495396,0.54900871700433
120,300,"extreme","waic","1262",0.72,0.684444937490353,0.491811038200738,0.539186166950883
120,300,"extreme","hbi","1262",0.86,0.839614512471655,0.732450238295486,0.723726365919057
60,150,"equal","bf_ps","1263",0.833333333333333,0.865986394557823,0.835109335109335,0.829956027630446
60,150,"equal","psis","1263",0.54,0.722328325269502,0.558386058386058,0.527667306238735
60,150,"equal","waic","1263",0.533333333333333,0.715940542745928,0.55000555000555,0.511206713146368
60,150,"equal","hbi","1263",0.706666666666667,0.657561486132915,0.721500721500722,0.790147050594681
60,150,"extreme","bf_ps","1263",0.913333333333333,0.905667366341524,0.860902255639098,0.865034013605442
60,150,"extreme","psis","1263",0.793333333333333,0.731301233013562,0.586233967271119,0.742240117841303
60,150,"extreme","waic","1263",0.74,0.672825396825397,0.522438449063836,0.661123086430328
60,150,"extreme","hbi","1263",0.853333333333333,0.879957502451782,0.794799498746867,0.770184425666958
120,150,"equal","bf_ps","1263",0.846666666666667,0.869461697722567,0.837112622826909,0.832163882101304
120,150,"equal","psis","1263",0.553333333333333,0.694974751223367,0.590905327648301,0.532455815211118
120,150,"equal","waic","1263",0.593333333333333,0.699087977192125,0.615244277787743,0.580938523174548
120,150,"equal","hbi","1263",0.786666666666667,0.840723969013443,0.739092859365969,0.721514679409416
120,150,"extreme","bf_ps","1263",0.893333333333333,0.854545454545454,0.789575830332133,0.810235818465317
120,150,"extreme","psis","1263",0.733333333333333,0.67479524979525,0.470270547243288,0.63144375949254
120,150,"extreme","waic","1263",0.673333333333333,0.643536945812808,0.419084219053475,0.578113850545016
120,150,"extreme","hbi","1263",0.846666666666667,0.852698878524264,0.73405362144858,0.745375470762468
60,300,"equal","bf_ps","1263",0.836666666666667,0.864425289143141,0.829464914930031,0.825230305666881
60,300,"equal","psis","1263",0.496666666666667,0.697129304979169,0.525213040848865,0.473051605626509
60,300,"equal","waic","1263",0.49,0.691756655561842,0.515097191371313,0.472118736277798
60,300,"equal","hbi","1263",0.806666666666667,0.850298611007132,0.789766435115272,0.784236428021656
60,300,"extreme","bf_ps","1263",0.91,0.87255538579068,0.855734005273107,0.85591153020301
60,300,"extreme","psis","1263",0.74,0.774750514863156,0.574073731854057,0.553628201365667
60,300,"extreme","waic","1263",0.733333333333333,0.764989257495488,0.544426374097261,0.533725899793125
60,300,"extreme","hbi","1263",0.846666666666667,0.837790780647924,0.777812297667909,0.771219582651362
120,300,"equal","bf_ps","1263",0.86,0.895906110191825,0.844513230824245,0.845514562553102
120,300,"equal","psis","1263",0.543333333333333,0.708826214546042,0.577722035473913,0.5180723861146
120,300,"equal","waic","1263",0.53,0.69297079511925,0.55357443453501,0.515140101836191
120,300,"equal","hbi","1263",0.796666666666667,0.78596158532319,0.762634901081397,0.739954269315537
120,300,"extreme","bf_ps","1263",0.926666666666667,0.883189807714994,0.851961646727657,0.862755909187335
120,300,"extreme","psis","1263",0.78,0.683582875858547,0.544768942059582,0.695568848228947
120,300,"extreme","waic","1263",0.77,0.660347299759064,0.523146311816263,0.668239044887614
120,300,"extreme","hbi","1263",0.866666666666667,0.850219298245614,0.781729415904293,0.771912765236562
60,150,"equal","bf_ps","1264",0.846666666666667,0.905475360876058,0.839190221543163,0.847454133168419
60,150,"equal","psis","1264",0.56,0.727577119072626,0.545695187165775,0.530837568326251
60,150,"equal","waic","1264",0.56,0.735118418687096,0.547150496562261,0.513126917850578
60,150,"equal","hbi","1264",0.753333333333333,0.742328042328042,0.745250827603769,0.838298094190718
60,150,"extreme","bf_ps","1264",0.893333333333333,0.88849045691151,0.800523286237572,0.814152848865331
60,150,"extreme","psis","1264",0.793333333333333,0.751457030623697,0.565009593581022,0.637597392727352
60,150,"extreme","waic","1264",0.753333333333333,0.708241758241758,0.512332112332112,0.591710758377425
60,150,"extreme","hbi","1264",0.873333333333333,0.87599846390169,0.786394557823129,0.791077822433321
120,150,"equal","bf_ps","1264",0.84,0.902700474129046,0.836472088835534,0.843456657121253
120,150,"equal","psis","1264",0.56,0.701347307663097,0.538496977738464,0.481517378411788
120,150,"equal","waic","1264",0.566666666666667,0.701787802840434,0.550592605463238,0.507223986230761
120,150,"equal","hbi","1264",0.82,0.887301587301587,0.811787214885954,0.806882913404653
120,150,"extreme","bf_ps","1264",0.893333333333333,0.848639455782313,0.811524609843938,0.79435817805383
120,150,"extreme","psis","1264",0.78,0.758335344325592,0.609003601440576,0.676096145245081
120,150,"extreme","waic","1264",0.773333333333333,0.694170771756979,0.537575030012005,0.672899106002554
120,150,"extreme","hbi","1264",0.853333333333333,0.836116497881204,0.756622649059624,0.720607808340728
60,300,"equal","bf_ps","1264",0.822742474916388,0.876772100735234,0.816923628755492,0.823167364569449
60,300,"equal","psis","1264",0.516666666666667,0.68963924963925,0.505232074352283,0.454979033278364
60,300,"equal","waic","1264",0.513333333333333,0.69324934161155,0.50441058167539,0.449941372207686
60,300,"equal","hbi","1264",0.766666666666667,0.857533517528762,0.760471439129976,0.75314393379295
60,300,"extreme","bf_ps","1264",0.926666666666667,0.885724785165084,0.829271137026239,0.844202011213021
60,300,"extreme","psis","1264",0.773333333333333,0.724567377382182,0.567296214653109,0.607399544899545
60,300,"extreme","waic","1264",0.79,0.732073135254129,0.573170494678708,0.615587306993065
60,300,"extreme","hbi","1264",0.89,0.866219015594823,0.782575315840622,0.768360493091225
120,300,"equal","bf_ps","1264",0.86,0.913839084891717,0.853039963039963,0.861821307992685
120,300,"equal","psis","1264",0.596666666666667,0.737262886012142,0.57775096693464,0.535831124885527
120,300,"equal","waic","1264",0.566666666666667,0.725062230618653,0.555332037576935,0.51609202310478
120,300,"equal","hbi","1264",0.806666666666667,0.864629759949957,0.79599328415655,0.791779139357417
120,300,"extreme","bf_ps","1264",0.913333333333333,0.885957198204292,0.817106869738449,0.830062657648865
120,300,"extreme","psis","1264",0.78,0.701453599191156,0.512279101502663,0.672227961432507
120,300,"extreme","waic","1264",0.763333333333333,0.679820062977958,0.496866302081818,0.642380156127021
120,300,"extreme","hbi","1264",0.87,0.839385036761612,0.742625795257374,0.841717171717172
60,150,"equal","bf_ps","1265",0.866666666666667,0.857871609278259,0.846767937944409,0.844953097518077
60,150,"equal","psis","1265",0.593333333333333,0.725698375698376,0.570295727885861,0.544640929246192
60,150,"equal","waic","1265",0.586666666666667,0.721360544217687,0.557514092485629,0.532536274272018
60,150,"equal","hbi","1265",0.733333333333333,0.67894197305962,0.734546341282584,0.809669296625818
60,150,"extreme","bf_ps","1265",0.933333333333333,0.920901817631594,0.886755579424752,0.900837742504409
60,150,"extreme","psis","1265",0.706666666666667,0.740479582146249,0.564725745950168,0.633532671032671
60,150,"extreme","waic","1265",0.733333333333333,0.74475238014521,0.573901601502249,0.655898632011425
60,150,"extreme","hbi","1265",0.84,0.811236382664954,0.755803198472371,0.75188040128332
120,150,"equal","bf_ps","1265",0.86,0.903715332286761,0.860166370896185,0.860475247572022
120,150,"equal","psis","1265",0.533333333333333,0.716569236390208,0.558251458686241,0.513991133098319
120,150,"equal","waic","1265",0.573333333333333,0.726138167388167,0.582714366378963,0.579037121880276
120,150,"equal","hbi","1265",0.813333333333333,0.831270139634801,0.793094633110161,0.790826980021847
120,150,"extreme","bf_ps","1265",0.893333333333333,0.859013605442177,0.842768411712511,0.828290324784516
120,150,"extreme","psis","1265",0.72,0.626098901098901,0.480246228926353,0.598722139315367
120,150,"extreme","waic","1265",0.733333333333333,0.61632527809743,0.484749334516415,0.601340032359549
120,150,"extreme","hbi","1265",0.806666666666667,0.816414073731147,0.76691437444543,0.70851118898738
60,300,"equal","bf_ps","1265",0.84,0.87219873396344,0.84930232241553,0.839828374386699
60,300,"equal","psis","1265",0.56,0.719114351467293,0.573784747747012,0.525514986986506
60,300,"equal","waic","1265",0.54,0.709293523806829,0.548695172751776,0.506999628929153
60,300,"equal","hbi","1265",0.753333333333333,0.686584462446531,0.751591580028238,0.826472457658078
60,300,"extreme","bf_ps","1265",0.896666666666667,0.851103633208896,0.849594441625071,0.843581780257734
60,300,"extreme","psis","1265",0.716666666666667,0.700953497011447,0.524345004836861,0.574982150142799
60,300,"extreme","waic","1265",0.7,0.628419694224656,0.483907509914316,0.62078613207345
60,300,"extreme","hbi","1265",0.836666666666667,0.82172884618705,0.776271503582905,0.75322971381588
120,300,"equal","bf_ps","1265",0.84,0.886242589765095,0.826485594259681,0.827110775572498
120,300,"equal","psis","1265",0.533333333333333,0.695043607186464,0.560555683444903,0.519077836812855
120,300,"equal","waic","1265",0.55,0.69618033634434,0.565413775248808,0.541934322986955
120,300,"equal","hbi","1265",0.78,0.756784746418893,0.751647339521094,0.723445146390591
120,300,"extreme","bf_ps","1265",0.88,0.827194044868352,0.818801679097247,0.791199949493667
120,300,"extreme","psis","1265",0.736666666666667,0.563479335195538,0.51003723889615,0.643119098881075
120,300,"extreme","waic","1265",0.743333333333333,0.548954984733748,0.49097432383395,0.631860748702343
120,300,"extreme","hbi","1265",0.85,0.817707045473524,0.793803704865013,0.75794030982502
60,150,"equal","bf_ps","1266",0.806666666666667,0.846807953950811,0.814338042909471,0.807484605533439
60,150,"equal","psis","1266",0.54,0.719413919413919,0.557713239141811,0.511707556711675
60,150,"equal","waic","1266",0.52,0.70828039089973,0.514568288854003,0.466937358970794
60,150,"equal","hbi","1266",0.753333333333333,0.847727272727273,0.764207221350078,0.7445834036836
60,150,"extreme","bf_ps","1266",0.893333333333333,0.882258700581682,0.795918367346939,0.811949426639224
60,150,"extreme","psis","1266",0.693333333333333,0.694658944658945,0.512758997980673,0.518176353800477
60,150,"extreme","waic","1266",0.653333333333333,0.629227994227994,0.458775625031783,0.510818776676319
60,150,"extreme","hbi","1266",0.866666666666667,0.86784036632061,0.751962323390895,0.750348153994563
120,150,"equal","bf_ps","1266",0.826666666666667,0.893891340319912,0.790592280390417,0.806395511619392
120,150,"equal","psis","1266",0.553333333333333,0.709691193550591,0.556103418484098,0.532313631235314
120,150,"equal","waic","1266",0.52,0.692647867866892,0.52028339482246,0.498786932932565
120,150,"equal","hbi","1266",0.78,0.882229532739737,0.747114019520852,0.752652885823241
120,150,"extreme","bf_ps","1266",0.953333333333333,0.97526283240569,0.862337662337662,0.893842665271237
120,150,"extreme","psis","1266",0.793333333333333,0.671111111111111,0.569372294372294,0.679954827780915
120,150,"extreme","waic","1266",0.806666666666667,0.675896640826873,0.551920995670996,0.66987624987625
120,150,"extreme","hbi","1266",0.92,0.951270098114758,0.808766233766234,0.85357936880121
60,300,"equal","bf_ps","1266",0.8,0.866538943786135,0.795443443334781,0.798933391695034
60,300,"equal","psis","1266",0.486666666666667,0.682737570992454,0.483425204569705,0.44429470811337
60,300,"equal","waic","1266",0.473333333333333,0.681190718416302,0.472691921894933,0.425980855575929
60,300,"equal","hbi","1266",0.756666666666667,0.834856892065582,0.758801925025329,0.748324138267747
60,300,"extreme","bf_ps","1266",0.903333333333333,0.872975586173556,0.804584965299251,0.82477663348179
60,300,"extreme","psis","1266",0.723333333333333,0.666160289044456,0.489829278078126,0.542908506807691
60,300,"extreme","waic","1266",0.703333333333333,0.588729912313624,0.441077995225461,0.561831607684801
60,300,"extreme","hbi","1266",0.853333333333333,0.798152096659559,0.722046834374023,0.715490466819603
120,300,"equal","bf_ps","1266",0.85,0.906795216464263,0.829102621785549,0.839465722204276
120,300,"equal","psis","1266",0.496666666666667,0.634359144813253,0.507270078997306,0.51919305050603
120,300,"equal","waic","1266",0.493333333333333,0.681912365061099,0.50548867537419,0.453716668274954
120,300,"equal","hbi","1266",0.786666666666667,0.861976600985222,0.769688789200984,0.759563186622683
120,300,"extreme","bf_ps","1266",0.913333333333333,0.880617655229054,0.820806396531423,0.836662877352533
120,300,"extreme","psis","1266",0.773333333333333,0.645077772922186,0.502962405206369,0.64007162441945
120,300,"extreme","waic","1266",0.746666666666667,0.686819429029473,0.542970164380056,0.594506892735596
120,300,"extreme","hbi","1266",0.873333333333333,0.85942858373562,0.75731433303936,0.743950384590779
60,150,"equal","bf_ps","1267",0.813333333333333,0.875595238095238,0.824713472989335,0.81183704002523
60,150,"equal","psis","1267",0.506666666666667,0.653307563903963,0.500859166376408,0.535702858358964
60,150,"equal","waic","1267",0.466666666666667,0.63486979772146,0.464042726111692,0.493239474299382
60,150,"equal","hbi","1267",0.713333333333333,0.825008325008325,0.732535535983812,0.692195767195767
60,150,"extreme","bf_ps","1267",0.933333333333333,0.912619047619048,0.861135758651287,0.869409465914025
60,150,"extreme","psis","1267",0.713333333333333,0.674074074074074,0.561224489795918,0.555707900149193
60,150,"extreme","waic","1267",0.7,0.575805668016194,0.501996450754215,0.567300157033848
60,150,"extreme","hbi","1267",0.886666666666667,0.85,0.765897663413191,0.861111111111111
120,150,"equal","bf_ps","1267",0.886666666666667,0.902187370674766,0.878147925837001,0.878149847228795
120,150,"equal","psis","1267",0.54,0.706947715553387,0.574921786896577,0.511692685759655
120,150,"equal","waic","1267",0.54,0.700237262737263,0.57495270835607,0.517538046608087
120,150,"equal","hbi","1267",0.826666666666667,0.87208519771545,0.795421501934107,0.76333307425205
120,150,"extreme","bf_ps","1267",0.906666666666667,0.847675736961451,0.786324786324786,0.808794162826421
120,150,"extreme","psis","1267",0.726666666666667,0.696287121763596,0.556902248078719,0.591539256254446
120,150,"extreme","waic","1267",0.706666666666667,0.680650684931507,0.542616533793004,0.567235879115316
120,150,"extreme","hbi","1267",0.846666666666667,0.766949827871988,0.693650793650794,0.780655528859687
60,300,"equal","bf_ps","1267",0.826666666666667,0.878584151950758,0.831180191070684,0.825272110415157
60,300,"equal","psis","1267",0.55,0.707384244020189,0.557724278958724,0.510862273575706
60,300,"equal","waic","1267",0.533333333333333,0.707622185935439,0.539154373579461,0.47345585403776
60,300,"equal","hbi","1267",0.76,0.844645396249919,0.773440021832257,0.742186161981104
60,300,"extreme","bf_ps","1267",0.926666666666667,0.898175657497691,0.822943722943723,0.832912392004977
60,300,"extreme","psis","1267",0.76,0.751022720753045,0.556828487296476,0.518762569145529
60,300,"extreme","waic","1267",0.713333333333333,0.66658461966871,0.494427725886939,0.515234095271626
60,300,"extreme","hbi","1267",0.893333333333333,0.864862293760627,0.769722434428317,0.758393567637265
120,300,"equal","bf_ps","1267",0.866666666666667,0.897789115646259,0.867326303625596,0.862219489467836
120,300,"equal","psis","1267",0.553333333333333,0.713441759846899,0.56866781090596,0.507553293780607
120,300,"equal","waic","1267",0.556666666666667,0.712109112716713,0.570593050162431,0.5260303429558
120,300,"equal","hbi","1267",0.763333333333333,0.837930043812397,0.761022508093227,0.734506733055463
120,300,"extreme","bf_ps","1267",0.92,0.876982685822465,0.838871765715084,0.847114845938375
120,300,"extreme","psis","1267",0.703333333333333,0.68506217923411,0.492646178706087,0.534394607860756
120,300,"extreme","waic","1267",0.71,0.662804562888251,0.462497755700521,0.507701682119491
120,300,"extreme","hbi","1267",0.866666666666667,0.862773526647872,0.762974544656572,0.749231863410613
60,150,"equal","bf_ps","1268",0.826666666666667,0.867873816193144,0.83842627960275,0.82531012404962
60,150,"equal","psis","1268",0.553333333333333,0.708976273436204,0.560333997122422,0.515252459071922
60,150,"equal","waic","1268",0.526666666666667,0.697925479595276,0.524506920972765,0.485805931416637
60,150,"equal","hbi","1268",0.746666666666667,0.697408963585434,0.749527275381165,0.823236399892537
60,150,"extreme","bf_ps","1268",0.906666666666667,0.908368519821722,0.80952380952381,0.82357880701439
60,150,"extreme","psis","1268",0.7,0.697850790513834,0.525309591824255,0.558382085126271
60,150,"extreme","waic","1268",0.7,0.621939534434463,0.503030711459047,0.616579639599774
60,150,"extreme","hbi","1268",0.82,0.805870496346687,0.731668781987203,0.700341136454582
120,150,"equal","bf_ps","1268",0.786666666666667,0.868219433006018,0.791125541125541,0.786266742124128
120,150,"equal","psis","1268",0.533333333333333,0.704446454446454,0.52444260000651,0.485486481403701
120,150,"equal","waic","1268",0.54,0.660091747591748,0.531111056862937,0.570202515336543
120,150,"equal","hbi","1268",0.733333333333333,0.822067334839074,0.736626468769326,0.710929608263677
120,150,"extreme","bf_ps","1268",0.946666666666667,0.911851257356875,0.916550882068123,0.899474335188621
120,150,"extreme","psis","1268",0.706666666666667,0.743219509936152,0.633740684602754,0.558440798506897
120,150,"extreme","waic","1268",0.746666666666667,0.754161550434842,0.649203191444571,0.586634909805641
120,150,"extreme","hbi","1268",0.9,0.883540372670807,0.854737695254937,0.823767149317828
60,300,"equal","bf_ps","1268",0.823333333333333,0.878225748402981,0.829624230644639,0.827190913310948
60,300,"equal","psis","1268",0.55,0.72875516587704,0.550885312532898,0.509912112165202
60,300,"equal","waic","1268",0.513333333333333,0.705600575305009,0.512751043726653,0.46937083114253
60,300,"equal","hbi","1268",0.73,0.689791266497943,0.736572916513185,0.81609287561444
60,300,"extreme","bf_ps","1268",0.9,0.856235168936565,0.820553221288515,0.827372301816154
60,300,"extreme","psis","1268",0.7,0.634665832998102,0.525185074029612,0.636993020389015
60,300,"extreme","waic","1268",0.68,0.608833107639462,0.496473589435774,0.605118839211303
60,300,"extreme","hbi","1268",0.856666666666667,0.863329507728202,0.771233493397359,0.761752120711658
120,300,"equal","bf_ps","1268",0.826666666666667,0.896639690358902,0.819858541287113,0.825419279005017
120,300,"equal","psis","1268",0.546666666666667,0.71625787492442,0.540618647285754,0.488176393595402
120,300,"equal","waic","1268",0.536666666666667,0.716761974411668,0.531189926439034,0.499702566704486
120,300,"equal","hbi","1268",0.773333333333333,0.851922046495549,0.770837685275375,0.766855106487639
120,300,"extreme","bf_ps","1268",0.933333333333333,0.891874731874732,0.848835688121402,0.861948834578888
120,300,"extreme","psis","1268",0.763333333333333,0.644988127882258,0.534626785823913,0.656095916514605
120,300,"extreme","waic","1268",0.746666666666667,0.615689410426252,0.504505121773677,0.617262592720373
120,300,"extreme","hbi","1268",0.873333333333333,0.851269646769257,0.759994694052954,0.757661413970884
60,150,"equal","bf_ps","1269",0.82,0.881401471157569,0.835003232062056,0.8281290138433
60,150,"equal","psis","1269",0.56,0.706425987675988,0.552026708119145,0.514058618976652
60,150,"equal","waic","1269",0.513333333333333,0.694387755102041,0.505942633463642,0.454790067839641
60,150,"equal","hbi","1269",0.76,0.833803986710963,0.779713423831071,0.75096381662144
60,150,"extreme","bf_ps","1269",0.913333333333333,0.857960900040971,0.875595238095238,0.852409593860371
60,150,"extreme","psis","1269",0.693333333333333,0.680019305019305,0.55374149659864,0.587605042016807
60,150,"extreme","waic","1269",0.72,0.628650994575045,0.516624149659864,0.619234185169669
60,150,"extreme","hbi","1269",0.86,0.825137729776905,0.813392857142857,0.86242656101274
120,150,"equal","bf_ps","1269",0.84,0.892617046818727,0.840582667849749,0.8375752926959
120,150,"equal","psis","1269",0.6,0.737433003504432,0.608779462732696,0.567819767053371
120,150,"equal","waic","1269",0.626666666666667,0.739417989417989,0.630363275745081,0.605232961108972
120,150,"equal","hbi","1269",0.82,0.868683837171232,0.825018181185518,0.804083542809995
120,150,"extreme","bf_ps","1269",0.913333333333333,0.904081632653061,0.808823529411765,0.819338787251602
120,150,"extreme","psis","1269",0.693333333333333,0.607241351484773,0.490484011786533,0.49949494949495
120,150,"extreme","waic","1269",0.7,0.602923447860157,0.483925570228091,0.488369396815662
120,150,"extreme","hbi","1269",0.88,0.888741083477926,0.75735294117647,0.763370009443549
60,300,"equal","bf_ps","1269",0.83,0.878398482918787,0.832034741463457,0.830043211562076
60,300,"equal","psis","1269",0.506666666666667,0.693059410852615,0.507771928586604,0.453288992422731
60,300,"equal","waic","1269",0.48,0.679765204049611,0.481865186909965,0.424209846422054
60,300,"equal","hbi","1269",0.773333333333333,0.826927429623193,0.775370807390885,0.748321350209901
60,300,"extreme","bf_ps","1269",0.91,0.886935433486765,0.859473909054821,0.854805016673258
60,300,"extreme","psis","1269",0.73,0.737180326889312,0.516072917667645,0.572160384013805
60,300,"extreme","waic","1269",0.723333333333333,0.692140330933434,0.512003609101356,0.639330706103602
60,300,"extreme","hbi","1269",0.856666666666667,0.832177973373987,0.787804310983034,0.863700842951043
120,300,"equal","bf_ps","1269",0.873333333333333,0.903978383258551,0.874536833760989,0.872738235069577
120,300,"equal","psis","1269",0.543333333333333,0.707040816326531,0.542714214546748,0.504415567987477
120,300,"equal","waic","1269",0.55,0.711012371775448,0.553090382752389,0.525138090166747
120,300,"equal","hbi","1269",0.83,0.875168941334355,0.828540803213463,0.817133454125935
120,300,"extreme","bf_ps","1269",0.94,0.902234884604075,0.879116961469903,0.87934977503601
120,300,"extreme","psis","1269",0.716666666666667,0.657343647555912,0.541331665533346,0.646905155883251
120,300,"extreme","waic","1269",0.693333333333333,0.687627329710663,0.516695993082548,0.524492797161071
120,300,"extreme","hbi","1269",0.926666666666667,0.896140340194049,0.862030126736009,0.862015068634312
60,150,"equal","bf_ps","1270",0.853333333333333,0.855224867724868,0.83340727595386,0.832828846133986
60,150,"equal","psis","1270",0.546666666666667,0.686379882922436,0.570263690760585,0.526538245852321
60,150,"equal","waic","1270",0.526666666666667,0.672942413505027,0.553995176665984,0.498415302935566
60,150,"equal","hbi","1270",0.733333333333333,0.730487412356247,0.716067162651014,0.681782107736023
60,150,"extreme","bf_ps","1270",0.92,0.91992408557626,0.857743097238896,0.882164401771531
60,150,"extreme","psis","1270",0.766666666666667,0.789007129194923,0.607643057222889,0.698251448251448
60,150,"extreme","waic","1270",0.76,0.755534188034188,0.557923169267707,0.636185200078839
60,150,"extreme","hbi","1270",0.873333333333333,0.885201863354037,0.798919567827131,0.804098357540073
120,150,"equal","bf_ps","1270",0.88,0.883124018838305,0.853582485625829,0.862067608405369
120,150,"equal","psis","1270",0.573333333333333,0.722211122211122,0.581560815493772,0.559570079539746
120,150,"equal","waic","1270",0.606666666666667,0.735794030530873,0.597003778321169,0.590387087143735
120,150,"equal","hbi","1270",0.84,0.867516012252854,0.811358871033794,0.820025446075866
120,150,"extreme","bf_ps","1270",0.886666666666667,0.888725490196078,0.837336473050759,0.850770463396001
120,150,"extreme","psis","1270",0.713333333333333,0.683004427577483,0.502728705893263,0.663949066906195
120,150,"extreme","waic","1270",0.733333333333333,0.695612964776179,0.508153660685306,0.675961504477177
120,150,"extreme","hbi","1270",0.813333333333333,0.854210602340026,0.761486132914704,0.760572760572761
60,300,"equal","bf_ps","1270",0.87,0.891365418388124,0.85936704181385,0.859116972648106
60,300,"equal","psis","1270",0.55,0.723991355740448,0.588638397431276,0.511768414042251
60,300,"equal","waic","1270",0.51,0.697812733754288,0.547513586506205,0.475543974229069
60,300,"equal","hbi","1270",0.853333333333333,0.877047893558432,0.839041614345566,0.838929815395333
60,300,"extreme","bf_ps","1270",0.916666666666667,0.899911268855368,0.840362811791383,0.856785225726345
60,300,"extreme","psis","1270",0.726666666666667,0.732354268538479,0.547451963241437,0.588755320516239
60,300,"extreme","waic","1270",0.733333333333333,0.739448302026956,0.534116242988423,0.586304667820771
60,300,"extreme","hbi","1270",0.856666666666667,0.86978306774162,0.773813104189044,0.76953796756281
120,300,"equal","bf_ps","1270",0.892976588628763,0.895378366400324,0.884588625660054,0.885250412259118
120,300,"equal","psis","1270",0.57,0.72682988210606,0.5836254564187,0.537825311769438
120,300,"equal","waic","1270",0.59,0.72424115879861,0.598209575841748,0.579192877721168
120,300,"equal","hbi","1270",0.803333333333333,0.833566790352505,0.790519179699852,0.783069671178888
120,300,"extreme","bf_ps","1270",0.913333333333333,0.886674306771159,0.847100542344597,0.851230500513358
120,300,"extreme","psis","1270",0.74,0.696553873140393,0.524429118505393,0.663671749882361
120,300,"extreme","waic","1270",0.743333333333333,0.740749066611136,0.536421957864459,0.576751479746062
120,300,"extreme","hbi","1270",0.86,0.850777314928258,0.78219798557721,0.763784325574673
60,150,"equal","bf_ps","1271",0.846666666666667,0.862365947083555,0.840709109730849,0.839988363766559
60,150,"equal","psis","1271",0.56,0.70895473574045,0.519857738879478,0.492468892529004
60,150,"equal","waic","1271",0.566666666666667,0.709585253456221,0.520675701110484,0.499913748243486
60,150,"equal","hbi","1271",0.806666666666667,0.832752335383914,0.807422046552481,0.803570892865241
60,150,"extreme","bf_ps","1271",0.92,0.933693907460395,0.855309396485867,0.870295525710808
60,150,"extreme","psis","1271",0.733333333333333,0.700476844910878,0.528293389237302,0.692887970276322
60,150,"extreme","waic","1271",0.733333333333333,0.6951221001221,0.516069429886119,0.683525017355797
60,150,"extreme","hbi","1271",0.893333333333333,0.916748126425546,0.803361344537815,0.923167633546934
120,150,"equal","bf_ps","1271",0.793333333333333,0.818448411305554,0.790737347570607,0.792111776244199
120,150,"equal","psis","1271",0.52,0.702372371873651,0.505796552030423,0.475259126650285
120,150,"equal","waic","1271",0.513333333333333,0.690936477506955,0.495012238304933,0.471390062334459
120,150,"equal","hbi","1271",0.773333333333333,0.846908939014202,0.772845980497462,0.767785029644612
120,150,"extreme","bf_ps","1271",0.906666666666667,0.909465534465534,0.827891156462585,0.845461628042303
120,150,"extreme","psis","1271",0.72,0.75133729106608,0.548982798986541,0.621174794040648
120,150,"extreme","waic","1271",0.746666666666667,0.753930097680098,0.543302936680172,0.626788529505921
120,150,"extreme","hbi","1271",0.86,0.870535714285714,0.764945496270797,0.869960964049634
60,300,"equal","bf_ps","1271",0.838926174496644,0.852682908815863,0.842128203234114,0.838413096232645
60,300,"equal","psis","1271",0.53,0.701716607489391,0.516624558079672,0.486183614892886
60,300,"equal","waic","1271",0.523333333333333,0.703439260192589,0.497382994025254,0.460702677739286
60,300,"equal","hbi","1271",0.753333333333333,0.783927091340548,0.758499398495698,0.74124828499667
60,300,"extreme","bf_ps","1271",0.886666666666667,0.890173045345459,0.798763971071663,0.818661523606687
60,300,"extreme","psis","1271",0.703333333333333,0.747937304560617,0.517609142993758,0.51440663046111
60,300,"extreme","waic","1271",0.7,0.746765645701816,0.514428477505401,0.509905758381031
60,300,"extreme","hbi","1271",0.85,0.871299871299871,0.76126301049378,0.769595281057001
120,300,"equal","bf_ps","1271",0.836666666666667,0.898160787649778,0.838632701884582,0.842649447075668
120,300,"equal","psis","1271",0.556666666666667,0.73200773460069,0.543043892198028,0.49561611829158
120,300,"equal","waic","1271",0.553333333333333,0.730839332657136,0.537872684959151,0.502864549678514
120,300,"equal","hbi","1271",0.803333333333333,0.86170442442232,0.806069557009407,0.809029059961853
120,300,"extreme","bf_ps","1271",0.916666666666667,0.885115409800284,0.818094954372172,0.842376092376092
120,300,"extreme","psis","1271",0.7,0.620381504404493,0.467904086128006,0.59875114054351
120,300,"extreme","waic","1271",0.67,0.600224109459778,0.444103331940511,0.55749555967696
120,300,"extreme","hbi","1271",0.883333333333333,0.856905041883483,0.758571144848363,0.765795467272718
60,150,"equal","bf_ps","1272",0.833333333333333,0.863886424134871,0.8352619901007,0.829714592060499
60,150,"equal","waic","1272",0.52,0.725943646996279,0.527535065763878,0.503943355119826
60,150,"equal","hbi","1272",0.726666666666667,0.704476594455386,0.768391994478951,0.83793809768386
60,150,"extreme","bf_ps","1272",0.906666666666667,0.918591950218456,0.85485103132162,0.871908150692067
60,150,"extreme","waic","1272",0.76,0.690120307553143,0.533479125916101,0.699593969249142
60,150,"extreme","hbi","1272",0.873333333333333,0.898373542965573,0.816135545127142,0.823078966044
120,150,"equal","bf_ps","1272",0.826666666666667,0.874263038548753,0.826148251062439,0.814181868565886
120,150,"equal","psis","1272",0.54,0.693983493983494,0.562444608993063,0.544631741244254
120,150,"equal","waic","1272",0.58,0.707782701532702,0.590262846047174,0.588258205597315
120,150,"equal","hbi","1272",0.766666666666667,0.677726574500768,0.759450990110372,0.822902530754559
120,150,"extreme","bf_ps","1272",0.893333333333333,0.897051503528241,0.810526315789474,0.830750965117542
120,150,"extreme","psis","1272",0.713333333333333,0.702068302068302,0.491063750704789,0.553428669214942
120,150,"extreme","waic","1272",0.706666666666667,0.738398415393322,0.507358362391106,0.532920248972503
120,150,"extreme","hbi","1272",0.86,0.881829840369883,0.772932330827068,0.777534809910586
60,300,"equal","bf_ps","1272",0.79,0.849898177219606,0.804911923860148,0.792191367437721
60,300,"equal","psis","1272",0.516666666666667,0.705088724452992,0.531007646582909,0.494391497340993
60,300,"equal","waic","1272",0.513333333333333,0.706668646668647,0.521633192910736,0.48978325998101
60,300,"equal","hbi","1272",0.733333333333333,0.782517006802721,0.745360433311097,0.717249241352864
60,300,"extreme","bf_ps","1272",0.9,0.900798770665746,0.827735046587805,0.847241924775282
60,300,"extreme","psis","1272",0.733333333333333,0.745430432734917,0.553106776307361,0.539387240010442
60,300,"extreme","waic","1272",0.716666666666667,0.732463389848904,0.535914444829315,0.523947925750826
60,300,"extreme","hbi","1272",0.856666666666667,0.872999669821704,0.778384397237156,0.790277002420526
120,300,"equal","bf_ps","1272",0.82,0.883306884123544,0.821060749881348,0.82001649960982
120,300,"equal","psis","1272",0.496666666666667,0.676452894562283,0.498860939724727,0.457777237927145
120,300,"equal","waic","1272",0.49,0.666005944985089,0.490142646205769,0.452907476049824
120,300,"equal","hbi","1272",0.776666666666667,0.84041376811449,0.776117966566472,0.761423614538654
120,300,"extreme","bf_ps","1272",0.923333333333333,0.904948541566683,0.831394096099978,0.855962609772639
120,300,"extreme","psis","1272",0.753333333333333,0.656255425512151,0.511725202901673,0.641491153288165
120,300,"extreme","waic","1272",0.753333333333333,0.709912634408602,0.528718666953961,0.572518976572922
120,300,"extreme","hbi","1272",0.893333333333333,0.886516118474881,0.787330316742081,0.805545155124987
60,150,"equal","bf_ps","1273",0.853333333333333,0.910894430235862,0.851426689154884,0.861216435834376
60,150,"equal","psis","1273",0.54,0.731870312227455,0.54300530999314,0.520628578843589
60,150,"equal","waic","1273",0.546666666666667,0.750170068027211,0.545327606433083,0.516905387527859
60,150,"equal","hbi","1273",0.833333333333333,0.898535123269166,0.830627564907484,0.839508611689063
60,150,"extreme","bf_ps","1273",0.906666666666667,0.905230208025239,0.827619047619048,0.855971368167112
60,150,"extreme","psis","1273",0.766666666666667,0.74040404040404,0.568627450980392,0.650973730760965
60,150,"extreme","waic","1273",0.76,0.714804581735463,0.544621848739496,0.629779942279942
60,150,"extreme","hbi","1273",0.866666666666667,0.871133805404322,0.774761904761905,0.798123361076274
120,150,"equal","bf_ps","1273",0.913333333333333,0.913036800927267,0.911494708994709,0.911397649969079
120,150,"equal","psis","1273",0.6,0.745723546034292,0.581464646464646,0.540503692977561
120,150,"equal","waic","1273",0.6,0.737008506443722,0.589095719095719,0.56855277227948
120,150,"equal","hbi","1273",0.806666666666667,0.852356813693219,0.81781746031746,0.802274108869854
120,150,"extreme","bf_ps","1273",0.926666666666667,0.944046353032528,0.826530612244898,0.864350293100423
120,150,"extreme","psis","1273",0.726666666666667,0.638915989159892,0.464591836734694,0.60604826546003
120,150,"extreme","waic","1273",0.72,0.684688644688645,0.481753246753247,0.631482769985718
120,150,"extreme","hbi","1273",0.9,0.892404087140929,0.779387755102041,0.802833539188409
60,300,"equal","bf_ps","1273",0.876666666666667,0.907921261631038,0.885585862251878,0.883446712018141
60,300,"equal","psis","1273",0.59,0.755284526592516,0.580590618816142,0.536736723286178
60,300,"equal","waic","1273",0.573333333333333,0.749654788223322,0.564150709519089,0.518722094042019
60,300,"equal","hbi","1273",0.833333333333333,0.860600823907276,0.837367811151278,0.838743115007545
60,300,"extreme","bf_ps","1273",0.91,0.911443932411674,0.820798538851277,0.850873319346226
60,300,"extreme","psis","1273",0.766666666666667,0.69072692361178,0.537963147641502,0.695138939618561
60,300,"extreme","waic","1273",0.756666666666667,0.684429080993238,0.502280894444657,0.659894467058646
60,300,"extreme","hbi","1273",0.9,0.894226794802242,0.799223585538111,0.824008343708578
120,300,"equal","bf_ps","1273",0.86,0.902700378396973,0.860694464731732,0.863358784944727
120,300,"equal","psis","1273",0.52,0.710956376233535,0.51507802672399,0.477799626301573
120,300,"equal","waic","1273",0.526666666666667,0.714719418179061,0.519883322057235,0.476354417102706
120,300,"equal","hbi","1273",0.783333333333333,0.849330866112277,0.789370163904325,0.784252308366819
120,300,"extreme","bf_ps","1273",0.936666666666667,0.939538910151267,0.854511278195489,0.885850255419727
120,300,"extreme","psis","1273",0.753333333333333,0.723986048185067,0.535965118184881,0.598642366084952
120,300,"extreme","waic","1273",0.703333333333333,0.683942001628544,0.492525101778436,0.544220938101931
120,300,"extreme","hbi","1273",0.886666666666667,0.894038668098818,0.77353112076939,0.786402138718293
60,150,"equal","bf_ps","1274",0.833333333333333,0.864459017684824,0.83183655543904,0.828473472541269
60,150,"equal","psis","1274",0.56,0.706805813234385,0.570195298145609,0.510360440638414
60,150,"equal","waic","1274",0.566666666666667,0.714326076006369,0.570034416928827,0.511934706577301
60,150,"equal","hbi","1274",0.8,0.71981351981352,0.774161759565486,0.86071546588788
60,150,"extreme","bf_ps","1274",0.953333333333333,0.943197653098643,0.878205128205128,0.901841821079955
60,150,"extreme","psis","1274",0.766666666666667,0.701640724201395,0.676598203383918,0.709864495301544
60,150,"extreme","waic","1274",0.78,0.683775363804058,0.65037938252224,0.693832603710652
60,150,"extreme","hbi","1274",0.906666666666667,0.868884927708457,0.788461538461538,0.786204850361197
120,150,"equal","bf_ps","1274",0.833333333333333,0.893037789278391,0.835034013605442,0.828703232692465
120,150,"equal","psis","1274",0.566666666666667,0.713068181818182,0.564977101951892,0.525355091366393
120,150,"equal","waic","1274",0.58,0.716499554367201,0.57885265217198,0.554011095329623
120,150,"equal","hbi","1274",0.806666666666667,0.874860350092548,0.807823129251701,0.793995312362247
120,150,"extreme","bf_ps","1274",0.94,0.90970154069533,0.874263038548753,0.886983254840398
120,150,"extreme","psis","1274",0.733333333333333,0.656458860516832,0.524987676229912,0.641376308599539
120,150,"extreme","waic","1274",0.74,0.722440727345791,0.56931874198955,0.60826415770911
120,150,"extreme","hbi","1274",0.88,0.875217391304348,0.791043083900227,0.770877931592217
60,300,"equal","bf_ps","1274",0.85,0.882070393374741,0.849632062038077,0.851576407438964
60,300,"equal","psis","1274",0.53,0.695965330033067,0.536413667805813,0.473309931144393
60,300,"equal","waic","1274",0.51,0.680660247970156,0.517893086624698,0.464173869737748
60,300,"equal","hbi","1274",0.82,0.851280465713565,0.816346708129737,0.809765291397945
60,300,"extreme","bf_ps","1274",0.933333333333333,0.88857057974705,0.868911236625798,0.873534031191933
60,300,"extreme","psis","1274",0.756666666666667,0.725100394385107,0.562929696468751,0.611381335584309
60,300,"extreme","waic","1274",0.71,0.630404725992961,0.487878036460486,0.61110219845514
60,300,"extreme","hbi","1274",0.85,0.67162702791703,0.617478991596639,0.686283990241129
120,300,"equal","bf_ps","1274",0.85,0.89309785436653,0.839420754751765,0.847523627222289
120,300,"equal","psis","1274",0.546666666666667,0.7112573700809,0.542272274763564,0.479148706499608
120,300,"equal","waic","1274",0.543333333333333,0.709972245469203,0.542961995096141,0.486872240898161
120,300,"equal","hbi","1274",0.796666666666667,0.868694037711124,0.777213649687517,0.771059006018759
120,300,"extreme","bf_ps","1274",0.946666666666667,0.926645112440986,0.871553884711779,0.891756760555462
120,300,"extreme","psis","1274",0.77,0.723395416663871,0.556172973203084,0.596129408681012
120,300,"extreme","waic","1274",0.763333333333333,0.747961262427049,0.554453366396461,0.527164924727097
120,300,"extreme","hbi","1274",0.89,0.880220764677652,0.782031631201964,0.77542095619655
60,150,"equal","bf_ps","1275",0.826666666666667,0.86231260224448,0.842063372031612,0.832280749104104
60,150,"equal","psis","1275",0.573333333333333,0.71990231990232,0.556415806895454,0.507528832904773
60,150,"equal","waic","1275",0.56,0.664506835651,0.54018962293528,0.554472733113512
60,150,"equal","hbi","1275",0.82,0.866947466947467,0.813150932887775,0.811450592513649
60,150,"extreme","bf_ps","1275",0.886666666666667,0.895399117093646,0.813229231086374,0.829486090871621
60,150,"extreme","psis","1275",0.7,0.620041230910796,0.45252009894867,0.604876764693535
60,150,"extreme","waic","1275",0.68,0.606798756798757,0.431091527520099,0.574747578842593
60,150,"extreme","hbi","1275",0.846666666666667,0.855669537318474,0.762363430220573,0.868972729804868
120,150,"equal","bf_ps","1275",0.866666666666667,0.858988129664821,0.826764254088732,0.831449195424351
120,150,"equal","psis","1275",0.52,0.692829962173549,0.544579804626565,0.50954289101578
120,150,"equal","waic","1275",0.473333333333333,0.652831847523318,0.488526192114563,0.474333491031183
120,150,"equal","hbi","1275",0.846666666666667,0.849886621315193,0.807660160838529,0.807672311348782
120,150,"extreme","bf_ps","1275",0.86,0.827606421356421,0.774326668189847,0.790350554636269
120,150,"extreme","psis","1275",0.653333333333333,0.705022188086704,0.493634579147658,0.585610766045549
120,150,"extreme","waic","1275",0.62,0.689998563527975,0.459147436511622,0.545651596646445
120,150,"extreme","hbi","1275",0.793333333333333,0.817830340391316,0.709133924425675,0.729605542700172
60,300,"equal","bf_ps","1275",0.803333333333333,0.85037013781775,0.81043956043956,0.795562289036364
60,300,"equal","psis","1275",0.456666666666667,0.661186041213215,0.468366621558111,0.429398922955624
60,300,"equal","waic","1275",0.436666666666667,0.652914288320692,0.447913965467157,0.403166264288833
60,300,"equal","hbi","1275",0.76,0.789845650328745,0.742889055389055,0.706239502756279
60,300,"extreme","bf_ps","1275",0.91,0.907734452410095,0.836507936507937,0.857714959627634
60,300,"extreme","psis","1275",0.71,0.779361894730826,0.549844776035252,0.535991033625334
60,300,"extreme","waic","1275",0.703333333333333,0.731835601848378,0.505206698063841,0.573511656222885
60,300,"extreme","hbi","1275",0.886666666666667,0.89064856451055,0.805189255189255,0.820861427166737
120,300,"equal","bf_ps","1275",0.833333333333333,0.886215538847118,0.825926551473982,0.822750023125718
120,300,"equal","psis","1275",0.486666666666667,0.683534464205134,0.5157265301649,0.492717974216602
120,300,"equal","waic","1275",0.52,0.700648944890371,0.535519161017872,0.533023055375997
120,300,"equal","hbi","1275",0.79,0.826443397871969,0.768050979656057,0.76727689564557
120,300,"extreme","bf_ps","1275",0.913333333333333,0.902779183962742,0.834863945578231,0.854833385325897
120,300,"extreme","psis","1275",0.74,0.671054065165999,0.509712358446919,0.655732992069366
120,300,"extreme","waic","1275",0.703333333333333,0.647197936328949,0.487316212689753,0.612404152965534
120,300,"extreme","hbi","1275",0.876666666666667,0.868354485548669,0.793402885719832,0.800784274958491
60,150,"equal","bf_ps","1276",0.786666666666667,0.875754376985904,0.778861544617847,0.768110211117414
60,150,"equal","psis","1276",0.546666666666667,0.716128170075539,0.529384720395335,0.518033264792413
60,150,"equal","waic","1276",0.506666666666667,0.682942142779556,0.481418979074884,0.471599020779349
60,150,"equal","hbi","1276",0.74,0.773809523809524,0.729541816726691,0.703936893906499
60,150,"extreme","bf_ps","1276",0.893333333333333,0.881818309404516,0.819178039090297,0.835251023486318
60,150,"extreme","psis","1276",0.706666666666667,0.627283183804923,0.49678471083657,0.630275477276701
60,150,"extreme","waic","1276",0.686666666666667,0.625402399765877,0.485358571496602,0.612151808091658
60,150,"extreme","hbi","1276",0.846666666666667,0.879846344132058,0.756678039090297,0.749416057149677
120,150,"equal","bf_ps","1276",0.826666666666667,0.889916018223957,0.823526473526474,0.826598395460012
120,150,"equal","psis","1276",0.533333333333333,0.701472345920676,0.539727064915035,0.498999666012268
120,150,"equal","waic","1276",0.533333333333333,0.690217391304348,0.538572392519761,0.512373598087884
120,150,"equal","hbi","1276",0.78,0.841474973827915,0.785365824651539,0.766318977831352
120,150,"extreme","bf_ps","1276",0.946666666666667,0.925518925518926,0.880174927113703,0.89211022480058
120,150,"extreme","psis","1276",0.78,0.737967604195674,0.698566569484937,0.730677351983781
120,150,"extreme","hbi","1276",0.9,0.913294252916894,0.8,0.798207282913165
60,300,"equal","bf_ps","1276",0.816666666666667,0.877224518499383,0.819841303148757,0.815322240717335
60,300,"equal","psis","1276",0.5,0.688866425507501,0.493959488136507,0.449382894202457
60,300,"equal","hbi","1276",0.75,0.793099971377432,0.754989400952134,0.717530168793239
60,300,"extreme","bf_ps","1276",0.913333333333333,0.927862394957983,0.819047619047619,0.852039015637278
60,300,"extreme","psis","1276",0.746666666666667,0.711141783605552,0.502725061583801,0.569009015257595
60,300,"extreme","hbi","1276",0.856666666666667,0.871574779165397,0.734972170686456,0.755635355756503
120,300,"equal","bf_ps","1276",0.816666666666667,0.885884804850322,0.819254697530364,0.816980928118623
120,300,"equal","psis","1276",0.503333333333333,0.688341061713517,0.501751530682841,0.445737967368757
120,300,"equal","hbi","1276",0.773333333333333,0.846881045451826,0.778077620639001,0.765718087053387
120,300,"extreme","bf_ps","1276",0.926666666666667,0.913063121461768,0.849819927971188,0.866381265896664
120,300,"extreme","psis","1276",0.733333333333333,0.71027665317139,0.535362260846368,0.680996400014913
120,300,"extreme","hbi","1276",0.883333333333333,0.866210739614995,0.800965023690636,0.800345122037999
60,150,"equal","bf_ps","1277",0.82,0.845523524094953,0.796756176154672,0.79711315560707
60,150,"equal","psis","1277",0.52,0.686759502955516,0.5414918632988,0.514324219998155
60,150,"equal","waic","1277",0.466666666666667,0.656977942692228,0.495812688403035,0.453094685597872
60,150,"equal","hbi","1277",0.766666666666667,0.775337306371789,0.733490870032223,0.7100148430768
60,150,"extreme","bf_ps","1277",0.906666666666667,0.87179802955665,0.815718157181572,0.831360191799752
60,150,"extreme","psis","1277",0.746666666666667,0.708825681360893,0.574645930917708,0.626925770308123
60,150,"extreme","waic","1277",0.686666666666667,0.688115560909679,0.541512977924128,0.579127420198849
60,150,"extreme","hbi","1277",0.84,0.833190654538969,0.779218942110928,0.745728617625341
120,150,"equal","bf_ps","1277",0.853333333333333,0.890779137742053,0.858939473225187,0.853041045964646
120,150,"equal","psis","1277",0.58,0.726098047914818,0.585690110502141,0.585783763956033
120,150,"equal","waic","1277",0.626666666666667,0.732631984417699,0.626013140298855,0.632160145405237
120,150,"equal","hbi","1277",0.84,0.879705215419501,0.848341090822294,0.843069733955485
120,150,"extreme","bf_ps","1277",0.933333333333333,0.892232767232767,0.908819668218164,0.879933495094251
120,150,"extreme","psis","1277",0.733333333333333,0.711248917748918,0.547053510399375,0.672547817996285
120,150,"extreme","waic","1277",0.726666666666667,0.737789225279153,0.537075914895464,0.664876498627763
120,150,"extreme","hbi","1277",0.886666666666667,0.87991718426501,0.831543143573219,0.8145029573601
60,300,"equal","bf_ps","1277",0.846666666666667,0.871514344943155,0.844079055650241,0.841145102810295
60,300,"equal","psis","1277",0.523333333333333,0.69507560530563,0.540543875439751,0.484318367738029
60,300,"equal","waic","1277",0.483333333333333,0.615711834056347,0.498566306132549,0.510826611811834
60,300,"equal","hbi","1277",0.736666666666667,0.688718118826478,0.740825142160123,0.814649204164566
60,300,"extreme","bf_ps","1277",0.9,0.843850804961341,0.864477577865002,0.830922498728451
60,300,"extreme","psis","1277",0.74,0.69268827656993,0.564776129887692,0.612677904745106
60,300,"extreme","waic","1277",0.73,0.684961356953094,0.552934810287751,0.600903239369067
60,300,"extreme","hbi","1277",0.82,0.672243125049248,0.764360644989448,0.807034967819458
120,300,"equal","bf_ps","1277",0.816666666666667,0.866278434048646,0.831219615438885,0.819419773107082
120,300,"equal","psis","1277",0.546666666666667,0.72520405761149,0.552892382329719,0.512015537627771
120,300,"equal","waic","1277",0.523333333333333,0.720626363123974,0.526390440365135,0.488130128963173
120,300,"equal","hbi","1277",0.786666666666667,0.839523978956464,0.806779204453623,0.790944012861821
120,300,"extreme","bf_ps","1277",0.933333333333333,0.900947759817136,0.871858996407552,0.874483199492022
120,300,"extreme","psis","1277",0.753333333333333,0.764429365344338,0.563256218348327,0.524849622325499
120,300,"extreme","waic","1277",0.75,0.721195457170862,0.549080934960867,0.573549168176234
120,300,"extreme","hbi","1277",0.863333333333333,0.823683341065373,0.769429594414196,0.747146291779045
60,150,"equal","bf_ps","1278",0.84,0.891156462585034,0.833235653235653,0.837121884326853
60,150,"equal","psis","1278",0.566666666666667,0.716408603879891,0.601197009618062,0.538671760570257
60,150,"equal","waic","1278",0.506666666666667,0.69154286220417,0.54236360131097,0.470074403670045
60,150,"equal","hbi","1278",0.74,0.786802721088435,0.750818070818071,0.816130771823391
60,150,"extreme","bf_ps","1278",0.913333333333333,0.860754985754986,0.819369129895446,0.823481116584565
60,150,"extreme","psis","1278",0.74,0.634184289605976,0.592805245436824,0.638343722554249
60,150,"extreme","waic","1278",0.733333333333333,0.630880230880231,0.579337231968811,0.624396399250284
60,150,"extreme","hbi","1278",0.853333333333333,0.8427624872579,0.747510189615453,0.72641043596926
120,150,"equal","bf_ps","1278",0.9,0.905242905242905,0.879434850863422,0.885596439928125
120,150,"equal","psis","1278",0.626666666666667,0.751363667153141,0.634980495694781,0.612859140749879
120,150,"equal","waic","1278",0.626666666666667,0.744697177116461,0.631152656866943,0.620188055671927
120,150,"equal","hbi","1278",0.813333333333333,0.852645338532435,0.790952380952381,0.789495477824997
120,150,"extreme","bf_ps","1278",0.953333333333333,0.940284178187404,0.910364145658263,0.921571179405788
120,150,"extreme","psis","1278",0.813333333333333,0.780448717948718,0.623522866238174,0.684335528521475
120,150,"extreme","waic","1278",0.84,0.800082041721875,0.647541755669863,0.708924980137805
120,150,"extreme","hbi","1278",0.913333333333333,0.908852888234332,0.862136158811351,0.864490527393753
60,300,"equal","bf_ps","1278",0.82,0.847768540418964,0.81335749841102,0.810945117346583
60,300,"equal","psis","1278",0.496666666666667,0.669283604914834,0.499886018846868,0.46075119629569
60,300,"equal","waic","1278",0.486666666666667,0.666585083155673,0.491008448882449,0.456003825283478
60,300,"equal","hbi","1278",0.806666666666667,0.867161199130509,0.787340708716419,0.790149330166726
60,300,"extreme","bf_ps","1278",0.933333333333333,0.90597318911455,0.858309893604011,0.876639956415431
60,300,"extreme","psis","1278",0.786666666666667,0.72415674464192,0.578529763823881,0.626682010433762
60,300,"extreme","waic","1278",0.76,0.70144437138108,0.534278069572187,0.591575723089902
60,300,"extreme","hbi","1278",0.886666666666667,0.875641025641026,0.799486364192247,0.801146831810447
120,300,"equal","bf_ps","1278",0.846666666666667,0.879751147256071,0.856405719910703,0.845860330395735
120,300,"equal","psis","1278",0.54,0.706885878551164,0.548814699996223,0.485534405737558
120,300,"equal","waic","1278",0.553333333333333,0.708279440808582,0.557719800933733,0.514298500244028
120,300,"equal","hbi","1278",0.826666666666667,0.884537343696238,0.809423834133136,0.811532061322069
120,300,"extreme","bf_ps","1278",0.933333333333333,0.914478849010869,0.879949090277408,0.891696989212059
120,300,"extreme","psis","1278",0.75,0.736294796821113,0.543201212831856,0.596391106296333
120,300,"extreme","waic","1278",0.763333333333333,0.738998604812082,0.540357157662219,0.596691612481086
120,300,"extreme","hbi","1278",0.85,0.817429704122086,0.756681530963337,0.734975770336201
60,150,"equal","bf_ps","1279",0.826666666666667,0.87359410430839,0.838775510204082,0.832726792956972
60,150,"equal","psis","1279",0.613333333333333,0.742719193143371,0.595614035087719,0.572019175436864
60,150,"equal","waic","1279",0.586666666666667,0.731763319578446,0.566630862871464,0.538913911091159
60,150,"equal","hbi","1279",0.84,0.881415343915344,0.833297529538131,0.819155354449472
60,150,"extreme","bf_ps","1279",0.946666666666667,0.925572166851237,0.88638147566719,0.897315717171925
60,150,"extreme","psis","1279",0.726666666666667,0.748480699008868,0.586823774519277,0.637341282348122
60,150,"extreme","waic","1279",0.733333333333333,0.720780809016103,0.59450759148806,0.647866305059365
60,150,"extreme","hbi","1279",0.88,0.74117730095991,0.777972493345164,0.880502857385008
120,150,"equal","bf_ps","1279",0.853333333333333,0.903025210084034,0.851257166065927,0.848214285714286
120,150,"equal","psis","1279",0.52,0.712399635074559,0.543835081775585,0.493785014751057
120,150,"equal","waic","1279",0.546666666666667,0.699148890325361,0.5693476586252,0.529207391768968
120,150,"equal","hbi","1279",0.786666666666667,0.858120276935608,0.786344507985567,0.773236717546645
120,150,"extreme","bf_ps","1279",0.933333333333333,0.899616256759114,0.878505788280224,0.885802301853666
120,150,"extreme","psis","1279",0.706666666666667,0.733592132505176,0.518391627673453,0.57156704569973
120,150,"extreme","waic","1279",0.72,0.72640673245512,0.511354329995761,0.560501732334413
120,150,"extreme","hbi","1279",0.84,0.85444171080817,0.78499615212086,0.752834467120181
60,300,"equal","bf_ps","1279",0.833333333333333,0.871327394455818,0.833729144135901,0.830972461407244
60,300,"equal","psis","1279",0.58,0.732116197433769,0.594577269405165,0.5389297994267
60,300,"equal","waic","1279",0.563333333333333,0.719270302874731,0.578415629858063,0.529713704736313
60,300,"equal","hbi","1279",0.753333333333333,0.691214345574811,0.750602671725654,0.823757749063074
60,300,"extreme","bf_ps","1279",0.9,0.879836880988955,0.815739815739816,0.828689099337827
60,300,"extreme","psis","1279",0.723333333333333,0.729917386450962,0.533397222932107,0.581095797961286
60,300,"extreme","waic","1279",0.736666666666667,0.73282351177088,0.534064643366969,0.587890670327946
60,300,"extreme","hbi","1279",0.873333333333333,0.865477154424523,0.781107781107781,0.774447886955676
120,300,"equal","bf_ps","1279",0.873333333333333,0.913852813852814,0.873975636766334,0.872422710615106
120,300,"equal","psis","1279",0.57,0.735271979564217,0.579878584200518,0.538818322802936
120,300,"equal","waic","1279",0.556666666666667,0.730192019868986,0.567140978132554,0.529049579463465
120,300,"equal","hbi","1279",0.803333333333333,0.847774526967074,0.808361376687969,0.798165876961888
120,300,"extreme","bf_ps","1279",0.93,0.894815921009312,0.879857071033542,0.875342355585885
120,300,"extreme","psis","1279",0.76,0.779676683066514,0.570272211448682,0.627500559385936
120,300,"extreme","waic","1279",0.77,0.774607434663476,0.563046757164404,0.621915841428146
120,300,"extreme","hbi","1279",0.88,0.867348436072888,0.826987718164189,0.804254078600137
60,150,"equal","bf_ps","1280",0.866666666666667,0.896243842364532,0.872795757509716,0.86681808566307
60,150,"equal","psis","1280",0.586666666666667,0.7415027605245,0.59666536942771,0.543467683724207
60,150,"equal","waic","1280",0.56,0.721334767817822,0.57004602603818,0.514441365807825
60,150,"equal","hbi","1280",0.853333333333333,0.863888029959459,0.862332331864859,0.853177793944344
60,150,"extreme","bf_ps","1280",0.906666666666667,0.850351422033344,0.867265087853323,0.82088162733324
60,150,"extreme","psis","1280",0.74,0.652929672666515,0.580538159319672,0.572177731805844
60,150,"extreme","waic","1280",0.74,0.586291486291486,0.549695052846313,0.608297258297258
60,150,"extreme","hbi","1280",0.866666666666667,0.827328248598237,0.823678422417918,0.739332764874561
120,150,"equal","bf_ps","1280",0.88,0.915413533834586,0.86525974025974,0.869711155425441
120,150,"equal","psis","1280",0.566666666666667,0.7238225842877,0.590649350649351,0.540525603132581
120,150,"equal","waic","1280",0.593333333333333,0.731010591475708,0.601601731601732,0.570698909340936
120,150,"equal","hbi","1280",0.82,0.8719508398325,0.778593073593074,0.766983313541504
120,150,"extreme","bf_ps","1280",0.933333333333333,0.941213271778056,0.854359925788497,0.873891166963312
120,150,"extreme","psis","1280",0.726666666666667,0.672129186602871,0.492848574259934,0.627951137444225
120,150,"extreme","waic","1280",0.726666666666667,0.667276572340016,0.486767105527863,0.619843522348235
120,150,"extreme","hbi","1280",0.873333333333333,0.902446390818484,0.771006102331404,0.751741298994046
60,300,"equal","bf_ps","1280",0.85,0.885575210230383,0.841144846818824,0.845374950562381
60,300,"equal","psis","1280",0.533333333333333,0.696750214500619,0.542742205117983,0.494227239623927
60,300,"equal","waic","1280",0.536666666666667,0.702697190874573,0.548082417533879,0.497284146692845
60,300,"equal","hbi","1280",0.773333333333333,0.713381101656964,0.752294123333747,0.839420208957531
60,300,"extreme","bf_ps","1280",0.936666666666667,0.921225867396139,0.870087782587783,0.887562201803149
60,300,"extreme","psis","1280",0.743333333333333,0.726743285305841,0.549579454936598,0.519004781137347
60,300,"extreme","waic","1280",0.753333333333333,0.68235943154841,0.531097936455079,0.571077170862539
60,300,"extreme","hbi","1280",0.853333333333333,0.725310245310245,0.73372520336806,0.841934554189456
120,300,"equal","bf_ps","1280",0.896666666666667,0.918877551020408,0.891528977006463,0.897170058165152
120,300,"equal","psis","1280",0.603333333333333,0.739801487943903,0.607674058386577,0.550341742895118
120,300,"equal","waic","1280",0.6,0.737716857077759,0.601483582196101,0.551707591095628
120,300,"equal","hbi","1280",0.836666666666667,0.871359182764572,0.821190451200347,0.822532334045386
120,300,"extreme","bf_ps","1280",0.94,0.900308025308025,0.876289113918803,0.878509928272493
120,300,"extreme","psis","1280",0.753333333333333,0.636629974439822,0.540890175267669,0.654947213882063
120,300,"extreme","waic","1280",0.743333333333333,0.623980350287628,0.5244724349872,0.628162703535709
120,300,"extreme","hbi","1280",0.903333333333333,0.879151870391763,0.811946710290685,0.808757756005462
60,150,"equal","bf_ps","1281",0.826666666666667,0.872541743970315,0.819007327068759,0.818713441770945
60,150,"equal","psis","1281",0.506666666666667,0.692648432216097,0.510395762330671,0.462979834791059
60,150,"equal","waic","1281",0.48,0.687236806449643,0.49456522684969,0.429449667490349
60,150,"equal","hbi","1281",0.826666666666667,0.857145789350223,0.822484580038912,0.823502050337403
60,150,"extreme","bf_ps","1281",0.933333333333333,0.887135456189165,0.792857142857143,0.821151771053249
60,150,"extreme","psis","1281",0.746666666666667,0.725976099251961,0.537248734080098,0.629788135990182
60,150,"extreme","waic","1281",0.733333333333333,0.581301443654385,0.446179223569127,0.569015114595106
60,150,"extreme","hbi","1281",0.906666666666667,0.875757575757576,0.776785714285714,0.802096932211753
120,150,"equal","bf_ps","1281",0.86,0.916512059369202,0.804166666666667,0.820795415033396
120,150,"equal","psis","1281",0.526666666666667,0.712699581120634,0.521155128718154,0.484440273629222
120,150,"equal","waic","1281",0.546666666666667,0.714175312235657,0.556238050775866,0.52136629256016
120,150,"equal","hbi","1281",0.833333333333333,0.897959183673469,0.756547619047619,0.751356012408644
120,150,"extreme","bf_ps","1281",0.926666666666667,0.892115599411203,0.85,0.849481658692185
120,150,"extreme","psis","1281",0.74,0.681087719298246,0.547517999242137,0.647380670315086
120,150,"extreme","waic","1281",0.76,0.770632651287784,0.573872679045093,0.565019677708327
120,150,"extreme","hbi","1281",0.846666666666667,0.830978798878073,0.755507136541619,0.815231507622812
60,300,"equal","bf_ps","1281",0.84,0.873819638213344,0.820338896423757,0.825642797950827
60,300,"equal","psis","1281",0.513333333333333,0.683689013048619,0.52666950106453,0.468145800972703
60,300,"equal","waic","1281",0.483333333333333,0.670473194739788,0.500837046312417,0.444458775073665
60,300,"equal","hbi","1281",0.82,0.849541937987316,0.795391226132375,0.79836881787545
60,300,"extreme","bf_ps","1281",0.906666666666667,0.839963180540323,0.767657441764585,0.790296860726536
60,300,"extreme","psis","1281",0.726666666666667,0.707970106518097,0.459629144450573,0.524972171460806
60,300,"extreme","waic","1281",0.72,0.66489451276404,0.415044021294021,0.489921201571679
60,300,"extreme","hbi","1281",0.85,0.709044798824052,0.702330252330252,0.80250296282905
120,300,"equal","bf_ps","1281",0.86,0.892638231917685,0.844548457651748,0.851886960821074
120,300,"equal","psis","1281",0.496666666666667,0.679686334303837,0.505960595238463,0.448672268085971
120,300,"equal","waic","1281",0.513333333333333,0.680484124585695,0.528530181586734,0.482927266374349
120,300,"equal","hbi","1281",0.826666666666667,0.859121888239692,0.804330995893905,0.804967954809418
120,300,"extreme","bf_ps","1281",0.94,0.910766434233268,0.855961243058017,0.873841333782136
120,300,"extreme","psis","1281",0.776666666666667,0.689127816627817,0.539956684537422,0.681050301409427
120,300,"extreme","waic","1281",0.763333333333333,0.67142620770926,0.511767482435176,0.657087501028336
120,300,"extreme","hbi","1281",0.9,0.885455218356773,0.803667113625038,0.814306633628751
60,150,"equal","bf_ps","1282",0.84,0.862341735325606,0.841084854994629,0.841309050368284
60,150,"equal","psis","1282",0.506666666666667,0.686355311355311,0.511754385964912,0.470761824543337
60,150,"equal","waic","1282",0.473333333333333,0.673917748917749,0.477769423558897,0.433019025085686
60,150,"equal","hbi","1282",0.8,0.833957458581519,0.807921589688507,0.792067702912651
60,150,"extreme","bf_ps","1282",0.926666666666667,0.881362135497474,0.827838827838828,0.847632758801353
60,150,"extreme","psis","1282",0.733333333333333,0.640824665418487,0.482426303854875,0.621617376775272
60,150,"extreme","waic","1282",0.706666666666667,0.622528640441684,0.486612593755451,0.598109897995648
60,150,"extreme","hbi","1282",0.9,0.869520030234316,0.78021978021978,0.797847231135641
120,150,"equal","bf_ps","1282",0.846666666666667,0.878308178308178,0.859006734006734,0.858769081795398
120,150,"equal","psis","1282",0.593333333333333,0.771891185553425,0.58020683020683,0.554114237186361
120,150,"equal","waic","1282",0.6,0.774381500852089,0.587361712361712,0.574182183889776
120,150,"equal","hbi","1282",0.786666666666667,0.858333333333333,0.812590187590188,0.792901181039437
120,150,"extreme","bf_ps","1282",0.94,0.948466213543352,0.888278388278388,0.910399124684839
120,150,"extreme","psis","1282",0.793333333333333,0.754600574406978,0.582255892849793,0.756528091455978
120,150,"extreme","waic","1282",0.786666666666667,0.746954694921447,0.533469740532341,0.714297844642672
120,150,"extreme","hbi","1282",0.906666666666667,0.948773448773449,0.837519623233909,0.865245744737551
60,300,"equal","bf_ps","1282",0.853333333333333,0.876116451892896,0.86182770481551,0.858785401938144
60,300,"equal","psis","1282",0.583333333333333,0.702290072256075,0.561661407697993,0.590270294838449
60,300,"equal","waic","1282",0.556666666666667,0.687726471059804,0.534033040130601,0.555611412388906
60,300,"equal","hbi","1282",0.79,0.84433674237941,0.80681005985884,0.794569404200223
60,300,"extreme","bf_ps","1282",0.91,0.877009794982919,0.838186889388262,0.846015715968575
60,300,"extreme","psis","1282",0.73,0.697300158470371,0.552086439222758,0.586212420327501
60,300,"extreme","waic","1282",0.7,0.714337579328675,0.55487807931417,0.582978735782193
60,300,"extreme","hbi","1282",0.866666666666667,0.856231940102908,0.76218042064724,0.741923828150741
120,300,"equal","bf_ps","1282",0.826666666666667,0.87547633766821,0.846373174592835,0.842320507645243
120,300,"equal","psis","1282",0.583333333333333,0.740776376318994,0.547727587628897,0.520935263518748
120,300,"equal","waic","1282",0.566666666666667,0.735192088890063,0.529192614325505,0.516690283071232
120,300,"equal","hbi","1282",0.776666666666667,0.839675232194191,0.801153019347274,0.794913476527961
120,300,"extreme","bf_ps","1282",0.916666666666667,0.895240943267259,0.836269113908865,0.859478393328882
120,300,"extreme","psis","1282",0.77,0.675129431971537,0.538528552193148,0.691619297129384
120,300,"extreme","waic","1282",0.77,0.725713901145671,0.557209664041962,0.610376472377159
120,300,"extreme","hbi","1282",0.89,0.892432424391187,0.784038735591531,0.803097269669211
60,150,"equal","bf_ps","1283",0.873333333333333,0.87901819034824,0.846007063112326,0.850516674425781
60,150,"equal","psis","1283",0.526666666666667,0.672271062271062,0.537545161605312,0.474929480257109
60,150,"equal","waic","1283",0.466666666666667,0.637515817515818,0.48490137681867,0.406504539937823
60,150,"equal","hbi","1283",0.773333333333333,0.82015306122449,0.751395534290271,0.729852531871165
60,150,"extreme","bf_ps","1283",0.9,0.90609243697479,0.778776737967914,0.81326148796968
60,150,"extreme","psis","1283",0.753333333333333,0.681091368725172,0.581240011678653,0.654700128832271
60,150,"extreme","waic","1283",0.753333333333333,0.674301369863014,0.568171829860471,0.648100358422939
60,150,"extreme","hbi","1283",0.853333333333333,0.879422538246068,0.712915283668326,0.758132705501127
120,150,"equal","bf_ps","1283",0.833333333333333,0.887161410018553,0.80952380952381,0.823163379064
120,150,"equal","psis","1283",0.56,0.698325358851675,0.558835978835979,0.533848969068917
120,150,"equal","waic","1283",0.566666666666667,0.704900001958826,0.570793650793651,0.554631971634154
120,150,"equal","hbi","1283",0.8,0.86359126984127,0.749206349206349,0.847916798648506
120,150,"extreme","bf_ps","1283",0.94,0.909658899020601,0.841071428571429,0.84743596914917
120,150,"extreme","psis","1283",0.8,0.741121951219512,0.601604554865424,0.735503180533008
120,150,"extreme","waic","1283",0.8,0.736363636363636,0.574585921325052,0.721064460077768
120,150,"extreme","hbi","1283",0.9,0.87901397117987,0.794875776397515,0.780413714690583
60,300,"equal","bf_ps","1283",0.84,0.870748634214676,0.833349149017352,0.833505803192443
60,300,"equal","psis","1283",0.53,0.682475231247428,0.555976877290241,0.489347613195631
60,300,"equal","waic","1283",0.533333333333333,0.682810571532376,0.557140610596832,0.499974435646135
60,300,"equal","hbi","1283",0.783333333333333,0.779996646047643,0.752432578008615,0.736629359061952
60,300,"extreme","bf_ps","1283",0.9,0.898849065919284,0.80688137883963,0.836495179871646
60,300,"extreme","psis","1283",0.73,0.692346490638416,0.508268704439057,0.56508382072277
60,300,"extreme","waic","1283",0.716666666666667,0.612646639011553,0.464157848911561,0.603459598701223
60,300,"extreme","hbi","1283",0.85,0.873123206141818,0.747193576071424,0.75330401265472
120,300,"equal","bf_ps","1283",0.84,0.894935291189647,0.832420468187275,0.834914968971091
120,300,"equal","psis","1283",0.556666666666667,0.716244667887474,0.558375068453883,0.512169157213558
120,300,"equal","waic","1283",0.563333333333333,0.700571772664796,0.556809390422836,0.535419858686753
120,300,"equal","hbi","1283",0.77,0.723786066150598,0.726264418811003,0.817719107192791
120,300,"extreme","bf_ps","1283",0.93,0.910195898728377,0.861706259721852,0.877915668985178
120,300,"extreme","psis","1283",0.786666666666667,0.756316815212896,0.577223983788477,0.63094869102273
120,300,"extreme","waic","1283",0.776666666666667,0.757012984202721,0.573007538174087,0.625469206315419
120,300,"extreme","hbi","1283",0.876666666666667,0.857176324156227,0.797438493469677,0.78784933634432
60,150,"equal","bf_ps","1234",0.865771812080537,0.894030711699885,0.871804871373837,0.86413587500544
60,150,"equal","psis","1234",0.546666666666667,0.693417255978832,0.573485719261581,0.522961793345998
60,150,"equal","waic","1234",0.526666666666667,0.696232783305303,0.555776484052346,0.48991637174211
60,150,"equal","hbi","1234",0.773333333333333,0.779509734928454,0.754166044683286,0.727360218615802
60,150,"extreme","bf_ps","1234",0.926666666666667,0.876180124223602,0.812715855572998,0.823997414049734
60,150,"extreme","psis","1234",0.72,0.722200935710252,0.569739784025498,0.534480469696416
60,150,"extreme","waic","1234",0.733333333333333,0.682407942934259,0.53381142666857,0.499070646736152
60,150,"extreme","hbi","1234",0.906666666666667,0.880178571428571,0.776190476190476,0.786381477155659
120,150,"equal","bf_ps","1234",0.86,0.926708074534161,0.869737750172533,0.870650713377654
120,150,"equal","psis","1234",0.533333333333333,0.733962038969841,0.526496852583809,0.5017294934168
120,150,"equal","waic","1234",0.56,0.739540396710208,0.556277056277056,0.549443219568995
120,150,"equal","hbi","1234",0.786666666666667,0.869767441860465,0.807022084195997,0.783094992382918
120,150,"extreme","bf_ps","1234",0.933333333333333,0.917566643882433,0.811904761904762,0.831131017000102
120,150,"extreme","psis","1234",0.733333333333333,0.710309443642777,0.48944099378882,0.629444686548429
120,150,"extreme","waic","1234",0.72,0.505739407651172,0.429089026915114,0.649217886879901
120,150,"extreme","hbi","1234",0.9,0.904864976293548,0.766666666666667,0.784311436233285
60,300,"equal","bf_ps","1234",0.88,0.913565426170468,0.868651471912341,0.874582724672248
60,300,"equal","psis","1234",0.56,0.720419873635073,0.575116461871577,0.528858628335261
60,300,"equal","waic","1234",0.536666666666667,0.713155773019113,0.550073165843626,0.494813197740005
60,300,"equal","hbi","1234",0.77,0.694580387875267,0.752058311466879,0.837991229835274
60,300,"extreme","bf_ps","1234",0.923333333333333,0.913946492575525,0.825128839414554,0.849070074457454
60,300,"extreme","psis","1234",0.723333333333333,0.672529269696678,0.514662834830902,0.54930068645891
60,300,"extreme","waic","1234",0.713333333333333,0.658138599725295,0.489868523166842,0.512135399050785
60,300,"extreme","hbi","1234",0.84,0.725416629417725,0.705127353971892,0.795701581027668
120,300,"equal","bf_ps","1234",0.88,0.890007378657338,0.87437889782596,0.878855621602366
120,300,"equal","psis","1234",0.533333333333333,0.723069598845996,0.567541181099123,0.510891767885233
120,300,"equal","waic","1234",0.533333333333333,0.721471986579695,0.561480038159695,0.515562602145368
120,300,"equal","hbi","1234",0.843333333333333,0.870502364107964,0.832588375007286,0.835651597794988
120,300,"extreme","bf_ps","1234",0.923333333333333,0.913515298261061,0.844887955182073,0.864946996564365
120,300,"extreme","psis","1234",0.756666666666667,0.672807816109216,0.56977534603585,0.696283454475559
120,300,"extreme","waic","1234",0.726666666666667,0.712240374567961,0.540353320815506,0.574108990149511
120,300,"extreme","hbi","1234",0.86,0.883446712018141,0.761838068560758,0.754340749405573
60,150,"equal","bf_ps","1235",0.9,0.916434404977962,0.881921859652952,0.8842788976773
60,150,"equal","psis","1235",0.586666666666667,0.745326568855981,0.615765851795264,0.577497537896256
60,150,"equal","waic","1235",0.526666666666667,0.686477976202421,0.562263541780349,0.590716827783124
60,150,"equal","hbi","1235",0.84,0.87202380952381,0.809732984102732,0.79522554739946
60,150,"extreme","bf_ps","1235",0.906666666666667,0.90952380952381,0.821315192743764,0.834032941081398
60,150,"extreme","psis","1235",0.693333333333333,0.659088997422331,0.479606009070295,0.527775532445688
60,150,"extreme","waic","1235",0.66,0.587022306397306,0.451799886621315,0.560683760683761
60,150,"extreme","hbi","1235",0.88,0.867634533488192,0.79234693877551,0.801086091002057
120,150,"equal","bf_ps","1235",0.86,0.870242800677583,0.830290297937357,0.824005620264468
120,150,"equal","psis","1235",0.513333333333333,0.686065603892429,0.55070345476025,0.504721901243141
120,150,"equal","waic","1235",0.553333333333333,0.695665445665446,0.577532229433852,0.559215821107639
120,150,"equal","hbi","1235",0.84,0.873802982731554,0.806741787624141,0.779197795655629
120,150,"extreme","bf_ps","1235",0.933333333333333,0.915509777578743,0.900560224089636,0.886386554621849
120,150,"extreme","psis","1235",0.706666666666667,0.6537918603136,0.528256443139505,0.633092423086702
120,150,"extreme","waic","1235",0.7,0.666457800511509,0.524095260594198,0.626451388388893
120,150,"extreme","hbi","1235",0.893333333333333,0.888106966924701,0.851739732037393,0.836818736337571
60,300,"equal","bf_ps","1235",0.862876254180602,0.860234683386537,0.838179677465392,0.840229491106684
60,300,"equal","psis","1235",0.533333333333333,0.708928838059744,0.568621656121656,0.516988803844567
60,300,"equal","waic","1235",0.53,0.709629251434346,0.568199855699856,0.520046880241484
60,300,"equal","hbi","1235",0.81,0.84442043924778,0.775058275058275,0.762342462758299
60,300,"extreme","bf_ps","1235",0.916666666666667,0.893087037186416,0.861954885304086,0.865103803978254
60,300,"extreme","psis","1235",0.72,0.725714775338836,0.563307307955256,0.597021951706685
60,300,"extreme","waic","1235",0.69,0.647917374313312,0.521582759974981,0.638944206678312
60,300,"extreme","hbi","1235",0.89,0.860128461026665,0.828362964929379,0.819764744985815
120,300,"equal","bf_ps","1235",0.876666666666667,0.891059398317463,0.864057009243345,0.867496614440992
120,300,"equal","psis","1235",0.536666666666667,0.728554659436131,0.557512405235734,0.505433607330483
120,300,"equal","waic","1235",0.573333333333333,0.731880016847603,0.587436719138857,0.55516647703073
120,300,"equal","hbi","1235",0.793333333333333,0.703804797225459,0.755707968806252,0.843058829692493
120,300,"extreme","bf_ps","1235",0.936666666666667,0.9236517698327,0.889316239316239,0.89982624514777
120,300,"extreme","psis","1235",0.746666666666667,0.70199911733296,0.57345742113184,0.701280474113421
120,300,"extreme","waic","1235",0.753333333333333,0.690753433448851,0.553996649345487,0.685839062020349
120,300,"extreme","hbi","1235",0.89,0.891213968511595,0.824664224664225,0.816182115304222
60,150,"equal","bf_ps","1236",0.853333333333333,0.879166666666667,0.842325204126446,0.845312037858622
60,150,"equal","psis","1236",0.553333333333333,0.737285016248431,0.56569392101941,0.521156714518864
60,150,"equal","waic","1236",0.553333333333333,0.736225881514635,0.568196846681974,0.527204343275772
60,150,"equal","hbi","1236",0.826666666666667,0.868348861283644,0.805631738861552,0.786879836745066
60,150,"extreme","bf_ps","1236",0.906666666666667,0.865925262476987,0.811224489795918,0.820137037865994
60,150,"extreme","psis","1236",0.746666666666667,0.714777432712215,0.558803521408563,0.643264972274406
60,150,"extreme","waic","1236",0.733333333333333,0.69698703279939,0.561524609843938,0.622170554651373
60,150,"extreme","hbi","1236",0.886666666666667,0.847351061636776,0.78265306122449,0.779139743671763
120,150,"equal","bf_ps","1236",0.86,0.870923431407302,0.852426303854875,0.84994721518848
120,150,"equal","psis","1236",0.553333333333333,0.679282407407407,0.52851307422736,0.547587317991097
120,150,"equal","waic","1236",0.553333333333333,0.725057068281858,0.533945142159428,0.48094607921379
120,150,"equal","hbi","1236",0.793333333333333,0.848891108891109,0.796918319775463,0.768109243697479
120,150,"extreme","bf_ps","1236",0.926666666666667,0.903378189763878,0.880333800186741,0.883981474049576
120,150,"extreme","psis","1236",0.793333333333333,0.79707977888125,0.655627570177007,0.730244313828338
120,150,"extreme","waic","1236",0.813333333333333,0.806087608261159,0.736454049704988,0.799813686518889
120,150,"extreme","hbi","1236",0.84,0.846540666643465,0.774346405228758,0.746664573065158
60,300,"equal","bf_ps","1236",0.853333333333333,0.872428421778903,0.846984886458571,0.846382904973425
60,300,"equal","psis","1236",0.553333333333333,0.723469756627001,0.55766499582289,0.509565543903807
60,300,"equal","waic","1236",0.55,0.726806411095317,0.555425495557075,0.501701745819984
60,300,"equal","hbi","1236",0.786666666666667,0.802372465527318,0.77083048530417,0.742099451695059
60,300,"extreme","bf_ps","1236",0.93,0.905677384825566,0.874925970388155,0.886724386724387
60,300,"extreme","psis","1236",0.783333333333333,0.781843580265483,0.645949410067057,0.630116362225406
60,300,"extreme","waic","1236",0.76,0.765213097404878,0.630829331732693,0.606531166488487
60,300,"extreme","hbi","1236",0.89,0.88140645731977,0.811456582633053,0.811916797218315
120,300,"equal","bf_ps","1236",0.876666666666667,0.896164021164021,0.877843960550727,0.878058076300111
120,300,"equal","psis","1236",0.576666666666667,0.751827811613516,0.568571492122063,0.518382638748055
120,300,"equal","waic","1236",0.56,0.737989049480985,0.550778901196057,0.512351437322917
120,300,"equal","hbi","1236",0.8,0.850464871107419,0.790865149887706,0.779137501105088
120,300,"extreme","bf_ps","1236",0.906666666666667,0.899582120825963,0.851002258610954,0.863939215098062
120,300,"extreme","psis","1236",0.733333333333333,0.719301787331438,0.539471579145492,0.595344434480374
120,300,"extreme","waic","1236",0.703333333333333,0.636777146889544,0.475359966120836,0.59695158634522
120,300,"extreme","hbi","1236",0.87,0.88109420838919,0.797701392810088,0.792583672607773
60,150,"equal","bf_ps","1237",0.873333333333333,0.89906629318394,0.859631724543364,0.863581442169816
60,150,"equal","psis","1237",0.533333333333333,0.710585286746277,0.57684750737315,0.500880131622542
60,150,"equal","waic","1237",0.526666666666667,0.703296703296703,0.564659451372718,0.518052016894723
60,150,"equal","hbi","1237",0.766666666666667,0.693717703005629,0.741727252813152,0.824968237492334
60,150,"extreme","bf_ps","1237",0.906666666666667,0.898404164533197,0.831349206349206,0.843777374953381
60,150,"extreme","psis","1237",0.733333333333333,0.775959219056234,0.570281385281385,0.635504209551641
60,150,"extreme","waic","1237",0.733333333333333,0.720080482897384,0.538044733044733,0.693612510905374
60,150,"extreme","hbi","1237",0.866666666666667,0.882454594741122,0.800800865800866,0.80659923006298
120,150,"equal","bf_ps","1237",0.866666666666667,0.911027568922306,0.881038961038961,0.878004952441043
120,150,"equal","psis","1237",0.64,0.779446728904933,0.594093314093314,0.560997775567603
120,150,"equal","waic","1237",0.626666666666667,0.733587287704435,0.579278499278499,0.633051635858815
120,150,"equal","hbi","1237",0.8,0.870443349753695,0.816661856661857,0.794613189069479
120,150,"extreme","bf_ps","1237",0.946666666666667,0.931120425965787,0.891233766233766,0.88422619047619
120,150,"extreme","psis","1237",0.74,0.797033236371472,0.632074504442925,0.607332094687586
120,150,"extreme","waic","1237",0.72,0.759671907040328,0.591660970608339,0.62036888532478
120,150,"extreme","hbi","1237",0.913333333333333,0.890731292517007,0.821428571428571,0.914075993091537
60,300,"equal","bf_ps","1237",0.83,0.883299187268126,0.822150175566325,0.825522301742211
60,300,"equal","psis","1237",0.516666666666667,0.700130821559393,0.514346574750301,0.457180594028016
60,300,"equal","waic","1237",0.503333333333333,0.635480855331009,0.502034749239718,0.513281166869058
60,300,"equal","hbi","1237",0.803333333333333,0.862635556729907,0.793505941953147,0.780565624451695
60,300,"extreme","bf_ps","1237",0.9,0.855534605146406,0.838702071737786,0.832122380724865
60,300,"extreme","psis","1237",0.783333333333333,0.772309951729667,0.61139713461142,0.596604865714345
60,300,"extreme","waic","1237",0.77,0.720394757442678,0.579122861265718,0.636107355765476
60,300,"extreme","hbi","1237",0.896666666666667,0.874897693923369,0.824885332921047,0.829677589275525
120,300,"equal","bf_ps","1237",0.84,0.89001339634251,0.843949445807031,0.849659013073647
120,300,"equal","psis","1237",0.566666666666667,0.680974644261348,0.525893164283257,0.549818414869506
120,300,"equal","waic","1237",0.556666666666667,0.72103499233467,0.516516686419384,0.47145977759996
120,300,"equal","hbi","1237",0.78,0.85343257556187,0.778871644351521,0.767335785852888
120,300,"extreme","bf_ps","1237",0.946666666666667,0.919224873954291,0.893847317972093,0.899315418661468
120,300,"extreme","psis","1237",0.766666666666667,0.673702081051479,0.549963897773799,0.686835222573306
120,300,"extreme","waic","1237",0.766666666666667,0.712116641528406,0.537059074804165,0.576489998480056
120,300,"extreme","hbi","1237",0.896666666666667,0.885930251159814,0.7937536346568,0.776744421597539
60,150,"equal","bf_ps","1238",0.846666666666667,0.899231720660292,0.846414455110107,0.849872455185548
60,150,"equal","psis","1238",0.54,0.715275200989487,0.521042230081132,0.486042153335386
60,150,"equal","waic","1238",0.506666666666667,0.694644699985257,0.491285030758715,0.472190522683134
60,150,"equal","hbi","1238",0.82,0.873395512050974,0.817843026538679,0.811295946950209
60,150,"extreme","bf_ps","1238",0.94,0.94377990430622,0.880952380952381,0.906503141797259
60,150,"extreme","psis","1238",0.793333333333333,0.751812865497076,0.599404761904762,0.757753924921768
60,150,"extreme","waic","1238",0.766666666666667,0.738970588235294,0.59484126984127,0.73574582487626
60,150,"extreme","hbi","1238",0.9,0.916750596342433,0.834722222222222,0.856658131386349
120,150,"equal","bf_ps","1238",0.833333333333333,0.8752405002405,0.820909416398138,0.82375950380152
120,150,"equal","psis","1238",0.513333333333333,0.680187074829932,0.537594464850104,0.504896669187229
120,150,"equal","waic","1238",0.54,0.692285114780306,0.561958321544788,0.535684788269375
120,150,"equal","hbi","1238",0.773333333333333,0.819866408101702,0.750104427736007,0.743376623376623
120,150,"extreme","bf_ps","1238",0.886666666666667,0.868693134822167,0.755555555555556,0.767987586510532
120,150,"extreme","psis","1238",0.68,0.7056821779044,0.435431063070815,0.499741711280173
120,150,"extreme","waic","1238",0.693333333333333,0.711073629851741,0.440403144129852,0.504448100564446
120,150,"extreme","hbi","1238",0.86,0.832922275293096,0.725534851621808,0.728993470297818
60,300,"equal","bf_ps","1238",0.853333333333333,0.896938775510204,0.845338311699998,0.852028684683721
60,300,"equal","psis","1238",0.54,0.711904761904762,0.546675950761132,0.498888134497029
60,300,"equal","waic","1238",0.546666666666667,0.713866949996772,0.552574903828942,0.509110663373964
60,300,"equal","hbi","1238",0.766666666666667,0.777804780448765,0.749217226109381,0.728436843101777
60,300,"extreme","bf_ps","1238",0.91,0.870000889947698,0.830564727174897,0.845708146309939
60,300,"extreme","psis","1238",0.753333333333333,0.762175425725846,0.535706424326279,0.597559079748622
60,300,"extreme","waic","1238",0.716666666666667,0.707087878006119,0.493223483538254,0.538770327645598
60,300,"extreme","hbi","1238",0.836666666666667,0.710968203567649,0.732399400438141,0.826314959788248
120,300,"equal","bf_ps","1238",0.836666666666667,0.889278897556385,0.830691834922827,0.833588364843064
120,300,"equal","psis","1238",0.516666666666667,0.708240941979974,0.530438685787816,0.48548284454402
120,300,"equal","waic","1238",0.53,0.704351232656072,0.539438220304737,0.513977212239544
120,300,"equal","hbi","1238",0.793333333333333,0.851230344000953,0.78783594716093,0.780832780297086
120,300,"extreme","bf_ps","1238",0.906666666666667,0.868542758493463,0.829341334192697,0.834754764463951
120,300,"extreme","psis","1238",0.73,0.690387763497007,0.519227325482487,0.664047121591505
120,300,"extreme","waic","1238",0.716666666666667,0.675855288934759,0.500930333197055,0.635864699101572
120,300,"extreme","hbi","1238",0.853333333333333,0.840994926398653,0.77409539579234,0.761140429375929
60,150,"equal","bf_ps","1239",0.813333333333333,0.840714285714286,0.804814471243043,0.80521275021275
60,150,"equal","psis","1239",0.573333333333333,0.73188727648658,0.59243351886209,0.536730168785918
60,150,"equal","waic","1239",0.52,0.69593864981603,0.53069573283859,0.482262374272885
60,150,"equal","hbi","1239",0.733333333333333,0.808540160250147,0.709392393320965,0.688993131200344
60,150,"extreme","bf_ps","1239",0.846666666666667,0.856028368794326,0.758503401360544,0.764347777559404
60,150,"extreme","psis","1239",0.713333333333333,0.615509015509015,0.471176401595121,0.61176679740886
60,150,"extreme","waic","1239",0.7,0.592794871794872,0.443965517241379,0.579985829923659
60,150,"extreme","hbi","1239",0.813333333333333,0.854865424430642,0.751026272577997,0.733984971956541
120,150,"equal","bf_ps","1239",0.846666666666667,0.875178789464504,0.834446505875077,0.834999451872517
120,150,"equal","psis","1239",0.586666666666667,0.714730122818358,0.601476954418131,0.582458319662964
120,150,"equal","waic","1239",0.62,0.73083464958465,0.616192840772673,0.607196284306706
120,150,"equal","hbi","1239",0.726666666666667,0.669179894179894,0.701445123503947,0.786274092970522
120,150,"extreme","bf_ps","1239",0.906666666666667,0.884873949579832,0.86309067688378,0.868319919736526
120,150,"extreme","psis","1239",0.773333333333333,0.764342114656957,0.670808246670316,0.759939960338764
120,150,"extreme","waic","1239",0.773333333333333,0.764765017117958,0.644353220215289,0.742561567561568
120,150,"extreme","hbi","1239",0.806666666666667,0.841294261294261,0.78917168399927,0.760626656792985
60,300,"equal","bf_ps","1239",0.846666666666667,0.875961201061381,0.827680156727676,0.832258884485667
60,300,"equal","psis","1239",0.523333333333333,0.696231497764501,0.543365134238317,0.483648905987021
60,300,"equal","waic","1239",0.516666666666667,0.692254604105594,0.533640751328184,0.467016276887739
60,300,"equal","hbi","1239",0.806666666666667,0.86991050244117,0.77758887687399,0.771681096681097
60,300,"extreme","bf_ps","1239",0.876666666666667,0.857442420032603,0.847847243849268,0.838540747633649
60,300,"extreme","psis","1239",0.7,0.741274663837991,0.566689669246437,0.624210613472359
60,300,"extreme","waic","1239",0.723333333333333,0.751583063084506,0.582128639710932,0.640251015017166
60,300,"extreme","hbi","1239",0.84,0.852253325008743,0.810868058040651,0.790976726985832
120,300,"equal","bf_ps","1239",0.84,0.877136131412447,0.827220129099902,0.829120451373616
120,300,"equal","psis","1239",0.493333333333333,0.674131241326574,0.508374022260585,0.460866507628481
120,300,"equal","waic","1239",0.506666666666667,0.665763469944796,0.510625609255673,0.493326166230428
120,300,"equal","hbi","1239",0.8,0.846342007832691,0.773966221153744,0.760712014360123
120,300,"extreme","bf_ps","1239",0.903333333333333,0.885294229579944,0.848857262203127,0.856202129974797
120,300,"extreme","psis","1239",0.76,0.729619333324031,0.530342608731695,0.703683651272793
120,300,"extreme","waic","1239",0.766666666666667,0.73980687775836,0.545627845633473,0.717977483517712
120,300,"extreme","hbi","1239",0.85,0.862452253628724,0.799357282570555,0.796443451123421
60,150,"equal","bf_ps","1240",0.8,0.885535609592674,0.799035201124984,0.806467136520074
60,150,"equal","psis","1240",0.506666666666667,0.686780184101613,0.483611055758336,0.452384112322001
60,150,"equal","waic","1240",0.493333333333333,0.68448105937092,0.471737480417268,0.441092000858639
60,150,"equal","hbi","1240",0.733333333333333,0.813277530885504,0.746307227344379,0.739817542733953
60,150,"extreme","bf_ps","1240",0.926666666666667,0.897009496868054,0.848017041868294,0.867639378165694
60,150,"extreme","psis","1240",0.746666666666667,0.700221861471861,0.525989433574117,0.659321027745237
60,150,"extreme","waic","1240",0.753333333333333,0.673090798520365,0.546397596839423,0.681183084133609
60,150,"extreme","hbi","1240",0.88,0.833981211532232,0.807317600579751,0.81000111000111
120,150,"equal","bf_ps","1240",0.88,0.91019661453098,0.873701298701299,0.879229323308271
120,150,"equal","psis","1240",0.56,0.730127928549855,0.559177138650823,0.512287041468486
120,150,"equal","waic","1240",0.58,0.734869894171165,0.570909222356591,0.544682747616421
120,150,"equal","hbi","1240",0.78,0.782902909447532,0.770284715284715,0.740570427305121
120,150,"extreme","bf_ps","1240",0.933333333333333,0.909225697163986,0.862399505256648,0.880948122915336
120,150,"extreme","psis","1240",0.8,0.763062274159294,0.60050505050505,0.671263418662263
120,150,"extreme","waic","1240",0.793333333333333,0.754347657762292,0.595908060193775,0.656012785663948
120,150,"extreme","hbi","1240",0.886666666666667,0.872437888198758,0.788188002473717,0.80425932867359
60,300,"equal","bf_ps","1240",0.833333333333333,0.890081414319295,0.827811531150265,0.833631288116338
60,300,"equal","psis","1240",0.503333333333333,0.698332522557387,0.497687921059543,0.465103725426306
60,300,"equal","waic","1240",0.483333333333333,0.687981854054801,0.476088347864407,0.438211485571615
60,300,"equal","hbi","1240",0.783333333333333,0.849109999731118,0.780526771130473,0.78047754548108
60,300,"extreme","bf_ps","1240",0.906666666666667,0.896579144348638,0.844601430315716,0.865137710566665
60,300,"extreme","psis","1240",0.72,0.66057358755472,0.519671201814059,0.665140219638175
60,300,"extreme","waic","1240",0.713333333333333,0.648806594162631,0.484397348683063,0.636126997715697
60,300,"extreme","hbi","1240",0.89,0.891268595350228,0.820211930926217,0.839192669078864
120,300,"equal","bf_ps","1240",0.88,0.92109938983645,0.874945314323756,0.8824543023315
120,300,"equal","psis","1240",0.59,0.741803388021875,0.574875000483229,0.551204375375007
120,300,"equal","waic","1240",0.56,0.728511982418538,0.54621306801721,0.531764408480956
120,300,"equal","hbi","1240",0.78,0.787664271263935,0.754893513623826,0.7376948584297
120,300,"extreme","bf_ps","1240",0.913333333333333,0.923891192822077,0.82766439909297,0.857059071075811
120,300,"extreme","psis","1240",0.786666666666667,0.699959292904565,0.540601638715603,0.7055019740475
120,300,"extreme","waic","1240",0.786666666666667,0.706928200005123,0.540099094473091,0.711861463769245
120,300,"extreme","hbi","1240",0.876666666666667,0.892443664876597,0.780068216665327,0.793758174695088
60,150,"equal","bf_ps","1241",0.806666666666667,0.856691919191919,0.810748973883985,0.807960332350576
60,150,"equal","psis","1241",0.533333333333333,0.695890957225409,0.527295282720258,0.479010386763401
60,150,"equal","waic","1241",0.5,0.693452380952381,0.496762766128572,0.444810894579151
60,150,"equal","hbi","1241",0.793333333333333,0.836239093338485,0.801229341469616,0.79561742492777
60,150,"extreme","bf_ps","1241",0.913333333333333,0.891867391867392,0.775132275132275,0.807719247745154
60,150,"extreme","psis","1241",0.806666666666667,0.738991820123303,0.609232139019373,0.695641908961462
60,150,"extreme","waic","1241",0.8,0.72611762901618,0.612750094664988,0.702388180519626
60,150,"extreme","hbi","1241",0.88,0.869352346999406,0.723112073112073,0.754038211029093
120,150,"equal","bf_ps","1241",0.9,0.915850815850816,0.872368421052632,0.883014537915073
120,150,"equal","psis","1241",0.606666666666667,0.738828157257598,0.641996015680226,0.572250250944656
120,150,"equal","waic","1241",0.613333333333333,0.744535495464288,0.646757920442131,0.58457172672289
120,150,"equal","hbi","1241",0.813333333333333,0.850907029478458,0.797387700019279,0.792123356519641
120,150,"extreme","bf_ps","1241",0.953333333333333,0.762142857142857,0.92322695035461,0.877621755773016
120,150,"extreme","psis","1241",0.766666666666667,0.680444444444444,0.690927895981088,0.674660894660895
120,150,"extreme","waic","1241",0.766666666666667,0.667261904761905,0.680585106382979,0.660389185977421
120,150,"extreme","hbi","1241",0.886666666666667,0.852374551971326,0.847842789598109,0.772568707617727
60,300,"equal","bf_ps","1241",0.776666666666667,0.824596014946419,0.775336561990957,0.773434370430616
60,300,"equal","psis","1241",0.48,0.651360310927366,0.499692474013689,0.44567188709266
60,300,"equal","waic","1241",0.476666666666667,0.647056091827628,0.496696834892877,0.447423465406323
60,300,"equal","hbi","1241",0.696666666666667,0.721305823443799,0.713032235443648,0.670538804515534
60,300,"extreme","bf_ps","1241",0.896666666666667,0.856109945800667,0.806630426311277,0.802315716213919
60,300,"extreme","psis","1241",0.713333333333333,0.628556536448802,0.486341672511885,0.615305728183026
60,300,"extreme","waic","1241",0.73,0.610652680652681,0.476236750837815,0.602600603058269
60,300,"extreme","hbi","1241",0.88,0.852319179824632,0.785733769776323,0.778211531326383
120,300,"equal","bf_ps","1241",0.833333333333333,0.882137703566275,0.827539155196963,0.826388324786494
120,300,"equal","psis","1241",0.516666666666667,0.699130434782609,0.541010052233146,0.488095527142722
120,300,"equal","waic","1241",0.543333333333333,0.704318866054793,0.566551911171736,0.527561305108246
120,300,"equal","hbi","1241",0.733333333333333,0.779749559645633,0.742950131461641,0.704995614174827
120,300,"extreme","bf_ps","1241",0.926666666666667,0.888905775075988,0.855902655902656,0.856785850370482
120,300,"extreme","psis","1241",0.753333333333333,0.658064883211548,0.511233918842614,0.654127627590626
120,300,"extreme","waic","1241",0.756666666666667,0.661715226971292,0.510223593763966,0.648473342825502
120,300,"extreme","hbi","1241",0.856666666666667,0.862625767316843,0.784535037174789,0.76040408204887
60,150,"equal","bf_ps","1242",0.873333333333333,0.902215431627196,0.868621994252246,0.86849765421194
60,150,"equal","psis","1242",0.533333333333333,0.710459183673469,0.551458905240418,0.497954324582255
60,150,"equal","waic","1242",0.513333333333333,0.708032521308919,0.533935952003179,0.473929804798488
60,150,"equal","hbi","1242",0.76,0.823383899014151,0.751058605260286,0.71608278939106
60,150,"extreme","bf_ps","1242",0.92,0.889196108550947,0.828917748917749,0.850822986537272
60,150,"extreme","psis","1242",0.733333333333333,0.670258980785297,0.493204955963577,0.646547581680696
60,150,"extreme","waic","1242",0.706666666666667,0.658602589037372,0.470347813106434,0.615304084757407
60,150,"extreme","hbi","1242",0.873333333333333,0.851573129251701,0.762597402597403,0.775753288926882
120,150,"equal","bf_ps","1242",0.853333333333333,0.895321230724957,0.859786052682086,0.855419589598895
120,150,"equal","psis","1242",0.573333333333333,0.744011009799337,0.585537446737862,0.544479486165669
120,150,"equal","waic","1242",0.566666666666667,0.728622202761371,0.574607774905934,0.543404174023113
120,150,"equal","hbi","1242",0.786666666666667,0.840113677049767,0.806848065079851,0.788358034008253
120,150,"extreme","bf_ps","1242",0.926666666666667,0.879038613081166,0.830559537081276,0.847818072530555
120,150,"extreme","psis","1242",0.74,0.68695652173913,0.519482932526411,0.641633246794653
120,150,"extreme","waic","1242",0.746666666666667,0.685708534621578,0.508440834527791,0.647217086300204
120,150,"extreme","hbi","1242",0.88,0.841996753246753,0.763192121887774,0.774035500725113
60,300,"equal","bf_ps","1242",0.883333333333333,0.913818677015437,0.874716937874833,0.878338447395382
60,300,"equal","psis","1242",0.536666666666667,0.726429851809791,0.562378999757721,0.51112160492816
60,300,"equal","waic","1242",0.496666666666667,0.712858397641006,0.521793030257999,0.459229328396288
60,300,"equal","hbi","1242",0.816666666666667,0.85644421434695,0.810478800704365,0.808058988353839
60,300,"extreme","bf_ps","1242",0.909698996655518,0.884022274576997,0.81766868189282,0.832058682058682
60,300,"extreme","psis","1242",0.796666666666667,0.780950245952039,0.594701093603586,0.574655834873995
60,300,"extreme","waic","1242",0.756666666666667,0.725626432007402,0.537250840775182,0.591729470789996
60,300,"extreme","hbi","1242",0.856666666666667,0.83968253968254,0.733354078308439,0.740614419283695
120,300,"equal","bf_ps","1242",0.88,0.9190556222489,0.874021276374157,0.87651887243724
120,300,"equal","psis","1242",0.52,0.709759448391718,0.543596901040708,0.49947919035053
120,300,"equal","waic","1242",0.523333333333333,0.70693612277331,0.543214070847722,0.511821948182935
120,300,"equal","hbi","1242",0.816666666666667,0.874499672176221,0.810470539629457,0.799505744388755
120,300,"extreme","bf_ps","1242",0.913333333333333,0.896863730649009,0.841816782610393,0.860516520852732
120,300,"extreme","psis","1242",0.756666666666667,0.672347315040491,0.513717371244041,0.660636162885159
120,300,"extreme","waic","1242",0.73,0.660508067250354,0.49146909688498,0.630178085803724
120,300,"extreme","hbi","1242",0.85,0.865604624828655,0.761677795591654,0.758403191405834
60,150,"equal","bf_ps","1243",0.82,0.889263066682421,0.820184990992444,0.819192945293093
60,150,"equal","psis","1243",0.553333333333333,0.66651098102711,0.534529652542075,0.553295079624867
60,150,"equal","waic","1243",0.526666666666667,0.583321582692157,0.510835954935334,0.615323565323565
60,150,"equal","hbi","1243",0.813333333333333,0.876192803612158,0.812817617165443,0.809699818624768
60,150,"extreme","bf_ps","1243",0.913333333333333,0.895804803099636,0.876151229722658,0.874885816504569
60,150,"extreme","psis","1243",0.7,0.75289298515105,0.592176870748299,0.671195717231523
60,150,"extreme","waic","1243",0.666666666666667,0.673659077797009,0.465737833594977,0.60700289291783
60,150,"extreme","hbi","1243",0.886666666666667,0.883901141101602,0.859406070120356,0.853002827116099
120,150,"equal","bf_ps","1243",0.853333333333333,0.905086020894844,0.846753246753247,0.850503449744436
120,150,"equal","psis","1243",0.566666666666667,0.7003663003663,0.554810509183911,0.51972569653793
120,150,"equal","waic","1243",0.553333333333333,0.691330633830175,0.542388148935463,0.504964682414412
120,150,"equal","hbi","1243",0.773333333333333,0.839078185852379,0.775759457933371,0.755763523847505
120,150,"extreme","bf_ps","1243",0.893333333333333,0.863636363636364,0.793956043956044,0.799548120930412
120,150,"extreme","psis","1243",0.733333333333333,0.702002555408128,0.518565644881434,0.673517126148705
120,150,"extreme","waic","1243",0.706666666666667,0.680822021116139,0.466497975708502,0.626181816557598
120,150,"extreme","hbi","1243",0.866666666666667,0.846615477874318,0.753846153846154,0.739411608799364
60,300,"equal","bf_ps","1243",0.82,0.878883037085802,0.81636853521352,0.815121384221788
60,300,"equal","psis","1243",0.526666666666667,0.691096276731117,0.513053264751817,0.47269132998084
60,300,"equal","waic","1243",0.51,0.681591549224553,0.497972407233984,0.45245575762401
60,300,"equal","hbi","1243",0.78,0.831633693312175,0.773555977963273,0.765110271881081
60,300,"extreme","bf_ps","1243",0.91,0.882570623557341,0.848293605877876,0.857415337078339
60,300,"extreme","psis","1243",0.723333333333333,0.766262386798101,0.543991649609627,0.540056383749958
60,300,"extreme","waic","1243",0.71,0.722850195540522,0.507408638026616,0.559200117203343
60,300,"extreme","hbi","1243",0.846666666666667,0.837456128916681,0.767401532570072,0.751702170449387
120,300,"equal","bf_ps","1243",0.836666666666667,0.884433177130566,0.836471834262532,0.836978151871769
120,300,"equal","psis","1243",0.55,0.703691661586398,0.541332790146269,0.502555835739889
120,300,"equal","waic","1243",0.56,0.699050341139591,0.547180983244106,0.517117810674512
120,300,"equal","hbi","1243",0.75,0.77725973618191,0.739003948629008,0.728673905465993
120,300,"extreme","bf_ps","1243",0.916666666666667,0.88278054180765,0.843609022556391,0.854699293818883
120,300,"extreme","psis","1243",0.723333333333333,0.73003660822057,0.525008950948801,0.573179256824892
120,300,"extreme","waic","1243",0.703333333333333,0.67069914505619,0.48891275808569,0.636544808142982
120,300,"extreme","hbi","1243",0.876666666666667,0.856129628885047,0.785034013605442,0.797151689812552
60,150,"equal","bf_ps","1244",0.86,0.901027077497666,0.848966572274843,0.850453349317142
60,150,"equal","psis","1244",0.5,0.695464420840618,0.518683885037268,0.482426606983282
60,150,"equal","waic","1244",0.486666666666667,0.69681622725101,0.507129023858347,0.467730573750516
60,150,"equal","hbi","1244",0.833333333333333,0.880056211673859,0.820256810858315,0.816128767976472
60,150,"extreme","bf_ps","1244",0.913333333333333,0.904029304029304,0.851190476190476,0.84853251275723
60,150,"extreme","psis","1244",0.746666666666667,0.642297770722428,0.543132183908046,0.666966079703877
60,150,"extreme","waic","1244",0.76,0.643631469979296,0.54367816091954,0.667559460780592
60,150,"extreme","hbi","1244",0.886666666666667,0.891945724293448,0.822762725779967,0.80385567305072
120,150,"equal","bf_ps","1244",0.886666666666667,0.896245635935534,0.86422268907563,0.869142199389877
120,150,"equal","psis","1244",0.586666666666667,0.715201465201465,0.56922268907563,0.543977666300916
120,150,"equal","waic","1244",0.54,0.695650086104995,0.529747899159664,0.507536129540227
120,150,"equal","hbi","1244",0.806666666666667,0.848576007326007,0.767247899159664,0.743962866489488
120,150,"extreme","bf_ps","1244",0.926666666666667,0.910510625884898,0.83586889301175,0.864002928288643
120,150,"extreme","psis","1244",0.746666666666667,0.639692172041338,0.528841655239171,0.650167992926614
120,150,"extreme","waic","1244",0.773333333333333,0.65143951833607,0.524552983248635,0.653145111231253
120,150,"extreme","hbi","1244",0.9,0.872415387789659,0.778726035868893,0.783793921609048
60,300,"equal","bf_ps","1244",0.866220735785953,0.899381868131868,0.865925803259927,0.867401367977279
60,300,"equal","psis","1244",0.553333333333333,0.713725349310247,0.552865381240612,0.500563661623592
60,300,"equal","waic","1244",0.526666666666667,0.706488049765361,0.526046812118969,0.479760424536969
60,300,"equal","hbi","1244",0.776666666666667,0.816365759373195,0.7705724435712,0.742708228792162
60,300,"extreme","bf_ps","1244",0.906666666666667,0.860004934616334,0.820671505852895,0.830397839860254
60,300,"extreme","psis","1244",0.74,0.720865837741915,0.569012705997744,0.532292655323647
60,300,"extreme","waic","1244",0.753333333333333,0.731463968808204,0.577397769045648,0.54166950949317
60,300,"extreme","hbi","1244",0.866666666666667,0.710879120879121,0.734897802432133,0.83335571093209
120,300,"equal","bf_ps","1244",0.86241610738255,0.891947210426423,0.857851492911171,0.861614016574258
120,300,"equal","psis","1244",0.536666666666667,0.659075261869468,0.520839133189938,0.532907716896469
120,300,"equal","waic","1244",0.52,0.690098924185059,0.504861986309833,0.458830486053686
120,300,"equal","hbi","1244",0.786666666666667,0.807597917541783,0.767025830077205,0.760996988611127
120,300,"extreme","bf_ps","1244",0.93,0.916563644688645,0.86382855377673,0.884649503442687
120,300,"extreme","psis","1244",0.746666666666667,0.780816302453025,0.575784057095231,0.554285375485726
120,300,"extreme","waic","1244",0.746666666666667,0.775752451668197,0.562082924468268,0.540402504731621
120,300,"extreme","hbi","1244",0.89,0.883216783216783,0.797894487842664,0.807310439840362
60,150,"equal","bf_ps","1245",0.84,0.883264194970184,0.840915926179084,0.843320267791289
60,150,"equal","psis","1245",0.593333333333333,0.739973716759431,0.554455769548649,0.532340944040451
60,150,"equal","waic","1245",0.553333333333333,0.720221388150402,0.51634898297437,0.481171707345633
60,150,"equal","hbi","1245",0.8,0.843235793851557,0.803021189336979,0.80257063292943
60,150,"extreme","bf_ps","1245",0.926666666666667,0.865831489770369,0.870955325210644,0.864175661362362
60,150,"extreme","psis","1245",0.8,0.674376075731497,0.654934230466145,0.700646131780098
60,150,"extreme","waic","1245",0.773333333333333,0.659371199082042,0.61797599563557,0.660654046632034
60,150,"extreme","hbi","1245",0.873333333333333,0.80506866714297,0.769815724071043,0.757748638908059
120,150,"equal","bf_ps","1245",0.78,0.824740938504005,0.778688131090877,0.770153182943112
120,150,"equal","psis","1245",0.573333333333333,0.676308036505405,0.516105765942314,0.548308391869422
120,150,"equal","waic","1245",0.553333333333333,0.663365258384055,0.500450686214008,0.569092055058828
120,150,"equal","hbi","1245",0.753333333333333,0.697223294723295,0.753740438849952,0.838503555268261
120,150,"extreme","bf_ps","1245",0.906666666666667,0.893144270695291,0.831385281385281,0.851059620220743
120,150,"extreme","psis","1245",0.74,0.676716769820218,0.552611367127496,0.67587855180119
120,150,"extreme","waic","1245",0.733333333333333,0.722008301404853,0.565814830330959,0.616269841269841
120,150,"extreme","hbi","1245",0.853333333333333,0.859720836305645,0.737445887445887,0.739604358226807
60,300,"equal","bf_ps","1245",0.806666666666667,0.852080634481754,0.824153502600491,0.818784730720767
60,300,"equal","psis","1245",0.556666666666667,0.660946775042277,0.503817140120308,0.530733413121272
60,300,"equal","waic","1245",0.506666666666667,0.551238087142715,0.453957928858377,0.566357683052589
60,300,"equal","hbi","1245",0.77,0.81708152958153,0.781301136228961,0.76934899348002
60,300,"extreme","bf_ps","1245",0.916666666666667,0.894686407416252,0.841198979591837,0.852945969040002
60,300,"extreme","psis","1245",0.73,0.755461697602764,0.602651768824974,0.599052417710048
60,300,"extreme","waic","1245",0.733333333333333,0.755841072194909,0.595691903704487,0.591561290183808
60,300,"extreme","hbi","1245",0.873333333333333,0.84357976999106,0.766794217687075,0.865046501501875
120,300,"equal","bf_ps","1245",0.826666666666667,0.845696656563762,0.835642793576474,0.828659019671437
120,300,"equal","psis","1245",0.543333333333333,0.650058330322935,0.500662035292514,0.517684263661034
120,300,"equal","waic","1245",0.52,0.687953464566061,0.485173558315244,0.439104490954234
120,300,"equal","hbi","1245",0.73,0.798648073238237,0.745140951296697,0.72714162202508
120,300,"extreme","bf_ps","1245",0.916666666666667,0.900454654223498,0.832983193277311,0.843960295553128
120,300,"extreme","psis","1245",0.743333333333333,0.689553295002211,0.543271764664415,0.674961513952019
120,300,"extreme","waic","1245",0.73,0.664184748735342,0.509878096316247,0.640376481207427
120,300,"extreme","hbi","1245",0.886666666666667,0.883530548176769,0.781282513005202,0.772116078867606
60,150,"equal","bf_ps","1246",0.826666666666667,0.858507402961184,0.807351735387717,0.816062637762013
60,150,"equal","psis","1246",0.593333333333333,0.71066097463613,0.590379720901302,0.537421234113272
60,150,"equal","waic","1246",0.56,0.688836114155807,0.55996166874412,0.506728342038315
60,150,"equal","hbi","1246",0.74,0.785253623188406,0.722936150972133,0.79877089076303
60,150,"extreme","bf_ps","1246",0.926666666666667,0.891138101664417,0.868255894590846,0.872237873489245
60,150,"extreme","psis","1246",0.793333333333333,0.644978354978355,0.56451687471105,0.679195621132794
60,150,"extreme","waic","1246",0.766666666666667,0.621028181922328,0.551427415626445,0.658994708994709
60,150,"extreme","hbi","1246",0.853333333333333,0.813729246487867,0.764285714285714,0.844586494775752
120,150,"equal","bf_ps","1246",0.833333333333333,0.870908363345338,0.843586744639376,0.839878423719887
120,150,"equal","psis","1246",0.526666666666667,0.66269982740571,0.522897339968278,0.539767385117866
120,150,"equal","waic","1246",0.54,0.71451770338284,0.53351878661457,0.500590943448086
120,150,"equal","hbi","1246",0.74,0.795368072787428,0.746459385177921,0.71934083978419
120,150,"extreme","bf_ps","1246",0.913333333333333,0.928923293455313,0.833333333333333,0.860889020620655
120,150,"extreme","psis","1246",0.76,0.647460631156283,0.513840963116325,0.656459185318855
120,150,"extreme","waic","1246",0.746666666666667,0.661338761838762,0.534084809447128,0.667263555815694
120,150,"extreme","hbi","1246",0.853333333333333,0.884018155757286,0.76535541752933,0.782910318418163
60,300,"equal","bf_ps","1246",0.81,0.874140137656476,0.817567937429331,0.809980205265837
60,300,"equal","psis","1246",0.506666666666667,0.687369376974534,0.508562395013706,0.474041852097648
60,300,"equal","waic","1246",0.486666666666667,0.680922344392664,0.487624758022637,0.450728683273593
60,300,"equal","hbi","1246",0.753333333333333,0.840287209256764,0.760705334765485,0.746110257723161
60,300,"extreme","bf_ps","1246",0.896666666666667,0.85671768707483,0.786326979116802,0.80890180763916
60,300,"extreme","psis","1246",0.733333333333333,0.651385281385281,0.504467409186755,0.645314875291458
60,300,"extreme","waic","1246",0.74,0.657998102466793,0.497756050996684,0.640351569588097
60,300,"extreme","hbi","1246",0.866666666666667,0.847879248411163,0.750421707917413,0.771684040785495
120,300,"equal","bf_ps","1246",0.84,0.871677364780813,0.849980096531821,0.83739581153518
120,300,"equal","psis","1246",0.526666666666667,0.696005810334554,0.543873176631797,0.491172883297379
120,300,"equal","waic","1246",0.53,0.703190036860128,0.549728432487053,0.497803891481189
120,300,"equal","hbi","1246",0.803333333333333,0.862262231578441,0.784990297059263,0.785402606844629
120,300,"extreme","bf_ps","1246",0.903333333333333,0.863480038480039,0.821266037720992,0.831141622250828
120,300,"extreme","psis","1246",0.723333333333333,0.725157262828496,0.545709863063781,0.60478362735923
120,300,"extreme","waic","1246",0.746666666666667,0.768453227663754,0.561661049740002,0.550888666503391
120,300,"extreme","hbi","1246",0.856666666666667,0.848836543433723,0.773147398494281,0.772422704554511
60,150,"equal","bf_ps","1247",0.813333333333333,0.882337175020102,0.818090145148969,0.814186600618693
60,150,"equal","psis","1247",0.566666666666667,0.727788668551344,0.575034053979403,0.528719465462266
60,150,"equal","waic","1247",0.54,0.699133727770487,0.545499059203461,0.501834673263245
60,150,"equal","hbi","1247",0.706666666666667,0.682372949179672,0.71018710459012,0.788227687617931
60,150,"extreme","bf_ps","1247",0.933333333333333,0.880315336837076,0.877858969674826,0.863713311411521
60,150,"extreme","psis","1247",0.773333333333333,0.781280193236715,0.63231031543052,0.620773051253098
60,150,"extreme","waic","1247",0.78,0.776436130007559,0.62273083146302,0.612217231390164
60,150,"extreme","hbi","1247",0.913333333333333,0.877631578947368,0.845798319327731,0.829913056131544
120,150,"equal","bf_ps","1247",0.866666666666667,0.889614512471655,0.862549019607843,0.856050569874057
120,150,"equal","psis","1247",0.56,0.686264271790588,0.583326542738307,0.552297596964798
120,150,"equal","waic","1247",0.553333333333333,0.672922595611671,0.567621594092182,0.545772257088052
120,150,"equal","hbi","1247",0.78,0.758172168388887,0.754323062558357,0.721121377434808
120,150,"extreme","bf_ps","1247",0.933333333333333,0.887654505684984,0.883074534161491,0.880693581780538
120,150,"extreme","psis","1247",0.753333333333333,0.677327732561203,0.529750542847043,0.675834748160724
120,150,"extreme","waic","1247",0.74,0.657620724346076,0.493777457960915,0.632063492063492
120,150,"extreme","hbi","1247",0.8,0.825094801838988,0.78060899863657,0.732839802587702
60,300,"equal","bf_ps","1247",0.816666666666667,0.856570797333018,0.822834132909227,0.814173238856783
60,300,"equal","psis","1247",0.536666666666667,0.708044941450345,0.550869124164548,0.505372906760925
60,300,"equal","waic","1247",0.526666666666667,0.691698870235456,0.535988253401324,0.494243667013774
60,300,"equal","hbi","1247",0.73,0.717821057308928,0.738697190664323,0.699765966044442
60,300,"extreme","bf_ps","1247",0.903333333333333,0.865358451072737,0.833237873618999,0.844475683124577
60,300,"extreme","psis","1247",0.743333333333333,0.701141096979526,0.531441459688802,0.580329145828372
60,300,"extreme","waic","1247",0.73,0.695586272547057,0.518454446701789,0.564859590734405
60,300,"extreme","hbi","1247",0.833333333333333,0.799701065993408,0.716636738544957,0.71983649165367
120,300,"equal","bf_ps","1247",0.862876254180602,0.882743097238896,0.866238998659439,0.862312409025056
120,300,"equal","psis","1247",0.56,0.723818325186073,0.55879023308947,0.50765674983713
120,300,"equal","waic","1247",0.57,0.715971546334109,0.567937603725216,0.539764661608324
120,300,"equal","hbi","1247",0.806666666666667,0.831953332711531,0.807175226271659,0.794790428357691
120,300,"extreme","bf_ps","1247",0.923333333333333,0.897904026475455,0.857142857142857,0.865311711370529
120,300,"extreme","psis","1247",0.74,0.712710094340945,0.54480039734277,0.574670453282415
120,300,"extreme","waic","1247",0.74,0.63873488147073,0.515428074750109,0.638266078184111
120,300,"extreme","hbi","1247",0.903333333333333,0.88590384218767,0.835164835164835,0.838476513418109
60,150,"equal","bf_ps","1248",0.826666666666667,0.843361028621975,0.831410789538868,0.827161035541904
60,150,"equal","psis","1248",0.586666666666667,0.711185124456287,0.56741093471389,0.54236759080732
60,150,"equal","waic","1248",0.553333333333333,0.69793956043956,0.533109439821262,0.510637177701111
60,150,"equal","hbi","1248",0.8,0.862622826908541,0.775890775890776,0.778582151650067
60,150,"extreme","bf_ps","1248",0.9,0.867338962942285,0.835501744557472,0.823836494067045
60,150,"extreme","psis","1248",0.713333333333333,0.694176060118089,0.539995934577978,0.579791433947097
60,150,"extreme","waic","1248",0.726666666666667,0.632190476190476,0.50450379513847,0.628946648052339
60,150,"extreme","hbi","1248",0.853333333333333,0.854957860337117,0.775793650793651,0.853292546399676
120,150,"equal","bf_ps","1248",0.853333333333333,0.877102868174297,0.849016067965648,0.850781046910079
120,150,"equal","psis","1248",0.546666666666667,0.686930526122255,0.549601910694348,0.50203452461517
120,150,"equal","waic","1248",0.613333333333333,0.718908812768907,0.612996849089286,0.595901171388677
120,150,"equal","hbi","1248",0.833333333333333,0.881181318681319,0.803011204481793,0.816754352725315
120,150,"extreme","bf_ps","1248",0.926666666666667,0.936323218425947,0.860037348272642,0.885252394968877
120,150,"extreme","psis","1248",0.813333333333333,0.806077979991023,0.599149514878415,0.685868821873423
120,150,"extreme","waic","1248",0.8,0.793166109253066,0.582196646774652,0.665104930150568
120,150,"extreme","hbi","1248",0.866666666666667,0.884833721286923,0.784407096171802,0.786537510108939
60,300,"equal","bf_ps","1248",0.84,0.878328502232011,0.82414460704456,0.833121133355325
60,300,"equal","psis","1248",0.523333333333333,0.639492916121437,0.51664950626422,0.530561035071886
60,300,"equal","waic","1248",0.52,0.64100757161102,0.514116165884043,0.529740286046514
60,300,"equal","hbi","1248",0.8,0.882928975786119,0.768519715578539,0.767602253996651
60,300,"extreme","bf_ps","1248",0.9,0.885169285105347,0.834329263292374,0.840222737294364
60,300,"extreme","psis","1248",0.75,0.709269237263096,0.523844861519338,0.676525990582026
60,300,"extreme","waic","1248",0.723333333333333,0.679891854555794,0.505469522169422,0.650975768729392
60,300,"extreme","hbi","1248",0.856666666666667,0.862570560138949,0.775617142080253,0.761841156038486
120,300,"equal","bf_ps","1248",0.843333333333333,0.888664130900156,0.839912086471175,0.840218067347484
120,300,"equal","psis","1248",0.536666666666667,0.705315053358417,0.538453630689983,0.485018024622308
120,300,"equal","waic","1248",0.51,0.688777971972509,0.508214711843378,0.464171026976614
120,300,"equal","hbi","1248",0.76,0.827512984024719,0.740565516065403,0.728829512262153
120,300,"extreme","bf_ps","1248",0.916666666666667,0.876799816724629,0.850349898580122,0.860605691551983
120,300,"extreme","psis","1248",0.733333333333333,0.640998438843387,0.51892132715155,0.654308072064921
120,300,"extreme","waic","1248",0.756666666666667,0.654477417839194,0.532944074181397,0.671040354435785
120,300,"extreme","hbi","1248",0.89,0.877603432225281,0.801361199652275,0.819848557252792
60,150,"equal","bf_ps","1249",0.886666666666667,0.905452160621333,0.880380298572518,0.885651749071722
60,150,"equal","psis","1249",0.58,0.736980757215167,0.586308161708619,0.536491636823863
60,150,"equal","waic","1249",0.56,0.726859187324304,0.573549362536777,0.526881028874974
60,150,"equal","hbi","1249",0.78,0.82148105306,0.786449820202681,0.75945298079931
60,150,"extreme","bf_ps","1249",0.933333333333333,0.896698750422155,0.878225478225478,0.859958629336339
60,150,"extreme","psis","1249",0.733333333333333,0.716503654003654,0.577452177452177,0.604345509824478
60,150,"extreme","waic","1249",0.706666666666667,0.711754593389867,0.556288156288156,0.580531897096314
60,150,"extreme","hbi","1249",0.9,0.85501012145749,0.823280423280423,0.888647137703741
120,150,"equal","bf_ps","1249",0.82,0.898507790212859,0.805585392051557,0.808814190279708
120,150,"equal","psis","1249",0.533333333333333,0.710643504055487,0.537308120668696,0.491638563798256
120,150,"equal","waic","1249",0.526666666666667,0.70691391941392,0.529789323676215,0.500409956145641
120,150,"equal","hbi","1249",0.786666666666667,0.848490165296888,0.770357570945999,0.766300850061301
120,150,"extreme","bf_ps","1249",0.926666666666667,0.867153550383364,0.823486438654978,0.840555834588984
120,150,"extreme","psis","1249",0.72,0.704556881027469,0.509347861875952,0.553121418796167
120,150,"extreme","waic","1249",0.68,0.680536130536131,0.466076058772688,0.501425347279352
120,150,"extreme","hbi","1249",0.886666666666667,0.844759009986974,0.762589002757542,0.774444625625426
60,300,"equal","bf_ps","1249",0.82,0.883761105086157,0.817111806473509,0.820685022835425
60,300,"equal","psis","1249",0.543333333333333,0.70660456959084,0.532201467475824,0.500933844309083
60,300,"equal","waic","1249",0.55,0.710640512758848,0.538017783930438,0.506558216104053
60,300,"equal","hbi","1249",0.786666666666667,0.835378265645164,0.785511771570002,0.78531737046025
60,300,"extreme","bf_ps","1249",0.93,0.892762660619803,0.84550181276524,0.861650279735386
60,300,"extreme","psis","1249",0.73,0.647410345972088,0.514282649144951,0.644008299392915
60,300,"extreme","waic","1249",0.713333333333333,0.641872859507564,0.49902402439939,0.6162674741258
60,300,"extreme","hbi","1249",0.893333333333333,0.841392115356781,0.779978640285546,0.783194539756418
120,300,"equal","bf_ps","1249",0.826666666666667,0.897869976145182,0.824123343728207,0.828123411891834
120,300,"equal","psis","1249",0.516666666666667,0.715347018172592,0.516991527920562,0.483587686233633
120,300,"equal","waic","1249",0.506666666666667,0.708422344681156,0.505990281908744,0.484193767741047
120,300,"equal","hbi","1249",0.793333333333333,0.846381048145754,0.788200960310119,0.790023305622214
120,300,"extreme","bf_ps","1249",0.923333333333333,0.886511281531246,0.836381051898293,0.853739133487369
120,300,"extreme","psis","1249",0.77,0.69911220043573,0.541241835451571,0.69417680023832
120,300,"extreme","waic","1249",0.76,0.67618015732885,0.514975191146186,0.66449351762563
120,300,"extreme","hbi","1249",0.886666666666667,0.872017711492497,0.78723192516296,0.806520806520806
60,150,"equal","bf_ps","1250",0.786666666666667,0.86186987615559,0.817058092811269,0.817657375846745
60,150,"equal","psis","1250",0.62,0.728624871001032,0.574614069133125,0.66406697781053
60,150,"equal","waic","1250",0.586666666666667,0.710817619730819,0.542442574565987,0.632868618297407
60,150,"equal","hbi","1250",0.66,0.679565672422815,0.709496974760133,0.779902577054316
60,150,"extreme","bf_ps","1250",0.913333333333333,0.870098039215686,0.772581032412965,0.880582453849781
60,150,"extreme","psis","1250",0.733333333333333,0.625652497652886,0.487749099639856,0.611523687362853
60,150,"extreme","waic","1250",0.72,0.622815496739547,0.470264105642257,0.602145386684493
60,150,"extreme","hbi","1250",0.906666666666667,0.856775371338478,0.754723889555822,0.867147114273551
120,150,"equal","bf_ps","1250",0.806666666666667,0.881751305173232,0.808812615955473,0.804084429470713
120,150,"equal","psis","1250",0.513333333333333,0.685044419459116,0.517603404998363,0.502743844849108
120,150,"equal","waic","1250",0.52,0.691679537427619,0.516713958310597,0.502329050000097
120,150,"equal","hbi","1250",0.78,0.845849094786656,0.780210265924552,0.764286502057152
120,150,"extreme","bf_ps","1250",0.906666666666667,0.890052599730019,0.789424860853432,0.810753317720531
120,150,"extreme","psis","1250",0.78,0.655624568668047,0.489486703772418,0.636669950738916
120,150,"extreme","waic","1250",0.773333333333333,0.650997120487375,0.485783000068714,0.63070300301344
120,150,"extreme","hbi","1250",0.873333333333333,0.849813928761297,0.717996289424861,0.819837600758653
60,300,"equal","bf_ps","1250",0.83,0.886131400943815,0.844165827659097,0.846869104561232
60,300,"equal","psis","1250",0.573333333333333,0.743052634779798,0.553375504288338,0.52399171255322
60,300,"equal","waic","1250",0.55,0.739852026953103,0.525510523381074,0.496646851538156
60,300,"equal","hbi","1250",0.76,0.855417732817837,0.784060923878553,0.770786093579866
60,300,"extreme","bf_ps","1250",0.903333333333333,0.898030876844436,0.793382106071355,0.827176353397316
60,300,"extreme","psis","1250",0.75,0.71811914259137,0.562752397084122,0.549872172594496
60,300,"extreme","waic","1250",0.713333333333333,0.691485555261065,0.508315351160743,0.493236214863813
60,300,"extreme","hbi","1250",0.89,0.872503541368121,0.752658558587845,0.775451334566498
120,300,"equal","bf_ps","1250",0.796666666666667,0.86842930970838,0.800267483194313,0.795191779136691
120,300,"equal","psis","1250",0.533333333333333,0.696918862267158,0.53199075411619,0.496397777284371
120,300,"equal","waic","1250",0.51,0.683113844899296,0.505292162347912,0.472549863719901
120,300,"equal","hbi","1250",0.72,0.677003890304189,0.715223790920655,0.795519868223755
120,300,"extreme","bf_ps","1250",0.883333333333333,0.851468386447708,0.752585813376087,0.761190578333436
120,300,"extreme","psis","1250",0.756666666666667,0.613983076627494,0.489118615258433,0.62173905270042
120,300,"extreme","waic","1250",0.75,0.611779638490165,0.471566258800301,0.606690071856711
120,300,"extreme","hbi","1250",0.843333333333333,0.83328039909727,0.694016722892103,0.6759215288491
60,150,"equal","bf_ps","1251",0.813333333333333,0.861988237684832,0.827777777777778,0.82185433614005
60,150,"equal","psis","1251",0.553333333333333,0.725793650793651,0.545759637188209,0.514706049643938
60,150,"equal","waic","1251",0.52,0.711976361601436,0.507074829931973,0.464535935698314
60,150,"equal","hbi","1251",0.753333333333333,0.809907662124411,0.758730158730159,0.749289187105325
60,150,"extreme","bf_ps","1251",0.92,0.912769890564922,0.835476254121001,0.864773581622073
60,150,"extreme","psis","1251",0.76,0.747294372294372,0.574149705324525,0.640742446051123
60,150,"extreme","waic","1251",0.726666666666667,0.73023088023088,0.525641221471213,0.595424821705116
60,150,"extreme","hbi","1251",0.88,0.873242630385488,0.737137383689108,0.863989191844756
120,150,"equal","bf_ps","1251",0.813333333333333,0.872010342598578,0.828275658089323,0.809250615139673
120,150,"equal","psis","1251",0.5,0.671020103373045,0.501281672089126,0.44178630101598
120,150,"equal","waic","1251",0.506666666666667,0.615387872628726,0.503815439219166,0.525735453005452
120,150,"equal","hbi","1251",0.746666666666667,0.821321160042965,0.761579414374445,0.727221309979931
120,150,"extreme","bf_ps","1251",0.92,0.86198676139766,0.80989010989011,0.827932153967893
120,150,"extreme","psis","1251",0.76,0.696697012138189,0.57130670747692,0.639472345375799
120,150,"extreme","waic","1251",0.766666666666667,0.680151515151515,0.545296547424207,0.620073940507377
120,150,"extreme","hbi","1251",0.86,0.823432343234323,0.708991008991009,0.708837381106289
60,300,"equal","bf_ps","1251",0.81,0.855971523708938,0.821735866244367,0.813449999835411
60,300,"equal","psis","1251",0.503333333333333,0.702821059488649,0.502680244995435,0.450727326030006
60,300,"equal","waic","1251",0.49,0.69598829793799,0.485353373268834,0.430491399756025
60,300,"equal","hbi","1251",0.79,0.836968190057052,0.787152541940504,0.781763417689568
60,300,"extreme","bf_ps","1251",0.896666666666667,0.885052202699262,0.792001449702688,0.823839946883922
60,300,"extreme","psis","1251",0.72,0.69682013993068,0.500382054251576,0.554194356796875
60,300,"extreme","waic","1251",0.696666666666667,0.688816509653411,0.482670735028284,0.53120565390504
60,300,"extreme","hbi","1251",0.876666666666667,0.867534002640386,0.762483209658132,0.785039955444999
120,300,"equal","bf_ps","1251",0.836666666666667,0.877412492470159,0.83945085224155,0.837192947523326
120,300,"equal","psis","1251",0.526666666666667,0.694259733240139,0.532280497273075,0.47650364664818
120,300,"equal","waic","1251",0.523333333333333,0.694288293479633,0.52816934897588,0.471644654669993
120,300,"equal","hbi","1251",0.783333333333333,0.826605968766046,0.784033746824444,0.769349315735951
120,300,"extreme","bf_ps","1251",0.926666666666667,0.914664855841326,0.836904761904762,0.860881231750867
120,300,"extreme","psis","1251",0.76,0.640789817019472,0.52724292615597,0.649768402167872
120,300,"extreme","waic","1251",0.736666666666667,0.680424067775258,0.504830917874396,0.541077742871034
120,300,"extreme","hbi","1251",0.876666666666667,0.881632113590876,0.770445134575569,0.785329785825636
60,150,"equal","bf_ps","1252",0.84,0.882758275724083,0.847269960615825,0.845032498555795
60,150,"equal","psis","1252",0.573333333333333,0.725785869903517,0.551784222460914,0.51137362746517
60,150,"equal","waic","1252",0.573333333333333,0.686623673416957,0.552634562596969,0.58525767570257
60,150,"equal","hbi","1252",0.706666666666667,0.752378240171228,0.74171440506027,0.701926064709184
60,150,"extreme","bf_ps","1252",0.873333333333333,0.829680735930736,0.794150025601638,0.798280423280423
60,150,"extreme","psis","1252",0.693333333333333,0.663576815117911,0.516705069124424,0.581862656886436
60,150,"extreme","waic","1252",0.713333333333333,0.68339653810242,0.625281618023554,0.68009438009438
60,150,"extreme","hbi","1252",0.82,0.646585997272496,0.601344086021505,0.788510045444492
120,150,"equal","bf_ps","1252",0.84,0.891689450899977,0.842527519599698,0.845406387511109
120,150,"equal","psis","1252",0.64,0.76659125188537,0.564976146149845,0.634116406056093
120,150,"equal","waic","1252",0.626666666666667,0.744197584694255,0.563650474605711,0.646137972066872
120,150,"equal","hbi","1252",0.706666666666667,0.773020498521989,0.735183428693816,0.705999301682057
120,150,"extreme","bf_ps","1252",0.96,0.941291540539661,0.916064783170046,0.92530052875033
120,150,"extreme","psis","1252",0.786666666666667,0.776503084035365,0.641729323308271,0.699028938570738
120,150,"extreme","waic","1252",0.806666666666667,0.792320261437908,0.662593984962406,0.719436481941649
120,150,"extreme","hbi","1252",0.873333333333333,0.752109866502992,0.730145439355966,0.847785848822118
60,300,"equal","bf_ps","1252",0.84,0.899998975408086,0.853069781371668,0.8520056121476
60,300,"equal","psis","1252",0.566666666666667,0.735024207904877,0.529885558187445,0.503922311737586
60,300,"equal","waic","1252",0.536666666666667,0.716347743916844,0.499826658317224,0.468589460375448
60,300,"equal","hbi","1252",0.793333333333333,0.858912374222608,0.809002196266347,0.810477215477466
60,300,"extreme","bf_ps","1252",0.896666666666667,0.878542876572433,0.806850160012478,0.818887174685188
60,300,"extreme","psis","1252",0.713333333333333,0.66785422655916,0.508488121048935,0.577257485466441
60,300,"extreme","waic","1252",0.706666666666667,0.668953824252774,0.482148128543529,0.55027050345342
60,300,"extreme","hbi","1252",0.856666666666667,0.853505385084332,0.749161497502939,0.738813928084084
120,300,"equal","bf_ps","1252",0.806666666666667,0.886299208386821,0.828645758057523,0.820698589549929
120,300,"equal","psis","1252",0.53,0.662568886110076,0.5010148582904,0.541634140996042
120,300,"equal","waic","1252",0.536666666666667,0.716388827789872,0.505593908735191,0.470124211438483
120,300,"equal","hbi","1252",0.72,0.79290194169449,0.744505757818451,0.711566130089275
120,300,"extreme","bf_ps","1252",0.886666666666667,0.887115715851558,0.790328579656903,0.808597334453638
120,300,"extreme","psis","1252",0.686666666666667,0.74826071171585,0.501875726376717,0.498076944789391
120,300,"extreme","waic","1252",0.706666666666667,0.750157898949995,0.509319142862964,0.519898535536887
120,300,"extreme","hbi","1252",0.853333333333333,0.878576771022545,0.742132600426441,0.74327597050382
60,150,"equal","bf_ps","1253",0.846666666666667,0.87983709273183,0.840368412811349,0.842251179741014
60,150,"equal","psis","1253",0.52,0.692857142857143,0.527684620759059,0.479684867990715
60,150,"equal","waic","1253",0.5,0.670624018838305,0.507649764711377,0.454566744730679
60,150,"equal","hbi","1253",0.76,0.82757514353259,0.743496254336975,0.732937245132367
60,150,"extreme","bf_ps","1253",0.94,0.885270869481396,0.846938775510204,0.854069551811627
60,150,"extreme","psis","1253",0.733333333333333,0.670364082248632,0.535587867685644,0.666254112783193
60,150,"extreme","waic","1253",0.72,0.679746031746032,0.531833490759558,0.657863815382612
60,150,"extreme","hbi","1253",0.886666666666667,0.842567910637218,0.76530612244898,0.858991442202046
120,150,"equal","bf_ps","1253",0.826666666666667,0.883545918367347,0.81871325605341,0.821676505887032
120,150,"equal","psis","1253",0.58,0.706790235322844,0.57037203323472,0.544658376531796
120,150,"equal","waic","1253",0.586666666666667,0.714209045815087,0.572163345370859,0.554268364347274
120,150,"equal","hbi","1253",0.786666666666667,0.83274949826674,0.772112797688245,0.764860957790761
120,150,"extreme","bf_ps","1253",0.926666666666667,0.883963133640553,0.854819466248038,0.8650173869846
120,150,"extreme","psis","1253",0.74,0.656027704820808,0.551916971916972,0.653883785591103
120,150,"extreme","waic","1253",0.753333333333333,0.653048748353096,0.550964590964591,0.653013482501434
120,150,"extreme","hbi","1253",0.846666666666667,0.8331957154235,0.738758067329496,0.733588828685961
60,300,"equal","bf_ps","1253",0.846666666666667,0.882955182072829,0.836929579083878,0.843762862144724
60,300,"equal","psis","1253",0.52,0.685892164695337,0.525798061406103,0.474112036848879
60,300,"equal","waic","1253",0.503333333333333,0.673938858014035,0.506567305480349,0.461617974403119
60,300,"equal","hbi","1253",0.806666666666667,0.86686974789916,0.788263958989686,0.786814969296721
60,300,"extreme","bf_ps","1253",0.916666666666667,0.876052239077449,0.843864541141573,0.851862863147928
60,300,"extreme","psis","1253",0.74,0.747935537851504,0.593263484739412,0.569910206812842
60,300,"extreme","waic","1253",0.7,0.678485675899278,0.506144999436239,0.541476725934522
60,300,"extreme","hbi","1253",0.873333333333333,0.838256372244871,0.768519996183769,0.862033462033462
120,300,"equal","bf_ps","1253",0.84,0.893608592601214,0.84153833780015,0.841567171396931
120,300,"equal","psis","1253",0.56,0.718508058319508,0.556454255427701,0.509050531041951
120,300,"equal","waic","1253",0.543333333333333,0.711715141836202,0.539180943593249,0.506278684060186
120,300,"equal","hbi","1253",0.78,0.829147746054944,0.771480325911844,0.755411663531507
120,300,"extreme","bf_ps","1253",0.936666666666667,0.930398495773798,0.862215320910973,0.887868329913184
120,300,"extreme","psis","1253",0.75,0.708979331615994,0.548181280417305,0.696012446873103
120,300,"extreme","waic","1253",0.723333333333333,0.749058454843029,0.550566355659523,0.587382964112524
120,300,"extreme","hbi","1253",0.9,0.910994344097792,0.797506117071334,0.814052165000332
60,150,"equal","bf_ps","1254",0.813333333333333,0.867197913648218,0.81675342201658,0.799782200516876
60,150,"equal","psis","1254",0.493333333333333,0.684819483926627,0.522246863412277,0.472113040918606
60,150,"equal","waic","1254",0.486666666666667,0.68059595633125,0.501541378421078,0.476708857389773
60,150,"equal","hbi","1254",0.76,0.835290186249939,0.751567980891289,0.733517371182301
60,150,"extreme","bf_ps","1254",0.873333333333333,0.839201293165488,0.783452136835595,0.78468794494542
60,150,"extreme","psis","1254",0.706666666666667,0.713888888888889,0.555845783289392,0.622164931573073
60,150,"extreme","waic","1254",0.7,0.696482638639501,0.523801386583342,0.590623496873497
60,150,"extreme","hbi","1254",0.806666666666667,0.793908472479901,0.735483188490707,0.71491398966482
120,150,"equal","bf_ps","1254",0.853333333333333,0.86946686946687,0.84977469248569,0.84669048397391
120,150,"equal","psis","1254",0.573333333333333,0.758772739865177,0.610231048941316,0.569400700330492
120,150,"equal","waic","1254",0.58,0.754431441506993,0.609580788837274,0.581179329202801
120,150,"equal","hbi","1254",0.746666666666667,0.754872475305912,0.749312768585695,0.718424811422755
120,150,"extreme","bf_ps","1254",0.94,0.918017152096326,0.90974025974026,0.908324673472299
120,150,"extreme","psis","1254",0.726666666666667,0.755390522631902,0.550092318337932,0.620470810947001
120,150,"extreme","waic","1254",0.733333333333333,0.748179483914778,0.540345729643975,0.612978196685672
120,150,"extreme","hbi","1254",0.866666666666667,0.884267752044638,0.846883116883117,0.833193277310924
60,300,"equal","bf_ps","1254",0.873333333333333,0.879424496476168,0.859269171688527,0.86234726448719
60,300,"equal","psis","1254",0.483333333333333,0.694595406031817,0.502618143322554,0.464411030158775
60,300,"equal","waic","1254",0.476666666666667,0.686319721865899,0.495541456568448,0.453403552294846
60,300,"equal","hbi","1254",0.82,0.86697495351158,0.802701169797944,0.798151393158041
60,300,"extreme","bf_ps","1254",0.896666666666667,0.891303630307259,0.838039944650984,0.853986317468202
60,300,"extreme","psis","1254",0.756666666666667,0.749802729024088,0.553507300319453,0.630310836549337
60,300,"extreme","waic","1254",0.746666666666667,0.737139441807219,0.550509784356596,0.619461289699533
60,300,"extreme","hbi","1254",0.86,0.859313442768412,0.805746628211327,0.809347840168907
120,300,"equal","bf_ps","1254",0.85,0.867181930167502,0.839125436197905,0.841950307791834
120,300,"equal","psis","1254",0.496666666666667,0.701854672336982,0.512417872846013,0.473944397876563
120,300,"equal","waic","1254",0.513333333333333,0.711406004709576,0.5275202615223,0.497269948072315
120,300,"equal","hbi","1254",0.773333333333333,0.69126132432016,0.75377502122183,0.836385757639869
120,300,"extreme","bf_ps","1254",0.926666666666667,0.923876622349838,0.881643356643357,0.894559909446626
120,300,"extreme","psis","1254",0.766666666666667,0.762430037570702,0.552613350504917,0.739160755092324
120,300,"extreme","waic","1254",0.743333333333333,0.701895793044799,0.515569069484732,0.67415732899518
120,300,"extreme","hbi","1254",0.876666666666667,0.887306030478695,0.829370629370629,0.834049301879672
60,150,"equal","bf_ps","1255",0.88,0.898715041572184,0.855295093922096,0.8589175530352
60,150,"equal","psis","1255",0.493333333333333,0.690221815221815,0.524317099580475,0.494822009149859
60,150,"equal","waic","1255",0.453333333333333,0.682933598659405,0.495534680474606,0.446819738911576
60,150,"equal","hbi","1255",0.76,0.811164105281752,0.740496746489478,0.722686202686203
60,150,"extreme","bf_ps","1255",0.933333333333333,0.862512827697529,0.860805860805861,0.854748603351955
60,150,"extreme","psis","1255",0.746666666666667,0.809863945578231,0.612296037296037,0.645486957264194
60,150,"extreme","waic","1255",0.733333333333333,0.803610333022098,0.571361971361971,0.596078431372549
60,150,"extreme","hbi","1255",0.853333333333333,0.844322344322344,0.794871794871795,0.773291925465838
120,150,"equal","bf_ps","1255",0.886666666666667,0.912568778267508,0.888473824312334,0.882972082220203
120,150,"equal","psis","1255",0.526666666666667,0.720684427617201,0.547406092871931,0.474931437440521
120,150,"equal","waic","1255",0.486666666666667,0.71105715013278,0.504514936409346,0.448223033360501
120,150,"equal","hbi","1255",0.813333333333333,0.838888888888889,0.808070097604259,0.791120210009675
120,150,"extreme","bf_ps","1255",0.966666666666667,0.946446811615351,0.950396825396825,0.943741769678433
120,150,"extreme","psis","1255",0.806666666666667,0.825525525525525,0.658189033189033,0.708989083258089
120,150,"extreme","waic","1255",0.773333333333333,0.792747747747748,0.632395382395382,0.69912910326347
120,150,"extreme","hbi","1255",0.906666666666667,0.909755206430398,0.878968253968254,0.853222912353347
60,300,"equal","bf_ps","1255",0.866666666666667,0.898688107028083,0.853633271490414,0.855243764172336
60,300,"equal","psis","1255",0.483333333333333,0.68062656641604,0.51049654710369,0.47183100117053
60,300,"equal","waic","1255",0.47,0.675458176199455,0.497857400535972,0.45757947652189
60,300,"equal","hbi","1255",0.806666666666667,0.844677664999558,0.795910636982066,0.789609558108958
60,300,"extreme","bf_ps","1255",0.933333333333333,0.875982891887075,0.883504378763,0.877026961527164
60,300,"extreme","psis","1255",0.743333333333333,0.644045032177186,0.546886973180077,0.666923213737258
60,300,"extreme","waic","1255",0.743333333333333,0.625798011512297,0.508109508171085,0.636449447414642
60,300,"extreme","hbi","1255",0.863333333333333,0.84039652953446,0.841611932129174,0.796466483569637
120,300,"equal","bf_ps","1255",0.866666666666667,0.89945927945928,0.864372117362151,0.86404983701549
120,300,"equal","psis","1255",0.543333333333333,0.709988295204242,0.552437054631866,0.520884289322342
120,300,"equal","waic","1255",0.54,0.707266526875019,0.5493372296122,0.520600703103789
120,300,"equal","hbi","1255",0.843333333333333,0.883115513112105,0.840585715502659,0.835039265891636
120,300,"extreme","bf_ps","1255",0.926666666666667,0.892402961184474,0.880422168867547,0.873216904558285
120,300,"extreme","psis","1255",0.77,0.759745678010614,0.575898078529657,0.639778458491909
120,300,"extreme","waic","1255",0.736666666666667,0.727560778148026,0.542324298140309,0.58679536522157
120,300,"extreme","hbi","1255",0.87,0.872787114845938,0.82765579916177,0.7935048477857
60,150,"equal","bf_ps","1256",0.82,0.870836755754934,0.807602040816327,0.810999152269195
60,150,"equal","psis","1256",0.513333333333333,0.673095641418623,0.496296097386323,0.455551813384995
60,150,"equal","waic","1256",0.513333333333333,0.674684574684575,0.496192266380236,0.443478749911668
60,150,"equal","hbi","1256",0.746666666666667,0.8281276280402,0.746683673469388,0.731671613001556
60,150,"extreme","bf_ps","1256",0.926666666666667,0.850546231443549,0.836180124223602,0.832435613541604
60,150,"extreme","psis","1256",0.733333333333333,0.731181773879142,0.536268855368234,0.570847620997322
60,150,"extreme","waic","1256",0.706666666666667,0.722679587482219,0.514307897071872,0.548315833220156
60,150,"extreme","hbi","1256",0.853333333333333,0.702137998056365,0.718537414965986,0.798109857978279
120,150,"equal","bf_ps","1256",0.786666666666667,0.859235209235209,0.792863856068743,0.786894850563607
120,150,"equal","psis","1256",0.506666666666667,0.670338447082633,0.515397422126745,0.553266075766664
120,150,"equal","waic","1256",0.553333333333333,0.734237597478016,0.564172932330827,0.53378750599472
120,150,"equal","hbi","1256",0.7,0.799659863945578,0.738151181525242,0.697462765717399
120,150,"extreme","bf_ps","1256",0.906666666666667,0.877762588288904,0.807142857142857,0.827136250916739
120,150,"extreme","psis","1256",0.766666666666667,0.73198715682809,0.560371166010264,0.611958049036069
120,150,"extreme","waic","1256",0.753333333333333,0.706524469682364,0.513623344074472,0.580312636721932
120,150,"extreme","hbi","1256",0.84,0.82929717341482,0.734962406015038,0.744184981684982
60,300,"equal","bf_ps","1256",0.813333333333333,0.885017462794452,0.815368451616847,0.815037026248383
60,300,"equal","psis","1256",0.506666666666667,0.711469338850291,0.510563951575993,0.483934717538696
60,300,"equal","waic","1256",0.453333333333333,0.675394704929019,0.45248227673213,0.418008863033234
60,300,"equal","hbi","1256",0.68,0.75157405536472,0.706494187518874,0.677490424029237
60,300,"extreme","bf_ps","1256",0.92,0.882753679748635,0.815454386882958,0.835442144062834
60,300,"extreme","psis","1256",0.74,0.762228847582989,0.552497893537192,0.556888165894377
60,300,"extreme","waic","1256",0.723333333333333,0.711876993356415,0.501091732724794,0.557325669426093
60,300,"extreme","hbi","1256",0.863333333333333,0.85295864377497,0.746663943876487,0.734494858873579
120,300,"equal","bf_ps","1256",0.826666666666667,0.898920437740313,0.838608699293671,0.834708812569552
120,300,"equal","psis","1256",0.533333333333333,0.723606221486333,0.539125615983543,0.512783457735536
120,300,"equal","waic","1256",0.53,0.71186936452303,0.528796647662146,0.524278575985893
120,300,"equal","hbi","1256",0.766666666666667,0.85176683781335,0.791896578809047,0.773747962278946
120,300,"extreme","bf_ps","1256",0.91,0.887340845429081,0.824646781789639,0.835170407804143
120,300,"extreme","psis","1256",0.726666666666667,0.654843208593209,0.493176579906964,0.635363758544316
120,300,"extreme","waic","1256",0.733333333333333,0.645900676923764,0.492086513140374,0.630827365814959
120,300,"extreme","hbi","1256",0.876666666666667,0.871011206414933,0.787711315410691,0.78631836810979
60,150,"equal","bf_ps","1257",0.826666666666667,0.871130952380952,0.838383838383838,0.831362948505806
60,150,"equal","psis","1257",0.52,0.641893339503634,0.503968253968254,0.533015228499099
60,150,"equal","waic","1257",0.506666666666667,0.640873015873016,0.490440115440115,0.512812580897818
60,150,"equal","hbi","1257",0.766666666666667,0.828161802355351,0.776334776334776,0.761677440839428
60,150,"extreme","bf_ps","1257",0.933333333333333,0.922546897546898,0.887998112998113,0.896322873718776
60,150,"extreme","psis","1257",0.78,0.697571828121027,0.566736041736042,0.719857202251434
60,150,"extreme","waic","1257",0.766666666666667,0.75453216374269,0.610386835386835,0.693846729212583
60,150,"extreme","hbi","1257",0.866666666666667,0.745459401709402,0.717821067821068,0.835131290016873
120,150,"equal","bf_ps","1257",0.806666666666667,0.873992673992674,0.814548546691404,0.796461421061634
120,150,"equal","psis","1257",0.52,0.686328094456173,0.516640627542883,0.454295078355229
120,150,"equal","waic","1257",0.526666666666667,0.691397028897029,0.525550890212544,0.468733495481216
120,150,"equal","hbi","1257",0.753333333333333,0.830075187969925,0.744666048237477,0.698775552878896
120,150,"extreme","bf_ps","1257",0.88,0.852625467316189,0.80151833460657,0.801235230934479
120,150,"extreme","psis","1257",0.746666666666667,0.727741566208766,0.527951649868158,0.604464758233858
120,150,"extreme","waic","1257",0.76,0.721323529411765,0.514702801941891,0.601504466846601
120,150,"extreme","hbi","1257",0.806666666666667,0.778792575032721,0.705444421170228,0.787161084529506
60,300,"equal","bf_ps","1257",0.83,0.868281206431824,0.833320964749536,0.826612240194717
60,300,"equal","psis","1257",0.546666666666667,0.660320588296427,0.542681003321472,0.551336732948402
60,300,"equal","waic","1257",0.55,0.708683696390745,0.549447502128787,0.492977594572736
60,300,"equal","hbi","1257",0.756666666666667,0.777947224024937,0.747987078777352,0.705096800978595
60,300,"extreme","bf_ps","1257",0.91,0.887527285956828,0.843552374885071,0.855441080541806
60,300,"extreme","psis","1257",0.786666666666667,0.724093347634749,0.55317726178975,0.731382719959956
60,300,"extreme","waic","1257",0.78,0.729391660970608,0.550007217431714,0.725260733059922
60,300,"extreme","hbi","1257",0.87,0.867739634043982,0.805320718162792,0.79045954045954
120,300,"equal","bf_ps","1257",0.833333333333333,0.881678617392903,0.833829996337604,0.827642731375891
120,300,"equal","psis","1257",0.51,0.686721838888773,0.523725520631877,0.449275460064359
120,300,"equal","waic","1257",0.503333333333333,0.682572076449627,0.521434460389334,0.449229846339063
120,300,"equal","hbi","1257",0.786666666666667,0.836416056988833,0.768878051201327,0.745969279756423
120,300,"extreme","bf_ps","1257",0.893333333333333,0.848810699641264,0.810176305158935,0.816684971423742
120,300,"extreme","psis","1257",0.736666666666667,0.714203131703132,0.55037059516544,0.594828512264494
120,300,"extreme","waic","1257",0.7,0.631883490073145,0.475762986758949,0.612516595503804
120,300,"extreme","hbi","1257",0.853333333333333,0.833437770422474,0.764480261378294,0.760386666647204
60,150,"equal","bf_ps","1258",0.766666666666667,0.806646825396825,0.76306309963599,0.755733155733156
60,150,"equal","psis","1258",0.506666666666667,0.660397395032283,0.511412246057843,0.456289234696684
60,150,"equal","waic","1258",0.48,0.642228029423151,0.482926262292357,0.441905267242627
60,150,"equal","hbi","1258",0.726666666666667,0.769585253456221,0.727988200110962,0.715262211040491
60,150,"extreme","bf_ps","1258",0.86,0.743616363373202,0.736542443064182,0.716995830590301
60,150,"extreme","psis","1258",0.646666666666667,0.53870841995842,0.389648033126294,0.489492769613252
60,150,"extreme","waic","1258",0.66,0.5895181429428,0.419772256728778,0.537254229307503
60,150,"extreme","hbi","1258",0.806666666666667,0.718809224569593,0.690579710144927,0.653877820079911
120,150,"equal","bf_ps","1258",0.86,0.899725274725275,0.853823953823954,0.850162673765158
120,150,"equal","psis","1258",0.533333333333333,0.666744813867576,0.559055187731658,0.58374820965304
120,150,"equal","waic","1258",0.58,0.748953317064772,0.589276323235302,0.55858078429507
120,150,"equal","hbi","1258",0.74,0.7700973365935,0.75992187278952,0.717978908285598
120,150,"extreme","bf_ps","1258",0.886666666666667,0.851234567901235,0.784923510466989,0.808112973957925
120,150,"extreme","psis","1258",0.78,0.713280053280053,0.583351279514192,0.689608843537415
120,150,"extreme","waic","1258",0.76,0.692044571018588,0.546158062200493,0.654866247904015
120,150,"extreme","hbi","1258",0.826666666666667,0.811775853012966,0.720008051529791,0.736590288445127
60,300,"equal","bf_ps","1258",0.87,0.898538011695906,0.863991126219387,0.859260091425358
60,300,"equal","psis","1258",0.523333333333333,0.696270820156019,0.53990900266486,0.478904718522203
60,300,"equal","waic","1258",0.506666666666667,0.689402318013636,0.523756176113916,0.464519580591513
60,300,"equal","hbi","1258",0.85,0.848854262959539,0.842332316788839,0.839503189362973
60,300,"extreme","bf_ps","1258",0.876666666666667,0.878976697061803,0.794952596423185,0.804292532863962
60,300,"extreme","psis","1258",0.743333333333333,0.690207459207459,0.51882308867603,0.668028026565224
60,300,"extreme","waic","1258",0.726666666666667,0.672395979612004,0.493947229241347,0.647502586976886
60,300,"extreme","hbi","1258",0.843333333333333,0.846985204947854,0.7604038118744,0.760533492783231
120,300,"equal","bf_ps","1258",0.853333333333333,0.89646960005169,0.84516240518793,0.850249675330939
120,300,"equal","psis","1258",0.543333333333333,0.70637630010335,0.549020899960046,0.503054192724307
120,300,"equal","waic","1258",0.526666666666667,0.69673670756563,0.537346540637603,0.502489420732402
120,300,"equal","hbi","1258",0.816666666666667,0.853724347027918,0.812541487314601,0.808800793725259
120,300,"extreme","bf_ps","1258",0.9,0.868612006205991,0.817215776027251,0.82672182032055
120,300,"extreme","psis","1258",0.746666666666667,0.650284205731014,0.503243204882549,0.63033213530675
120,300,"extreme","waic","1258",0.793333333333333,0.751623945460041,0.588418582783337,0.661045845371467
120,300,"extreme","hbi","1258",0.853333333333333,0.826816423635275,0.754526382087857,0.761082078645093
60,150,"equal","bf_ps","1259",0.846666666666667,0.860817890374541,0.855856168554378,0.853500751017182
60,150,"equal","psis","1259",0.546666666666667,0.697727272727273,0.515405684012736,0.487502421508182
60,150,"equal","waic","1259",0.54,0.64973544973545,0.503413887294048,0.535168919943279
60,150,"equal","hbi","1259",0.833333333333333,0.861748048844823,0.845367190354403,0.839395245277598
60,150,"extreme","bf_ps","1259",0.9,0.86771853877117,0.795018007202881,0.817701777985996
60,150,"extreme","psis","1259",0.733333333333333,0.725811688311688,0.548834751291821,0.607077306596537
60,150,"extreme","waic","1259",0.693333333333333,0.696419321419321,0.466647528576648,0.53515367095851
60,150,"extreme","hbi","1259",0.813333333333333,0.656463675213675,0.563325330132053,0.773857586512866
120,150,"equal","bf_ps","1259",0.826666666666667,0.861468829956225,0.828339788866105,0.826278014579651
120,150,"equal","psis","1259",0.58,0.708881196629732,0.578149920255183,0.539373194851235
120,150,"equal","waic","1259",0.56,0.691638282241368,0.556458787661795,0.530762654006533
120,150,"equal","hbi","1259",0.733333333333333,0.747194072136864,0.72061512005121,0.689736031578937
120,150,"extreme","bf_ps","1259",0.933333333333333,0.90793023401719,0.879341210168278,0.883589395517377
120,150,"extreme","psis","1259",0.693333333333333,0.717649017649018,0.53051052957068,0.681309098777453
120,150,"extreme","waic","1259",0.693333333333333,0.711111111111111,0.519435764736517,0.669776203328835
120,150,"extreme","hbi","1259",0.846666666666667,0.869205622752534,0.800715262181428,0.780310960395796
60,300,"equal","bf_ps","1259",0.843333333333333,0.887678202185058,0.852467860754008,0.849428246132175
60,300,"equal","psis","1259",0.563333333333333,0.731098786980232,0.545214811910608,0.48831187156253
60,300,"equal","waic","1259",0.55,0.715582622577224,0.531451166917728,0.491006166988846
60,300,"equal","hbi","1259",0.743333333333333,0.708681726918809,0.74698303790677,0.833355357837857
60,300,"extreme","bf_ps","1259",0.903333333333333,0.883917066205407,0.826530612244898,0.83490593324774
60,300,"extreme","psis","1259",0.716666666666667,0.743035572647682,0.531517646931181,0.602562242903634
60,300,"extreme","waic","1259",0.686666666666667,0.709373756920927,0.475383263353188,0.547655059343471
60,300,"extreme","hbi","1259",0.85,0.854063644688645,0.76515693996897,0.740020258453438
120,300,"equal","bf_ps","1259",0.86,0.901481145573853,0.860450026164312,0.862043342630254
120,300,"equal","psis","1259",0.55,0.718199446774757,0.550896108722196,0.483420472456533
120,300,"equal","waic","1259",0.533333333333333,0.706277034504718,0.538299395566476,0.482613349828558
120,300,"equal","hbi","1259",0.773333333333333,0.832001089958383,0.775447409733124,0.758721264742605
120,300,"extreme","bf_ps","1259",0.94,0.889757360010336,0.880688085381452,0.878804863460893
120,300,"extreme","psis","1259",0.753333333333333,0.672780156903977,0.556350428878589,0.675035108765591
120,300,"extreme","waic","1259",0.756666666666667,0.674829319135482,0.547419851737749,0.670080415171558
120,300,"extreme","hbi","1259",0.903333333333333,0.869454011991325,0.821482439129498,0.818652171996287
60,150,"equal","bf_ps","1260",0.866666666666667,0.902236652236652,0.866605644546148,0.864028675968766
60,150,"equal","psis","1260",0.533333333333333,0.698165869218501,0.542445710549666,0.502280218144818
60,150,"equal","waic","1260",0.52,0.677006009190527,0.517881972010772,0.465149485354089
60,150,"equal","hbi","1260",0.78,0.713461142032571,0.766370584847211,0.848496119772716
60,150,"extreme","bf_ps","1260",0.886666666666667,0.874891774891775,0.799267399267399,0.801866056672418
60,150,"extreme","psis","1260",0.766666666666667,0.678429027113238,0.514874321081218,0.654941636361444
60,150,"extreme","waic","1260",0.786666666666667,0.699734688658739,0.526217001389415,0.672085650932467
60,150,"extreme","hbi","1260",0.833333333333333,0.848564022383147,0.730695970695971,0.704323308270677
120,150,"equal","bf_ps","1260",0.853333333333333,0.909221005475361,0.857353955568241,0.860724398455034
120,150,"equal","psis","1260",0.5,0.656371406371406,0.497859154303254,0.530546899203616
120,150,"equal","waic","1260",0.533333333333333,0.718806515235087,0.527661874466386,0.502899901728942
120,150,"equal","hbi","1260",0.793333333333333,0.884852854185152,0.808804161676832,0.801475300066849
120,150,"extreme","bf_ps","1260",0.92,0.922962454212454,0.841666666666667,0.870105487907346
120,150,"extreme","psis","1260",0.706666666666667,0.613540163540163,0.46373507444936,0.586875715945483
120,150,"extreme","waic","1260",0.706666666666667,0.672808800395007,0.504860615574901,0.564318783068783
120,150,"extreme","hbi","1260",0.893333333333333,0.917545787545788,0.803571428571429,0.834540647978037
60,300,"equal","bf_ps","1260",0.82,0.864999160545577,0.825931920156844,0.824773827511442
60,300,"equal","psis","1260",0.516666666666667,0.701713174721365,0.516252911464096,0.48189901444185
60,300,"equal","waic","1260",0.48,0.693546662473465,0.477899680217077,0.432367271277812
60,300,"equal","hbi","1260",0.77,0.82677693955295,0.781429083900688,0.765951439864483
60,300,"extreme","bf_ps","1260",0.886666666666667,0.854609038963193,0.78390847711928,0.799929040915595
60,300,"extreme","psis","1260",0.716666666666667,0.603811677452982,0.467043366729939,0.590198642244547
60,300,"extreme","waic","1260",0.696666666666667,0.593935909892403,0.440258441994239,0.55853942082778
60,300,"extreme","hbi","1260",0.823333333333333,0.812720982486211,0.710436362017905,0.698515375533943
120,300,"equal","bf_ps","1260",0.85,0.905189986953686,0.845810130031135,0.850348097513988
120,300,"equal","psis","1260",0.546666666666667,0.733758160211618,0.549825062493057,0.50565059788381
120,300,"equal","waic","1260",0.536666666666667,0.734850580206762,0.541694230414987,0.503081486270283
120,300,"equal","hbi","1260",0.816666666666667,0.868822241540294,0.820092440172082,0.817527182962968
120,300,"extreme","bf_ps","1260",0.92,0.885167879695923,0.842012288786482,0.857526607547658
120,300,"extreme","psis","1260",0.753333333333333,0.653289261064461,0.49772313849139,0.627020934423104
120,300,"extreme","waic","1260",0.716666666666667,0.676347852863551,0.490548953027731,0.537589118835395
120,300,"extreme","hbi","1260",0.886666666666667,0.875915750915751,0.79844470046083,0.820261545764223
60,150,"equal","bf_ps","1261",0.873333333333333,0.904231032802461,0.86478288633461,0.872907990175542
60,150,"equal","psis","1261",0.593333333333333,0.70715811965812,0.568689563948185,0.600558826210276
60,150,"equal","waic","1261",0.58,0.693827651019145,0.563530833789454,0.57918846111303
60,150,"equal","hbi","1261",0.846666666666667,0.904052688728768,0.835780423280423,0.833709509444803
60,150,"extreme","bf_ps","1261",0.96,0.930952380952381,0.909340659340659,0.903652765454008
60,150,"extreme","psis","1261",0.793333333333333,0.678888888888889,0.58050283050283,0.692697466467958
60,150,"extreme","waic","1261",0.753333333333333,0.655420666290232,0.546037296037296,0.635138274888582
60,150,"extreme","hbi","1261",0.9,0.890896543070456,0.824481074481074,0.774747474747475
120,150,"equal","bf_ps","1261",0.853333333333333,0.909216857474697,0.842456520088099,0.852456912352595
120,150,"equal","psis","1261",0.586666666666667,0.727484594535286,0.581210728842308,0.569277122364386
120,150,"equal","waic","1261",0.64,0.750216674537232,0.631577175261386,0.63422454253019
120,150,"equal","hbi","1261",0.833333333333333,0.86952781112445,0.824649882281461,0.833138476578588
120,150,"extreme","bf_ps","1261",0.946666666666667,0.943127321850726,0.904761904761905,0.921095605567655
120,150,"extreme","psis","1261",0.806666666666667,0.784537684537685,0.656395891690009,0.739444444444444
120,150,"extreme","waic","1261",0.813333333333333,0.782523967712795,0.638468720821662,0.732455933455981
120,150,"extreme","hbi","1261",0.88,0.902886002886003,0.833333333333333,0.836348413491271
60,300,"equal","bf_ps","1261",0.85,0.896372672870369,0.841471615673296,0.851772926820683
60,300,"equal","psis","1261",0.56,0.71768494438183,0.551300414571863,0.512764334912246
60,300,"equal","waic","1261",0.53,0.692424298879698,0.525095921460979,0.486892746504279
60,300,"equal","hbi","1261",0.776666666666667,0.803597716084636,0.761165385072948,0.745194948678888
60,300,"extreme","bf_ps","1261",0.94,0.913440918048473,0.899121599121599,0.901582105694368
60,300,"extreme","psis","1261",0.706666666666667,0.679673225727685,0.564761814761815,0.671508708352507
60,300,"extreme","waic","1261",0.726666666666667,0.66090064013804,0.529196029196029,0.645716695518387
60,300,"extreme","hbi","1261",0.883333333333333,0.876467392256866,0.822331722331722,0.813688455596816
120,300,"equal","bf_ps","1261",0.87,0.910280853806313,0.860106382978723,0.864373206195593
120,300,"equal","psis","1261",0.533333333333333,0.719587035400288,0.549358476627479,0.49356599188532
120,300,"equal","waic","1261",0.546666666666667,0.725307091092297,0.560046587667924,0.514039072409998
120,300,"equal","hbi","1261",0.83,0.870149317588671,0.806408308004053,0.809940179872323
120,300,"extreme","bf_ps","1261",0.913333333333333,0.890215023994094,0.871866848061731,0.867606732056893
120,300,"extreme","psis","1261",0.72,0.706087045570917,0.509968022585696,0.667046344538394
120,300,"extreme","waic","1261",0.713333333333333,0.683432352066607,0.503791399717919,0.645203890797819
120,300,"extreme","hbi","1261",0.84,0.84921368547419,0.796688637447619,0.779915385291729
60,150,"equal","bf_ps","1262",0.86,0.879717150017902,0.857048630422282,0.859301148471655
60,150,"equal","psis","1262",0.533333333333333,0.693885614938247,0.522276523012058,0.479872486940733
60,150,"equal","waic","1262",0.52,0.633558558558559,0.50087205906101,0.516391129954704
60,150,"equal","hbi","1262",0.753333333333333,0.748873731632352,0.742250019301343,0.713725884116192
60,150,"extreme","bf_ps","1262",0.906666666666667,0.910056390977444,0.757142857142857,0.782149478256264
60,150,"extreme","psis","1262",0.74,0.639045707915273,0.519623233908948,0.641108900661396
60,150,"extreme","waic","1262",0.753333333333333,0.634177489177489,0.55298273155416,0.66687675070028
60,150,"extreme","hbi","1262",0.886666666666667,0.830105179781904,0.731868131868132,0.83768558806922
120,150,"equal","bf_ps","1262",0.8,0.877239271003445,0.812253460824889,0.811589309787167
120,150,"equal","psis","1262",0.54,0.709711779448622,0.507244203042522,0.466874383936506
120,150,"equal","waic","1262",0.54,0.665058479532164,0.50825999397428,0.531672890669046
120,150,"equal","hbi","1262",0.786666666666667,0.873847720906544,0.803571666428809,0.798026096710307
120,150,"extreme","bf_ps","1262",0.92,0.852674610216758,0.816043083900227,0.814509672854941
120,150,"extreme","psis","1262",0.78,0.717749189683501,0.608361678004535,0.616343672865412
120,150,"extreme","waic","1262",0.806666666666667,0.736598087510866,0.595252267573696,0.632027535306224
120,150,"extreme","hbi","1262",0.893333333333333,0.84230674620257,0.77749433106576,0.779301013459736
60,300,"equal","bf_ps","1262",0.803333333333333,0.880467151895723,0.814463940315004,0.805393578643579
60,300,"equal","psis","1262",0.53,0.69639080279095,0.517177493035608,0.476588298367628
60,300,"equal","waic","1262",0.49,0.676268602436908,0.47783650644047,0.437114812573373
60,300,"equal","hbi","1262",0.733333333333333,0.770330877494384,0.74806212908952,0.715850190635775
60,300,"extreme","bf_ps","1262",0.926666666666667,0.932452071737786,0.793245341614907,0.826114806912191
60,300,"extreme","psis","1262",0.766666666666667,0.681064771192959,0.531276129014665,0.561983828042059
60,300,"extreme","waic","1262",0.78,0.623010593742301,0.52711303711535,0.649564651003584
60,300,"extreme","hbi","1262",0.88,0.746170463472113,0.683928571428571,0.795584045584046
120,300,"equal","bf_ps","1262",0.82,0.901978792685981,0.822789115646258,0.824877634571259
120,300,"equal","psis","1262",0.583333333333333,0.734965795798859,0.567559063565703,0.533396116185649
120,300,"equal","waic","1262",0.576666666666667,0.736310843627917,0.562066640766049,0.525716350410549
120,300,"equal","hbi","1262",0.766666666666667,0.85019520851819,0.777482872581657,0.773346397178783
120,300,"extreme","bf_ps","1262",0.896666666666667,0.850443098529512,0.786474233397006,0.784764736229174
120,300,"extreme","psis","1262",0.733333333333333,0.699456908831909,0.509502965495396,0.54900871700433
120,300,"extreme","waic","1262",0.72,0.684444937490353,0.491811038200738,0.539186166950883
120,300,"extreme","hbi","1262",0.86,0.839614512471655,0.732450238295486,0.723726365919057
60,150,"equal","bf_ps","1263",0.833333333333333,0.865986394557823,0.835109335109335,0.829956027630446
60,150,"equal","psis","1263",0.54,0.722328325269502,0.558386058386058,0.527667306238735
60,150,"equal","waic","1263",0.533333333333333,0.715940542745928,0.55000555000555,0.511206713146368
60,150,"equal","hbi","1263",0.706666666666667,0.657561486132915,0.721500721500722,0.790147050594681
60,150,"extreme","bf_ps","1263",0.913333333333333,0.905667366341524,0.860902255639098,0.865034013605442
60,150,"extreme","psis","1263",0.793333333333333,0.731301233013562,0.586233967271119,0.742240117841303
60,150,"extreme","waic","1263",0.74,0.672825396825397,0.522438449063836,0.661123086430328
60,150,"extreme","hbi","1263",0.853333333333333,0.879957502451782,0.794799498746867,0.770184425666958
120,150,"equal","bf_ps","1263",0.846666666666667,0.869461697722567,0.837112622826909,0.832163882101304
120,150,"equal","psis","1263",0.553333333333333,0.694974751223367,0.590905327648301,0.532455815211118
120,150,"equal","waic","1263",0.593333333333333,0.699087977192125,0.615244277787743,0.580938523174548
120,150,"equal","hbi","1263",0.786666666666667,0.840723969013443,0.739092859365969,0.721514679409416
120,150,"extreme","bf_ps","1263",0.893333333333333,0.854545454545454,0.789575830332133,0.810235818465317
120,150,"extreme","psis","1263",0.733333333333333,0.67479524979525,0.470270547243288,0.63144375949254
120,150,"extreme","waic","1263",0.673333333333333,0.643536945812808,0.419084219053475,0.578113850545016
120,150,"extreme","hbi","1263",0.846666666666667,0.852698878524264,0.73405362144858,0.745375470762468
60,300,"equal","bf_ps","1263",0.836666666666667,0.864425289143141,0.829464914930031,0.825230305666881
60,300,"equal","psis","1263",0.496666666666667,0.697129304979169,0.525213040848865,0.473051605626509
60,300,"equal","waic","1263",0.49,0.691756655561842,0.515097191371313,0.472118736277798
60,300,"equal","hbi","1263",0.806666666666667,0.850298611007132,0.789766435115272,0.784236428021656
60,300,"extreme","bf_ps","1263",0.91,0.87255538579068,0.855734005273107,0.85591153020301
60,300,"extreme","psis","1263",0.74,0.774750514863156,0.574073731854057,0.553628201365667
60,300,"extreme","waic","1263",0.733333333333333,0.764989257495488,0.544426374097261,0.533725899793125
60,300,"extreme","hbi","1263",0.846666666666667,0.837790780647924,0.777812297667909,0.771219582651362
120,300,"equal","bf_ps","1263",0.86,0.895906110191825,0.844513230824245,0.845514562553102
120,300,"equal","psis","1263",0.543333333333333,0.708826214546042,0.577722035473913,0.5180723861146
120,300,"equal","waic","1263",0.53,0.69297079511925,0.55357443453501,0.515140101836191
120,300,"equal","hbi","1263",0.796666666666667,0.78596158532319,0.762634901081397,0.739954269315537
120,300,"extreme","bf_ps","1263",0.926666666666667,0.883189807714994,0.851961646727657,0.862755909187335
120,300,"extreme","psis","1263",0.78,0.683582875858547,0.544768942059582,0.695568848228947
120,300,"extreme","waic","1263",0.77,0.660347299759064,0.523146311816263,0.668239044887614
120,300,"extreme","hbi","1263",0.866666666666667,0.850219298245614,0.781729415904293,0.771912765236562
60,150,"equal","bf_ps","1264",0.846666666666667,0.905475360876058,0.839190221543163,0.847454133168419
60,150,"equal","psis","1264",0.56,0.727577119072626,0.545695187165775,0.530837568326251
60,150,"equal","waic","1264",0.56,0.735118418687096,0.547150496562261,0.513126917850578
60,150,"equal","hbi","1264",0.753333333333333,0.742328042328042,0.745250827603769,0.838298094190718
60,150,"extreme","bf_ps","1264",0.893333333333333,0.88849045691151,0.800523286237572,0.814152848865331
60,150,"extreme","psis","1264",0.793333333333333,0.751457030623697,0.565009593581022,0.637597392727352
60,150,"extreme","waic","1264",0.753333333333333,0.708241758241758,0.512332112332112,0.591710758377425
60,150,"extreme","hbi","1264",0.873333333333333,0.87599846390169,0.786394557823129,0.791077822433321
120,150,"equal","bf_ps","1264",0.84,0.902700474129046,0.836472088835534,0.843456657121253
120,150,"equal","psis","1264",0.56,0.701347307663097,0.538496977738464,0.481517378411788
120,150,"equal","waic","1264",0.566666666666667,0.701787802840434,0.550592605463238,0.507223986230761
120,150,"equal","hbi","1264",0.82,0.887301587301587,0.811787214885954,0.806882913404653
120,150,"extreme","bf_ps","1264",0.893333333333333,0.848639455782313,0.811524609843938,0.79435817805383
120,150,"extreme","psis","1264",0.78,0.758335344325592,0.609003601440576,0.676096145245081
120,150,"extreme","waic","1264",0.773333333333333,0.694170771756979,0.537575030012005,0.672899106002554
120,150,"extreme","hbi","1264",0.853333333333333,0.836116497881204,0.756622649059624,0.720607808340728
60,300,"equal","bf_ps","1264",0.822742474916388,0.876772100735234,0.816923628755492,0.823167364569449
60,300,"equal","psis","1264",0.516666666666667,0.68963924963925,0.505232074352283,0.454979033278364
60,300,"equal","waic","1264",0.513333333333333,0.69324934161155,0.50441058167539,0.449941372207686
60,300,"equal","hbi","1264",0.766666666666667,0.857533517528762,0.760471439129976,0.75314393379295
60,300,"extreme","bf_ps","1264",0.926666666666667,0.885724785165084,0.829271137026239,0.844202011213021
60,300,"extreme","psis","1264",0.773333333333333,0.724567377382182,0.567296214653109,0.607399544899545
60,300,"extreme","waic","1264",0.79,0.732073135254129,0.573170494678708,0.615587306993065
60,300,"extreme","hbi","1264",0.89,0.866219015594823,0.782575315840622,0.768360493091225
120,300,"equal","bf_ps","1264",0.86,0.913839084891717,0.853039963039963,0.861821307992685
120,300,"equal","psis","1264",0.596666666666667,0.737262886012142,0.57775096693464,0.535831124885527
120,300,"equal","waic","1264",0.566666666666667,0.725062230618653,0.555332037576935,0.51609202310478
120,300,"equal","hbi","1264",0.806666666666667,0.864629759949957,0.79599328415655,0.791779139357417
120,300,"extreme","bf_ps","1264",0.913333333333333,0.885957198204292,0.817106869738449,0.830062657648865
120,300,"extreme","psis","1264",0.78,0.701453599191156,0.512279101502663,0.672227961432507
120,300,"extreme","waic","1264",0.763333333333333,0.679820062977958,0.496866302081818,0.642380156127021
120,300,"extreme","hbi","1264",0.87,0.839385036761612,0.742625795257374,0.841717171717172
60,150,"equal","bf_ps","1265",0.866666666666667,0.857871609278259,0.846767937944409,0.844953097518077
60,150,"equal","psis","1265",0.593333333333333,0.725698375698376,0.570295727885861,0.544640929246192
60,150,"equal","waic","1265",0.586666666666667,0.721360544217687,0.557514092485629,0.532536274272018
60,150,"equal","hbi","1265",0.733333333333333,0.67894197305962,0.734546341282584,0.809669296625818
60,150,"extreme","bf_ps","1265",0.933333333333333,0.920901817631594,0.886755579424752,0.900837742504409
60,150,"extreme","psis","1265",0.706666666666667,0.740479582146249,0.564725745950168,0.633532671032671
60,150,"extreme","waic","1265",0.733333333333333,0.74475238014521,0.573901601502249,0.655898632011425
60,150,"extreme","hbi","1265",0.84,0.811236382664954,0.755803198472371,0.75188040128332
120,150,"equal","bf_ps","1265",0.86,0.903715332286761,0.860166370896185,0.860475247572022
120,150,"equal","psis","1265",0.533333333333333,0.716569236390208,0.558251458686241,0.513991133098319
120,150,"equal","waic","1265",0.573333333333333,0.726138167388167,0.582714366378963,0.579037121880276
120,150,"equal","hbi","1265",0.813333333333333,0.831270139634801,0.793094633110161,0.790826980021847
120,150,"extreme","bf_ps","1265",0.893333333333333,0.859013605442177,0.842768411712511,0.828290324784516
120,150,"extreme","psis","1265",0.72,0.626098901098901,0.480246228926353,0.598722139315367
120,150,"extreme","waic","1265",0.733333333333333,0.61632527809743,0.484749334516415,0.601340032359549
120,150,"extreme","hbi","1265",0.806666666666667,0.816414073731147,0.76691437444543,0.70851118898738
60,300,"equal","bf_ps","1265",0.84,0.87219873396344,0.84930232241553,0.839828374386699
60,300,"equal","psis","1265",0.56,0.719114351467293,0.573784747747012,0.525514986986506
60,300,"equal","waic","1265",0.54,0.709293523806829,0.548695172751776,0.506999628929153
60,300,"equal","hbi","1265",0.753333333333333,0.686584462446531,0.751591580028238,0.826472457658078
60,300,"extreme","bf_ps","1265",0.896666666666667,0.851103633208896,0.849594441625071,0.843581780257734
60,300,"extreme","psis","1265",0.716666666666667,0.700953497011447,0.524345004836861,0.574982150142799
60,300,"extreme","waic","1265",0.7,0.628419694224656,0.483907509914316,0.62078613207345
60,300,"extreme","hbi","1265",0.836666666666667,0.82172884618705,0.776271503582905,0.75322971381588
120,300,"equal","bf_ps","1265",0.84,0.886242589765095,0.826485594259681,0.827110775572498
120,300,"equal","psis","1265",0.533333333333333,0.695043607186464,0.560555683444903,0.519077836812855
120,300,"equal","waic","1265",0.55,0.69618033634434,0.565413775248808,0.541934322986955
120,300,"equal","hbi","1265",0.78,0.756784746418893,0.751647339521094,0.723445146390591
120,300,"extreme","bf_ps","1265",0.88,0.827194044868352,0.818801679097247,0.791199949493667
120,300,"extreme","psis","1265",0.736666666666667,0.563479335195538,0.51003723889615,0.643119098881075
120,300,"extreme","waic","1265",0.743333333333333,0.548954984733748,0.49097432383395,0.631860748702343
120,300,"extreme","hbi","1265",0.85,0.817707045473524,0.793803704865013,0.75794030982502
60,150,"equal","bf_ps","1266",0.806666666666667,0.846807953950811,0.814338042909471,0.807484605533439
60,150,"equal","psis","1266",0.54,0.719413919413919,0.557713239141811,0.511707556711675
60,150,"equal","waic","1266",0.52,0.70828039089973,0.514568288854003,0.466937358970794
60,150,"equal","hbi","1266",0.753333333333333,0.847727272727273,0.764207221350078,0.7445834036836
60,150,"extreme","bf_ps","1266",0.893333333333333,0.882258700581682,0.795918367346939,0.811949426639224
60,150,"extreme","psis","1266",0.693333333333333,0.694658944658945,0.512758997980673,0.518176353800477
60,150,"extreme","waic","1266",0.653333333333333,0.629227994227994,0.458775625031783,0.510818776676319
60,150,"extreme","hbi","1266",0.866666666666667,0.86784036632061,0.751962323390895,0.750348153994563
120,150,"equal","bf_ps","1266",0.826666666666667,0.893891340319912,0.790592280390417,0.806395511619392
120,150,"equal","psis","1266",0.553333333333333,0.709691193550591,0.556103418484098,0.532313631235314
120,150,"equal","waic","1266",0.52,0.692647867866892,0.52028339482246,0.498786932932565
120,150,"equal","hbi","1266",0.78,0.882229532739737,0.747114019520852,0.752652885823241
120,150,"extreme","bf_ps","1266",0.953333333333333,0.97526283240569,0.862337662337662,0.893842665271237
120,150,"extreme","psis","1266",0.793333333333333,0.671111111111111,0.569372294372294,0.679954827780915
120,150,"extreme","waic","1266",0.806666666666667,0.675896640826873,0.551920995670996,0.66987624987625
120,150,"extreme","hbi","1266",0.92,0.951270098114758,0.808766233766234,0.85357936880121
60,300,"equal","bf_ps","1266",0.8,0.866538943786135,0.795443443334781,0.798933391695034
60,300,"equal","psis","1266",0.486666666666667,0.682737570992454,0.483425204569705,0.44429470811337
60,300,"equal","waic","1266",0.473333333333333,0.681190718416302,0.472691921894933,0.425980855575929
60,300,"equal","hbi","1266",0.756666666666667,0.834856892065582,0.758801925025329,0.748324138267747
60,300,"extreme","bf_ps","1266",0.903333333333333,0.872975586173556,0.804584965299251,0.82477663348179
60,300,"extreme","psis","1266",0.723333333333333,0.666160289044456,0.489829278078126,0.542908506807691
60,300,"extreme","waic","1266",0.703333333333333,0.588729912313624,0.441077995225461,0.561831607684801
60,300,"extreme","hbi","1266",0.853333333333333,0.798152096659559,0.722046834374023,0.715490466819603
120,300,"equal","bf_ps","1266",0.85,0.906795216464263,0.829102621785549,0.839465722204276
120,300,"equal","psis","1266",0.496666666666667,0.634359144813253,0.507270078997306,0.51919305050603
120,300,"equal","waic","1266",0.493333333333333,0.681912365061099,0.50548867537419,0.453716668274954
120,300,"equal","hbi","1266",0.786666666666667,0.861976600985222,0.769688789200984,0.759563186622683
120,300,"extreme","bf_ps","1266",0.913333333333333,0.880617655229054,0.820806396531423,0.836662877352533
120,300,"extreme","psis","1266",0.773333333333333,0.645077772922186,0.502962405206369,0.64007162441945
120,300,"extreme","waic","1266",0.746666666666667,0.686819429029473,0.542970164380056,0.594506892735596
120,300,"extreme","hbi","1266",0.873333333333333,0.85942858373562,0.75731433303936,0.743950384590779
60,150,"equal","bf_ps","1267",0.813333333333333,0.875595238095238,0.824713472989335,0.81183704002523
60,150,"equal","psis","1267",0.506666666666667,0.653307563903963,0.500859166376408,0.535702858358964
60,150,"equal","waic","1267",0.466666666666667,0.63486979772146,0.464042726111692,0.493239474299382
60,150,"equal","hbi","1267",0.713333333333333,0.825008325008325,0.732535535983812,0.692195767195767
60,150,"extreme","bf_ps","1267",0.933333333333333,0.912619047619048,0.861135758651287,0.869409465914025
60,150,"extreme","psis","1267",0.713333333333333,0.674074074074074,0.561224489795918,0.555707900149193
60,150,"extreme","waic","1267",0.7,0.575805668016194,0.501996450754215,0.567300157033848
60,150,"extreme","hbi","1267",0.886666666666667,0.85,0.765897663413191,0.861111111111111
120,150,"equal","bf_ps","1267",0.886666666666667,0.902187370674766,0.878147925837001,0.878149847228795
120,150,"equal","psis","1267",0.54,0.706947715553387,0.574921786896577,0.511692685759655
120,150,"equal","waic","1267",0.54,0.700237262737263,0.57495270835607,0.517538046608087
120,150,"equal","hbi","1267",0.826666666666667,0.87208519771545,0.795421501934107,0.76333307425205
120,150,"extreme","bf_ps","1267",0.906666666666667,0.847675736961451,0.786324786324786,0.808794162826421
120,150,"extreme","psis","1267",0.726666666666667,0.696287121763596,0.556902248078719,0.591539256254446
120,150,"extreme","waic","1267",0.706666666666667,0.680650684931507,0.542616533793004,0.567235879115316
120,150,"extreme","hbi","1267",0.846666666666667,0.766949827871988,0.693650793650794,0.780655528859687
60,300,"equal","bf_ps","1267",0.826666666666667,0.878584151950758,0.831180191070684,0.825272110415157
60,300,"equal","psis","1267",0.55,0.707384244020189,0.557724278958724,0.510862273575706
60,300,"equal","waic","1267",0.533333333333333,0.707622185935439,0.539154373579461,0.47345585403776
60,300,"equal","hbi","1267",0.76,0.844645396249919,0.773440021832257,0.742186161981104
60,300,"extreme","bf_ps","1267",0.926666666666667,0.898175657497691,0.822943722943723,0.832912392004977
60,300,"extreme","psis","1267",0.76,0.751022720753045,0.556828487296476,0.518762569145529
60,300,"extreme","waic","1267",0.713333333333333,0.66658461966871,0.494427725886939,0.515234095271626
60,300,"extreme","hbi","1267",0.893333333333333,0.864862293760627,0.769722434428317,0.758393567637265
120,300,"equal","bf_ps","1267",0.866666666666667,0.897789115646259,0.867326303625596,0.862219489467836
120,300,"equal","psis","1267",0.553333333333333,0.713441759846899,0.56866781090596,0.507553293780607
120,300,"equal","waic","1267",0.556666666666667,0.712109112716713,0.570593050162431,0.5260303429558
120,300,"equal","hbi","1267",0.763333333333333,0.837930043812397,0.761022508093227,0.734506733055463
120,300,"extreme","bf_ps","1267",0.92,0.876982685822465,0.838871765715084,0.847114845938375
120,300,"extreme","psis","1267",0.703333333333333,0.68506217923411,0.492646178706087,0.534394607860756
120,300,"extreme","waic","1267",0.71,0.662804562888251,0.462497755700521,0.507701682119491
120,300,"extreme","hbi","1267",0.866666666666667,0.862773526647872,0.762974544656572,0.749231863410613
60,150,"equal","bf_ps","1268",0.826666666666667,0.867873816193144,0.83842627960275,0.82531012404962
60,150,"equal","psis","1268",0.553333333333333,0.708976273436204,0.560333997122422,0.515252459071922
60,150,"equal","waic","1268",0.526666666666667,0.697925479595276,0.524506920972765,0.485805931416637
60,150,"equal","hbi","1268",0.746666666666667,0.697408963585434,0.749527275381165,0.823236399892537
60,150,"extreme","bf_ps","1268",0.906666666666667,0.908368519821722,0.80952380952381,0.82357880701439
60,150,"extreme","psis","1268",0.7,0.697850790513834,0.525309591824255,0.558382085126271
60,150,"extreme","waic","1268",0.7,0.621939534434463,0.503030711459047,0.616579639599774
60,150,"extreme","hbi","1268",0.82,0.805870496346687,0.731668781987203,0.700341136454582
120,150,"equal","bf_ps","1268",0.786666666666667,0.868219433006018,0.791125541125541,0.786266742124128
120,150,"equal","psis","1268",0.533333333333333,0.704446454446454,0.52444260000651,0.485486481403701
120,150,"equal","waic","1268",0.54,0.660091747591748,0.531111056862937,0.570202515336543
120,150,"equal","hbi","1268",0.733333333333333,0.822067334839074,0.736626468769326,0.710929608263677
120,150,"extreme","bf_ps","1268",0.946666666666667,0.911851257356875,0.916550882068123,0.899474335188621
120,150,"extreme","psis","1268",0.706666666666667,0.743219509936152,0.633740684602754,0.558440798506897
120,150,"extreme","waic","1268",0.746666666666667,0.754161550434842,0.649203191444571,0.586634909805641
120,150,"extreme","hbi","1268",0.9,0.883540372670807,0.854737695254937,0.823767149317828
60,300,"equal","bf_ps","1268",0.823333333333333,0.878225748402981,0.829624230644639,0.827190913310948
60,300,"equal","psis","1268",0.55,0.72875516587704,0.550885312532898,0.509912112165202
60,300,"equal","waic","1268",0.513333333333333,0.705600575305009,0.512751043726653,0.46937083114253
60,300,"equal","hbi","1268",0.73,0.689791266497943,0.736572916513185,0.81609287561444
60,300,"extreme","bf_ps","1268",0.9,0.856235168936565,0.820553221288515,0.827372301816154
60,300,"extreme","psis","1268",0.7,0.634665832998102,0.525185074029612,0.636993020389015
60,300,"extreme","waic","1268",0.68,0.608833107639462,0.496473589435774,0.605118839211303
60,300,"extreme","hbi","1268",0.856666666666667,0.863329507728202,0.771233493397359,0.761752120711658
120,300,"equal","bf_ps","1268",0.826666666666667,0.896639690358902,0.819858541287113,0.825419279005017
120,300,"equal","psis","1268",0.546666666666667,0.71625787492442,0.540618647285754,0.488176393595402
120,300,"equal","waic","1268",0.536666666666667,0.716761974411668,0.531189926439034,0.499702566704486
120,300,"equal","hbi","1268",0.773333333333333,0.851922046495549,0.770837685275375,0.766855106487639
120,300,"extreme","bf_ps","1268",0.933333333333333,0.891874731874732,0.848835688121402,0.861948834578888
120,300,"extreme","psis","1268",0.763333333333333,0.644988127882258,0.534626785823913,0.656095916514605
120,300,"extreme","waic","1268",0.746666666666667,0.615689410426252,0.504505121773677,0.617262592720373
120,300,"extreme","hbi","1268",0.873333333333333,0.851269646769257,0.759994694052954,0.757661413970884
60,150,"equal","bf_ps","1269",0.82,0.881401471157569,0.835003232062056,0.8281290138433
60,150,"equal","psis","1269",0.56,0.706425987675988,0.552026708119145,0.514058618976652
60,150,"equal","waic","1269",0.513333333333333,0.694387755102041,0.505942633463642,0.454790067839641
60,150,"equal","hbi","1269",0.76,0.833803986710963,0.779713423831071,0.75096381662144
60,150,"extreme","bf_ps","1269",0.913333333333333,0.857960900040971,0.875595238095238,0.852409593860371
60,150,"extreme","psis","1269",0.693333333333333,0.680019305019305,0.55374149659864,0.587605042016807
60,150,"extreme","waic","1269",0.72,0.628650994575045,0.516624149659864,0.619234185169669
60,150,"extreme","hbi","1269",0.86,0.825137729776905,0.813392857142857,0.86242656101274
120,150,"equal","bf_ps","1269",0.84,0.892617046818727,0.840582667849749,0.8375752926959
120,150,"equal","psis","1269",0.6,0.737433003504432,0.608779462732696,0.567819767053371
120,150,"equal","waic","1269",0.626666666666667,0.739417989417989,0.630363275745081,0.605232961108972
120,150,"equal","hbi","1269",0.82,0.868683837171232,0.825018181185518,0.804083542809995
120,150,"extreme","bf_ps","1269",0.913333333333333,0.904081632653061,0.808823529411765,0.819338787251602
120,150,"extreme","psis","1269",0.693333333333333,0.607241351484773,0.490484011786533,0.49949494949495
120,150,"extreme","waic","1269",0.7,0.602923447860157,0.483925570228091,0.488369396815662
120,150,"extreme","hbi","1269",0.88,0.888741083477926,0.75735294117647,0.763370009443549
60,300,"equal","bf_ps","1269",0.83,0.878398482918787,0.832034741463457,0.830043211562076
60,300,"equal","psis","1269",0.506666666666667,0.693059410852615,0.507771928586604,0.453288992422731
60,300,"equal","waic","1269",0.48,0.679765204049611,0.481865186909965,0.424209846422054
60,300,"equal","hbi","1269",0.773333333333333,0.826927429623193,0.775370807390885,0.748321350209901
60,300,"extreme","bf_ps","1269",0.91,0.886935433486765,0.859473909054821,0.854805016673258
60,300,"extreme","psis","1269",0.73,0.737180326889312,0.516072917667645,0.572160384013805
60,300,"extreme","waic","1269",0.723333333333333,0.692140330933434,0.512003609101356,0.639330706103602
60,300,"extreme","hbi","1269",0.856666666666667,0.832177973373987,0.787804310983034,0.863700842951043
120,300,"equal","bf_ps","1269",0.873333333333333,0.903978383258551,0.874536833760989,0.872738235069577
120,300,"equal","psis","1269",0.543333333333333,0.707040816326531,0.542714214546748,0.504415567987477
120,300,"equal","waic","1269",0.55,0.711012371775448,0.553090382752389,0.525138090166747
120,300,"equal","hbi","1269",0.83,0.875168941334355,0.828540803213463,0.817133454125935
120,300,"extreme","bf_ps","1269",0.94,0.902234884604075,0.879116961469903,0.87934977503601
120,300,"extreme","psis","1269",0.716666666666667,0.657343647555912,0.541331665533346,0.646905155883251
120,300,"extreme","waic","1269",0.693333333333333,0.687627329710663,0.516695993082548,0.524492797161071
120,300,"extreme","hbi","1269",0.926666666666667,0.896140340194049,0.862030126736009,0.862015068634312
60,150,"equal","bf_ps","1270",0.853333333333333,0.855224867724868,0.83340727595386,0.832828846133986
60,150,"equal","psis","1270",0.546666666666667,0.686379882922436,0.570263690760585,0.526538245852321
60,150,"equal","waic","1270",0.526666666666667,0.672942413505027,0.553995176665984,0.498415302935566
60,150,"equal","hbi","1270",0.733333333333333,0.730487412356247,0.716067162651014,0.681782107736023
60,150,"extreme","bf_ps","1270",0.92,0.91992408557626,0.857743097238896,0.882164401771531
60,150,"extreme","psis","1270",0.766666666666667,0.789007129194923,0.607643057222889,0.698251448251448
60,150,"extreme","waic","1270",0.76,0.755534188034188,0.557923169267707,0.636185200078839
60,150,"extreme","hbi","1270",0.873333333333333,0.885201863354037,0.798919567827131,0.804098357540073
120,150,"equal","bf_ps","1270",0.88,0.883124018838305,0.853582485625829,0.862067608405369
120,150,"equal","psis","1270",0.573333333333333,0.722211122211122,0.581560815493772,0.559570079539746
120,150,"equal","waic","1270",0.606666666666667,0.735794030530873,0.597003778321169,0.590387087143735
120,150,"equal","hbi","1270",0.84,0.867516012252854,0.811358871033794,0.820025446075866
120,150,"extreme","bf_ps","1270",0.886666666666667,0.888725490196078,0.837336473050759,0.850770463396001
120,150,"extreme","psis","1270",0.713333333333333,0.683004427577483,0.502728705893263,0.663949066906195
120,150,"extreme","waic","1270",0.733333333333333,0.695612964776179,0.508153660685306,0.675961504477177
120,150,"extreme","hbi","1270",0.813333333333333,0.854210602340026,0.761486132914704,0.760572760572761
60,300,"equal","bf_ps","1270",0.87,0.891365418388124,0.85936704181385,0.859116972648106
60,300,"equal","psis","1270",0.55,0.723991355740448,0.588638397431276,0.511768414042251
60,300,"equal","waic","1270",0.51,0.697812733754288,0.547513586506205,0.475543974229069
60,300,"equal","hbi","1270",0.853333333333333,0.877047893558432,0.839041614345566,0.838929815395333
60,300,"extreme","bf_ps","1270",0.916666666666667,0.899911268855368,0.840362811791383,0.856785225726345
60,300,"extreme","psis","1270",0.726666666666667,0.732354268538479,0.547451963241437,0.588755320516239
60,300,"extreme","waic","1270",0.733333333333333,0.739448302026956,0.534116242988423,0.586304667820771
60,300,"extreme","hbi","1270",0.856666666666667,0.86978306774162,0.773813104189044,0.76953796756281
120,300,"equal","bf_ps","1270",0.892976588628763,0.895378366400324,0.884588625660054,0.885250412259118
120,300,"equal","psis","1270",0.57,0.72682988210606,0.5836254564187,0.537825311769438
120,300,"equal","waic","1270",0.59,0.72424115879861,0.598209575841748,0.579192877721168
120,300,"equal","hbi","1270",0.803333333333333,0.833566790352505,0.790519179699852,0.783069671178888
120,300,"extreme","bf_ps","1270",0.913333333333333,0.886674306771159,0.847100542344597,0.851230500513358
120,300,"extreme","psis","1270",0.74,0.696553873140393,0.524429118505393,0.663671749882361
120,300,"extreme","waic","1270",0.743333333333333,0.740749066611136,0.536421957864459,0.576751479746062
120,300,"extreme","hbi","1270",0.86,0.850777314928258,0.78219798557721,0.763784325574673
60,150,"equal","bf_ps","1271",0.846666666666667,0.862365947083555,0.840709109730849,0.839988363766559
60,150,"equal","psis","1271",0.56,0.70895473574045,0.519857738879478,0.492468892529004
60,150,"equal","waic","1271",0.566666666666667,0.709585253456221,0.520675701110484,0.499913748243486
60,150,"equal","hbi","1271",0.806666666666667,0.832752335383914,0.807422046552481,0.803570892865241
60,150,"extreme","bf_ps","1271",0.92,0.933693907460395,0.855309396485867,0.870295525710808
60,150,"extreme","psis","1271",0.733333333333333,0.700476844910878,0.528293389237302,0.692887970276322
60,150,"extreme","waic","1271",0.733333333333333,0.6951221001221,0.516069429886119,0.683525017355797
60,150,"extreme","hbi","1271",0.893333333333333,0.916748126425546,0.803361344537815,0.923167633546934
120,150,"equal","bf_ps","1271",0.793333333333333,0.818448411305554,0.790737347570607,0.792111776244199
120,150,"equal","psis","1271",0.52,0.702372371873651,0.505796552030423,0.475259126650285
120,150,"equal","waic","1271",0.513333333333333,0.690936477506955,0.495012238304933,0.471390062334459
120,150,"equal","hbi","1271",0.773333333333333,0.846908939014202,0.772845980497462,0.767785029644612
120,150,"extreme","bf_ps","1271",0.906666666666667,0.909465534465534,0.827891156462585,0.845461628042303
120,150,"extreme","psis","1271",0.72,0.75133729106608,0.548982798986541,0.621174794040648
120,150,"extreme","waic","1271",0.746666666666667,0.753930097680098,0.543302936680172,0.626788529505921
120,150,"extreme","hbi","1271",0.86,0.870535714285714,0.764945496270797,0.869960964049634
60,300,"equal","bf_ps","1271",0.838926174496644,0.852682908815863,0.842128203234114,0.838413096232645
60,300,"equal","psis","1271",0.53,0.701716607489391,0.516624558079672,0.486183614892886
60,300,"equal","waic","1271",0.523333333333333,0.703439260192589,0.497382994025254,0.460702677739286
60,300,"equal","hbi","1271",0.753333333333333,0.783927091340548,0.758499398495698,0.74124828499667
60,300,"extreme","bf_ps","1271",0.886666666666667,0.890173045345459,0.798763971071663,0.818661523606687
60,300,"extreme","psis","1271",0.703333333333333,0.747937304560617,0.517609142993758,0.51440663046111
60,300,"extreme","waic","1271",0.7,0.746765645701816,0.514428477505401,0.509905758381031
60,300,"extreme","hbi","1271",0.85,0.871299871299871,0.76126301049378,0.769595281057001
120,300,"equal","bf_ps","1271",0.836666666666667,0.898160787649778,0.838632701884582,0.842649447075668
120,300,"equal","psis","1271",0.556666666666667,0.73200773460069,0.543043892198028,0.49561611829158
120,300,"equal","waic","1271",0.553333333333333,0.730839332657136,0.537872684959151,0.502864549678514
120,300,"equal","hbi","1271",0.803333333333333,0.86170442442232,0.806069557009407,0.809029059961853
120,300,"extreme","bf_ps","1271",0.916666666666667,0.885115409800284,0.818094954372172,0.842376092376092
120,300,"extreme","psis","1271",0.7,0.620381504404493,0.467904086128006,0.59875114054351
120,300,"extreme","waic","1271",0.67,0.600224109459778,0.444103331940511,0.55749555967696
120,300,"extreme","hbi","1271",0.883333333333333,0.856905041883483,0.758571144848363,0.765795467272718
60,150,"equal","bf_ps","1272",0.833333333333333,0.863886424134871,0.8352619901007,0.829714592060499
60,150,"equal","psis","1272",0.526666666666667,0.727982482633645,0.539490765918336,0.517155737855691
60,150,"equal","waic","1272",0.52,0.725943646996279,0.527535065763878,0.503943355119826
60,150,"equal","hbi","1272",0.726666666666667,0.704476594455386,0.768391994478951,0.83793809768386
60,150,"extreme","bf_ps","1272",0.906666666666667,0.918591950218456,0.85485103132162,0.871908150692067
60,150,"extreme","psis","1272",0.793333333333333,0.76284907902555,0.69298628542326,0.77066289874509
60,150,"extreme","waic","1272",0.76,0.690120307553143,0.533479125916101,0.699593969249142
60,150,"extreme","hbi","1272",0.873333333333333,0.898373542965573,0.816135545127142,0.823078966044
120,150,"equal","bf_ps","1272",0.826666666666667,0.874263038548753,0.826148251062439,0.814181868565886
120,150,"equal","psis","1272",0.54,0.693983493983494,0.562444608993063,0.544631741244254
120,150,"equal","waic","1272",0.58,0.707782701532702,0.590262846047174,0.588258205597315
120,150,"equal","hbi","1272",0.766666666666667,0.677726574500768,0.759450990110372,0.822902530754559
120,150,"extreme","bf_ps","1272",0.893333333333333,0.897051503528241,0.810526315789474,0.830750965117542
120,150,"extreme","psis","1272",0.693333333333333,0.692637435090995,0.470314453918626,0.537716426005017
120,150,"extreme","waic","1272",0.706666666666667,0.738398415393322,0.507358362391106,0.532920248972503
120,150,"extreme","hbi","1272",0.86,0.881829840369883,0.772932330827068,0.777534809910586
60,300,"equal","bf_ps","1272",0.79,0.849898177219606,0.804911923860148,0.792191367437721
60,300,"equal","psis","1272",0.516666666666667,0.705088724452992,0.531007646582909,0.494391497340993
60,300,"equal","waic","1272",0.513333333333333,0.706668646668647,0.521633192910736,0.48978325998101
60,300,"equal","hbi","1272",0.733333333333333,0.782517006802721,0.745360433311097,0.717249241352864
60,300,"extreme","bf_ps","1272",0.9,0.900798770665746,0.827735046587805,0.847241924775282
60,300,"extreme","psis","1272",0.733333333333333,0.745430432734917,0.553106776307361,0.539387240010442
60,300,"extreme","waic","1272",0.716666666666667,0.732463389848904,0.535914444829315,0.523947925750826
60,300,"extreme","hbi","1272",0.856666666666667,0.872999669821704,0.778384397237156,0.790277002420526
120,300,"equal","bf_ps","1272",0.82,0.883306884123544,0.821060749881348,0.82001649960982
120,300,"equal","psis","1272",0.496666666666667,0.676452894562283,0.498860939724727,0.457777237927145
120,300,"equal","waic","1272",0.49,0.666005944985089,0.490142646205769,0.452907476049824
120,300,"equal","hbi","1272",0.776666666666667,0.84041376811449,0.776117966566472,0.761423614538654
120,300,"extreme","bf_ps","1272",0.923333333333333,0.904948541566683,0.831394096099978,0.855962609772639
120,300,"extreme","psis","1272",0.763333333333333,0.664818161889924,0.523723335488041,0.654080871613825
120,300,"extreme","waic","1272",0.753333333333333,0.709912634408602,0.528718666953961,0.572518976572922
120,300,"extreme","hbi","1272",0.893333333333333,0.886516118474881,0.787330316742081,0.805545155124987
60,150,"equal","bf_ps","1273",0.853333333333333,0.910894430235862,0.851426689154884,0.861216435834376
60,150,"equal","psis","1273",0.54,0.731870312227455,0.54300530999314,0.520628578843589
60,150,"equal","waic","1273",0.546666666666667,0.750170068027211,0.545327606433083,0.516905387527859
60,150,"equal","hbi","1273",0.833333333333333,0.898535123269166,0.830627564907484,0.839508611689063
60,150,"extreme","bf_ps","1273",0.906666666666667,0.905230208025239,0.827619047619048,0.855971368167112
60,150,"extreme","psis","1273",0.766666666666667,0.74040404040404,0.568627450980392,0.650973730760965
60,150,"extreme","waic","1273",0.76,0.714804581735463,0.544621848739496,0.629779942279942
60,150,"extreme","hbi","1273",0.866666666666667,0.871133805404322,0.774761904761905,0.798123361076274
120,150,"equal","bf_ps","1273",0.913333333333333,0.913036800927267,0.911494708994709,0.911397649969079
120,150,"equal","psis","1273",0.6,0.745723546034292,0.581464646464646,0.540503692977561
120,150,"equal","waic","1273",0.6,0.737008506443722,0.589095719095719,0.56855277227948
120,150,"equal","hbi","1273",0.806666666666667,0.852356813693219,0.81781746031746,0.802274108869854
120,150,"extreme","bf_ps","1273",0.926666666666667,0.944046353032528,0.826530612244898,0.864350293100423
120,150,"extreme","psis","1273",0.726666666666667,0.638915989159892,0.464591836734694,0.60604826546003
120,150,"extreme","waic","1273",0.72,0.684688644688645,0.481753246753247,0.631482769985718
120,150,"extreme","hbi","1273",0.9,0.892404087140929,0.779387755102041,0.802833539188409
60,300,"equal","bf_ps","1273",0.876666666666667,0.907921261631038,0.885585862251878,0.883446712018141
60,300,"equal","psis","1273",0.59,0.755284526592516,0.580590618816142,0.536736723286178
60,300,"equal","waic","1273",0.573333333333333,0.749654788223322,0.564150709519089,0.518722094042019
60,300,"equal","hbi","1273",0.833333333333333,0.860600823907276,0.837367811151278,0.838743115007545
60,300,"extreme","bf_ps","1273",0.91,0.911443932411674,0.820798538851277,0.850873319346226
60,300,"extreme","psis","1273",0.766666666666667,0.69072692361178,0.537963147641502,0.695138939618561
60,300,"extreme","waic","1273",0.756666666666667,0.684429080993238,0.502280894444657,0.659894467058646
60,300,"extreme","hbi","1273",0.9,0.894226794802242,0.799223585538111,0.824008343708578
120,300,"equal","bf_ps","1273",0.86,0.902700378396973,0.860694464731732,0.863358784944727
120,300,"equal","psis","1273",0.52,0.710956376233535,0.51507802672399,0.477799626301573
120,300,"equal","waic","1273",0.526666666666667,0.714719418179061,0.519883322057235,0.476354417102706
120,300,"equal","hbi","1273",0.783333333333333,0.849330866112277,0.789370163904325,0.784252308366819
120,300,"extreme","bf_ps","1273",0.936666666666667,0.939538910151267,0.854511278195489,0.885850255419727
120,300,"extreme","psis","1273",0.753333333333333,0.723986048185067,0.535965118184881,0.598642366084952
120,300,"extreme","waic","1273",0.703333333333333,0.683942001628544,0.492525101778436,0.544220938101931
120,300,"extreme","hbi","1273",0.886666666666667,0.894038668098818,0.77353112076939,0.786402138718293
60,150,"equal","bf_ps","1274",0.833333333333333,0.864459017684824,0.83183655543904,0.828473472541269
60,150,"equal","psis","1274",0.56,0.706805813234385,0.570195298145609,0.510360440638414
60,150,"equal","waic","1274",0.566666666666667,0.714326076006369,0.570034416928827,0.511934706577301
60,150,"equal","hbi","1274",0.8,0.71981351981352,0.774161759565486,0.86071546588788
60,150,"extreme","bf_ps","1274",0.953333333333333,0.943197653098643,0.878205128205128,0.901841821079955
60,150,"extreme","psis","1274",0.766666666666667,0.701640724201395,0.676598203383918,0.709864495301544
60,150,"extreme","waic","1274",0.78,0.683775363804058,0.65037938252224,0.693832603710652
60,150,"extreme","hbi","1274",0.906666666666667,0.868884927708457,0.788461538461538,0.786204850361197
120,150,"equal","bf_ps","1274",0.833333333333333,0.893037789278391,0.835034013605442,0.828703232692465
120,150,"equal","psis","1274",0.566666666666667,0.713068181818182,0.564977101951892,0.525355091366393
120,150,"equal","waic","1274",0.58,0.716499554367201,0.57885265217198,0.554011095329623
120,150,"equal","hbi","1274",0.806666666666667,0.874860350092548,0.807823129251701,0.793995312362247
120,150,"extreme","bf_ps","1274",0.94,0.90970154069533,0.874263038548753,0.886983254840398
120,150,"extreme","psis","1274",0.733333333333333,0.656458860516832,0.524987676229912,0.641376308599539
120,150,"extreme","waic","1274",0.74,0.722440727345791,0.56931874198955,0.60826415770911
120,150,"extreme","hbi","1274",0.88,0.875217391304348,0.791043083900227,0.770877931592217
60,300,"equal","bf_ps","1274",0.85,0.882070393374741,0.849632062038077,0.851576407438964
60,300,"equal","psis","1274",0.53,0.695965330033067,0.536413667805813,0.473309931144393
60,300,"equal","waic","1274",0.51,0.680660247970156,0.517893086624698,0.464173869737748
60,300,"equal","hbi","1274",0.82,0.851280465713565,0.816346708129737,0.809765291397945
60,300,"extreme","bf_ps","1274",0.933333333333333,0.88857057974705,0.868911236625798,0.873534031191933
60,300,"extreme","psis","1274",0.756666666666667,0.725100394385107,0.562929696468751,0.611381335584309
60,300,"extreme","waic","1274",0.71,0.630404725992961,0.487878036460486,0.61110219845514
60,300,"extreme","hbi","1274",0.85,0.67162702791703,0.617478991596639,0.686283990241129
120,300,"equal","bf_ps","1274",0.85,0.89309785436653,0.839420754751765,0.847523627222289
120,300,"equal","psis","1274",0.546666666666667,0.7112573700809,0.542272274763564,0.479148706499608
120,300,"equal","waic","1274",0.543333333333333,0.709972245469203,0.542961995096141,0.486872240898161
120,300,"equal","hbi","1274",0.796666666666667,0.868694037711124,0.777213649687517,0.771059006018759
120,300,"extreme","bf_ps","1274",0.946666666666667,0.926645112440986,0.871553884711779,0.891756760555462
120,300,"extreme","psis","1274",0.77,0.723395416663871,0.556172973203084,0.596129408681012
120,300,"extreme","waic","1274",0.763333333333333,0.747961262427049,0.554453366396461,0.527164924727097
120,300,"extreme","hbi","1274",0.89,0.880220764677652,0.782031631201964,0.77542095619655
60,150,"equal","bf_ps","1275",0.826666666666667,0.86231260224448,0.842063372031612,0.832280749104104
60,150,"equal","psis","1275",0.573333333333333,0.71990231990232,0.556415806895454,0.507528832904773
60,150,"equal","waic","1275",0.56,0.664506835651,0.54018962293528,0.554472733113512
60,150,"equal","hbi","1275",0.82,0.866947466947467,0.813150932887775,0.811450592513649
60,150,"extreme","bf_ps","1275",0.886666666666667,0.895399117093646,0.813229231086374,0.829486090871621
60,150,"extreme","psis","1275",0.7,0.620041230910796,0.45252009894867,0.604876764693535
60,150,"extreme","waic","1275",0.68,0.606798756798757,0.431091527520099,0.574747578842593
60,150,"extreme","hbi","1275",0.846666666666667,0.855669537318474,0.762363430220573,0.868972729804868
120,150,"equal","bf_ps","1275",0.866666666666667,0.858988129664821,0.826764254088732,0.831449195424351
120,150,"equal","psis","1275",0.52,0.692829962173549,0.544579804626565,0.50954289101578
120,150,"equal","waic","1275",0.473333333333333,0.652831847523318,0.488526192114563,0.474333491031183
120,150,"equal","hbi","1275",0.846666666666667,0.849886621315193,0.807660160838529,0.807672311348782
120,150,"extreme","bf_ps","1275",0.86,0.827606421356421,0.774326668189847,0.790350554636269
120,150,"extreme","psis","1275",0.653333333333333,0.705022188086704,0.493634579147658,0.585610766045549
120,150,"extreme","waic","1275",0.62,0.689998563527975,0.459147436511622,0.545651596646445
120,150,"extreme","hbi","1275",0.793333333333333,0.817830340391316,0.709133924425675,0.729605542700172
60,300,"equal","bf_ps","1275",0.803333333333333,0.85037013781775,0.81043956043956,0.795562289036364
60,300,"equal","psis","1275",0.456666666666667,0.661186041213215,0.468366621558111,0.429398922955624
60,300,"equal","waic","1275",0.436666666666667,0.652914288320692,0.447913965467157,0.403166264288833
60,300,"equal","hbi","1275",0.76,0.789845650328745,0.742889055389055,0.706239502756279
60,300,"extreme","bf_ps","1275",0.91,0.907734452410095,0.836507936507937,0.857714959627634
60,300,"extreme","psis","1275",0.71,0.779361894730826,0.549844776035252,0.535991033625334
60,300,"extreme","waic","1275",0.703333333333333,0.731835601848378,0.505206698063841,0.573511656222885
60,300,"extreme","hbi","1275",0.886666666666667,0.89064856451055,0.805189255189255,0.820861427166737
120,300,"equal","bf_ps","1275",0.833333333333333,0.886215538847118,0.825926551473982,0.822750023125718
120,300,"equal","psis","1275",0.486666666666667,0.683534464205134,0.5157265301649,0.492717974216602
120,300,"equal","waic","1275",0.52,0.700648944890371,0.535519161017872,0.533023055375997
120,300,"equal","hbi","1275",0.79,0.826443397871969,0.768050979656057,0.76727689564557
120,300,"extreme","bf_ps","1275",0.913333333333333,0.902779183962742,0.834863945578231,0.854833385325897
120,300,"extreme","psis","1275",0.74,0.671054065165999,0.509712358446919,0.655732992069366
120,300,"extreme","waic","1275",0.703333333333333,0.647197936328949,0.487316212689753,0.612404152965534
120,300,"extreme","hbi","1275",0.876666666666667,0.868354485548669,0.793402885719832,0.800784274958491
60,150,"equal","bf_ps","1276",0.786666666666667,0.875754376985904,0.778861544617847,0.768110211117414
60,150,"equal","psis","1276",0.546666666666667,0.716128170075539,0.529384720395335,0.518033264792413
60,150,"equal","waic","1276",0.506666666666667,0.682942142779556,0.481418979074884,0.471599020779349
60,150,"equal","hbi","1276",0.74,0.773809523809524,0.729541816726691,0.703936893906499
60,150,"extreme","bf_ps","1276",0.893333333333333,0.881818309404516,0.819178039090297,0.835251023486318
60,150,"extreme","psis","1276",0.706666666666667,0.627283183804923,0.49678471083657,0.630275477276701
60,150,"extreme","waic","1276",0.686666666666667,0.625402399765877,0.485358571496602,0.612151808091658
60,150,"extreme","hbi","1276",0.846666666666667,0.879846344132058,0.756678039090297,0.749416057149677
120,150,"equal","bf_ps","1276",0.826666666666667,0.889916018223957,0.823526473526474,0.826598395460012
120,150,"equal","psis","1276",0.533333333333333,0.701472345920676,0.539727064915035,0.498999666012268
120,150,"equal","waic","1276",0.533333333333333,0.690217391304348,0.538572392519761,0.512373598087884
120,150,"equal","hbi","1276",0.78,0.841474973827915,0.785365824651539,0.766318977831352
120,150,"extreme","bf_ps","1276",0.946666666666667,0.925518925518926,0.880174927113703,0.89211022480058
120,150,"extreme","psis","1276",0.78,0.737967604195674,0.698566569484937,0.730677351983781
120,150,"extreme","waic","1276",0.746666666666667,0.726359898798229,0.682288629737609,0.707493028433986
120,150,"extreme","hbi","1276",0.9,0.913294252916894,0.8,0.798207282913165
60,300,"equal","bf_ps","1276",0.816666666666667,0.877224518499383,0.819841303148757,0.815322240717335
60,300,"equal","psis","1276",0.5,0.688866425507501,0.493959488136507,0.449382894202457
60,300,"equal","waic","1276",0.473333333333333,0.624066032073219,0.46610121454842,0.487712585982185
60,300,"equal","hbi","1276",0.75,0.793099971377432,0.754989400952134,0.717530168793239
60,300,"extreme","bf_ps","1276",0.913333333333333,0.927862394957983,0.819047619047619,0.852039015637278
60,300,"extreme","psis","1276",0.746666666666667,0.711141783605552,0.502725061583801,0.569009015257595
60,300,"extreme","waic","1276",0.74,0.708271897152867,0.486670950757144,0.558646933828422
60,300,"extreme","hbi","1276",0.856666666666667,0.871574779165397,0.734972170686456,0.755635355756503
120,300,"equal","bf_ps","1276",0.816666666666667,0.885884804850322,0.819254697530364,0.816980928118623
120,300,"equal","psis","1276",0.503333333333333,0.688341061713517,0.501751530682841,0.445737967368757
120,300,"equal","waic","1276",0.516666666666667,0.68800252191072,0.515584022567461,0.48029487963071
120,300,"equal","hbi","1276",0.773333333333333,0.846881045451826,0.778077620639001,0.765718087053387
120,300,"extreme","bf_ps","1276",0.926666666666667,0.913063121461768,0.849819927971188,0.866381265896664
120,300,"extreme","psis","1276",0.733333333333333,0.71027665317139,0.535362260846368,0.680996400014913
120,300,"extreme","waic","1276",0.756666666666667,0.742354190742739,0.55179579078008,0.597805831024645
120,300,"extreme","hbi","1276",0.883333333333333,0.866210739614995,0.800965023690636,0.800345122037999
60,150,"equal","bf_ps","1277",0.82,0.845523524094953,0.796756176154672,0.79711315560707
60,150,"equal","psis","1277",0.52,0.686759502955516,0.5414918632988,0.514324219998155
60,150,"equal","waic","1277",0.466666666666667,0.656977942692228,0.495812688403035,0.453094685597872
60,150,"equal","hbi","1277",0.766666666666667,0.775337306371789,0.733490870032223,0.7100148430768
60,150,"extreme","bf_ps","1277",0.906666666666667,0.87179802955665,0.815718157181572,0.831360191799752
60,150,"extreme","psis","1277",0.746666666666667,0.708825681360893,0.574645930917708,0.626925770308123
60,150,"extreme","waic","1277",0.686666666666667,0.688115560909679,0.541512977924128,0.579127420198849
60,150,"extreme","hbi","1277",0.84,0.833190654538969,0.779218942110928,0.745728617625341
120,150,"equal","bf_ps","1277",0.853333333333333,0.890779137742053,0.858939473225187,0.853041045964646
120,150,"equal","psis","1277",0.58,0.726098047914818,0.585690110502141,0.585783763956033
120,150,"equal","waic","1277",0.626666666666667,0.732631984417699,0.626013140298855,0.632160145405237
120,150,"equal","hbi","1277",0.84,0.879705215419501,0.848341090822294,0.843069733955485
120,150,"extreme","bf_ps","1277",0.933333333333333,0.892232767232767,0.908819668218164,0.879933495094251
120,150,"extreme","psis","1277",0.733333333333333,0.711248917748918,0.547053510399375,0.672547817996285
120,150,"extreme","waic","1277",0.726666666666667,0.737789225279153,0.537075914895464,0.664876498627763
120,150,"extreme","hbi","1277",0.886666666666667,0.87991718426501,0.831543143573219,0.8145029573601
60,300,"equal","bf_ps","1277",0.846666666666667,0.871514344943155,0.844079055650241,0.841145102810295
60,300,"equal","psis","1277",0.523333333333333,0.69507560530563,0.540543875439751,0.484318367738029
60,300,"equal","waic","1277",0.483333333333333,0.615711834056347,0.498566306132549,0.510826611811834
60,300,"equal","hbi","1277",0.736666666666667,0.688718118826478,0.740825142160123,0.814649204164566
60,300,"extreme","bf_ps","1277",0.9,0.843850804961341,0.864477577865002,0.830922498728451
60,300,"extreme","psis","1277",0.74,0.69268827656993,0.564776129887692,0.612677904745106
60,300,"extreme","waic","1277",0.73,0.684961356953094,0.552934810287751,0.600903239369067
60,300,"extreme","hbi","1277",0.82,0.672243125049248,0.764360644989448,0.807034967819458
120,300,"equal","bf_ps","1277",0.816666666666667,0.866278434048646,0.831219615438885,0.819419773107082
120,300,"equal","psis","1277",0.546666666666667,0.72520405761149,0.552892382329719,0.512015537627771
120,300,"equal","waic","1277",0.523333333333333,0.720626363123974,0.526390440365135,0.488130128963173
120,300,"equal","hbi","1277",0.786666666666667,0.839523978956464,0.806779204453623,0.790944012861821
120,300,"extreme","bf_ps","1277",0.933333333333333,0.900947759817136,0.871858996407552,0.874483199492022
120,300,"extreme","psis","1277",0.753333333333333,0.764429365344338,0.563256218348327,0.524849622325499
120,300,"extreme","waic","1277",0.75,0.721195457170862,0.549080934960867,0.573549168176234
120,300,"extreme","hbi","1277",0.863333333333333,0.823683341065373,0.769429594414196,0.747146291779045
60,150,"equal","bf_ps","1278",0.84,0.891156462585034,0.833235653235653,0.837121884326853
60,150,"equal","psis","1278",0.566666666666667,0.716408603879891,0.601197009618062,0.538671760570257
60,150,"equal","waic","1278",0.506666666666667,0.69154286220417,0.54236360131097,0.470074403670045
60,150,"equal","hbi","1278",0.74,0.786802721088435,0.750818070818071,0.816130771823391
60,150,"extreme","bf_ps","1278",0.913333333333333,0.860754985754986,0.819369129895446,0.823481116584565
60,150,"extreme","psis","1278",0.74,0.634184289605976,0.592805245436824,0.638343722554249
60,150,"extreme","waic","1278",0.733333333333333,0.630880230880231,0.579337231968811,0.624396399250284
60,150,"extreme","hbi","1278",0.853333333333333,0.8427624872579,0.747510189615453,0.72641043596926
120,150,"equal","bf_ps","1278",0.9,0.905242905242905,0.879434850863422,0.885596439928125
120,150,"equal","psis","1278",0.626666666666667,0.751363667153141,0.634980495694781,0.612859140749879
120,150,"equal","waic","1278",0.626666666666667,0.744697177116461,0.631152656866943,0.620188055671927
120,150,"equal","hbi","1278",0.813333333333333,0.852645338532435,0.790952380952381,0.789495477824997
120,150,"extreme","bf_ps","1278",0.953333333333333,0.940284178187404,0.910364145658263,0.921571179405788
120,150,"extreme","psis","1278",0.813333333333333,0.780448717948718,0.623522866238174,0.684335528521475
120,150,"extreme","waic","1278",0.84,0.800082041721875,0.647541755669863,0.708924980137805
120,150,"extreme","hbi","1278",0.913333333333333,0.908852888234332,0.862136158811351,0.864490527393753
60,300,"equal","bf_ps","1278",0.82,0.847768540418964,0.81335749841102,0.810945117346583
60,300,"equal","psis","1278",0.496666666666667,0.669283604914834,0.499886018846868,0.46075119629569
60,300,"equal","waic","1278",0.486666666666667,0.666585083155673,0.491008448882449,0.456003825283478
60,300,"equal","hbi","1278",0.806666666666667,0.867161199130509,0.787340708716419,0.790149330166726
60,300,"extreme","bf_ps","1278",0.933333333333333,0.90597318911455,0.858309893604011,0.876639956415431
60,300,"extreme","psis","1278",0.786666666666667,0.72415674464192,0.578529763823881,0.626682010433762
60,300,"extreme","waic","1278",0.76,0.70144437138108,0.534278069572187,0.591575723089902
60,300,"extreme","hbi","1278",0.886666666666667,0.875641025641026,0.799486364192247,0.801146831810447
120,300,"equal","bf_ps","1278",0.846666666666667,0.879751147256071,0.856405719910703,0.845860330395735
120,300,"equal","psis","1278",0.54,0.706885878551164,0.548814699996223,0.485534405737558
120,300,"equal","waic","1278",0.553333333333333,0.708279440808582,0.557719800933733,0.514298500244028
120,300,"equal","hbi","1278",0.826666666666667,0.884537343696238,0.809423834133136,0.811532061322069
120,300,"extreme","bf_ps","1278",0.933333333333333,0.914478849010869,0.879949090277408,0.891696989212059
120,300,"extreme","psis","1278",0.75,0.736294796821113,0.543201212831856,0.596391106296333
120,300,"extreme","waic","1278",0.763333333333333,0.738998604812082,0.540357157662219,0.596691612481086
120,300,"extreme","hbi","1278",0.85,0.817429704122086,0.756681530963337,0.734975770336201
60,150,"equal","bf_ps","1279",0.826666666666667,0.87359410430839,0.838775510204082,0.832726792956972
60,150,"equal","psis","1279",0.613333333333333,0.742719193143371,0.595614035087719,0.572019175436864
60,150,"equal","waic","1279",0.586666666666667,0.731763319578446,0.566630862871464,0.538913911091159
60,150,"equal","hbi","1279",0.84,0.881415343915344,0.833297529538131,0.819155354449472
60,150,"extreme","bf_ps","1279",0.946666666666667,0.925572166851237,0.88638147566719,0.897315717171925
60,150,"extreme","psis","1279",0.726666666666667,0.748480699008868,0.586823774519277,0.637341282348122
60,150,"extreme","waic","1279",0.733333333333333,0.720780809016103,0.59450759148806,0.647866305059365
60,150,"extreme","hbi","1279",0.88,0.74117730095991,0.777972493345164,0.880502857385008
120,150,"equal","bf_ps","1279",0.853333333333333,0.903025210084034,0.851257166065927,0.848214285714286
120,150,"equal","psis","1279",0.52,0.712399635074559,0.543835081775585,0.493785014751057
120,150,"equal","waic","1279",0.546666666666667,0.699148890325361,0.5693476586252,0.529207391768968
120,150,"equal","hbi","1279",0.786666666666667,0.858120276935608,0.786344507985567,0.773236717546645
120,150,"extreme","bf_ps","1279",0.933333333333333,0.899616256759114,0.878505788280224,0.885802301853666
120,150,"extreme","psis","1279",0.706666666666667,0.733592132505176,0.518391627673453,0.57156704569973
120,150,"extreme","waic","1279",0.72,0.72640673245512,0.511354329995761,0.560501732334413
120,150,"extreme","hbi","1279",0.84,0.85444171080817,0.78499615212086,0.752834467120181
60,300,"equal","bf_ps","1279",0.833333333333333,0.871327394455818,0.833729144135901,0.830972461407244
60,300,"equal","psis","1279",0.58,0.732116197433769,0.594577269405165,0.5389297994267
60,300,"equal","waic","1279",0.563333333333333,0.719270302874731,0.578415629858063,0.529713704736313
60,300,"equal","hbi","1279",0.753333333333333,0.691214345574811,0.750602671725654,0.823757749063074
60,300,"extreme","bf_ps","1279",0.9,0.879836880988955,0.815739815739816,0.828689099337827
60,300,"extreme","psis","1279",0.723333333333333,0.729917386450962,0.533397222932107,0.581095797961286
60,300,"extreme","waic","1279",0.736666666666667,0.73282351177088,0.534064643366969,0.587890670327946
60,300,"extreme","hbi","1279",0.873333333333333,0.865477154424523,0.781107781107781,0.774447886955676
120,300,"equal","bf_ps","1279",0.873333333333333,0.913852813852814,0.873975636766334,0.872422710615106
120,300,"equal","psis","1279",0.57,0.735271979564217,0.579878584200518,0.538818322802936
120,300,"equal","waic","1279",0.556666666666667,0.730192019868986,0.567140978132554,0.529049579463465
120,300,"equal","hbi","1279",0.803333333333333,0.847774526967074,0.808361376687969,0.798165876961888
120,300,"extreme","bf_ps","1279",0.93,0.894815921009312,0.879857071033542,0.875342355585885
120,300,"extreme","psis","1279",0.76,0.779676683066514,0.570272211448682,0.627500559385936
120,300,"extreme","waic","1279",0.77,0.774607434663476,0.563046757164404,0.621915841428146
120,300,"extreme","hbi","1279",0.88,0.867348436072888,0.826987718164189,0.804254078600137
60,150,"equal","bf_ps","1280",0.866666666666667,0.896243842364532,0.872795757509716,0.86681808566307
60,150,"equal","psis","1280",0.586666666666667,0.7415027605245,0.59666536942771,0.543467683724207
60,150,"equal","waic","1280",0.56,0.721334767817822,0.57004602603818,0.514441365807825
60,150,"equal","hbi","1280",0.853333333333333,0.863888029959459,0.862332331864859,0.853177793944344
60,150,"extreme","bf_ps","1280",0.906666666666667,0.850351422033344,0.867265087853323,0.82088162733324
60,150,"extreme","psis","1280",0.74,0.652929672666515,0.580538159319672,0.572177731805844
60,150,"extreme","waic","1280",0.74,0.586291486291486,0.549695052846313,0.608297258297258
60,150,"extreme","hbi","1280",0.866666666666667,0.827328248598237,0.823678422417918,0.739332764874561
120,150,"equal","bf_ps","1280",0.88,0.915413533834586,0.86525974025974,0.869711155425441
120,150,"equal","psis","1280",0.566666666666667,0.7238225842877,0.590649350649351,0.540525603132581
120,150,"equal","waic","1280",0.593333333333333,0.731010591475708,0.601601731601732,0.570698909340936
120,150,"equal","hbi","1280",0.82,0.8719508398325,0.778593073593074,0.766983313541504
120,150,"extreme","bf_ps","1280",0.933333333333333,0.941213271778056,0.854359925788497,0.873891166963312
120,150,"extreme","psis","1280",0.726666666666667,0.672129186602871,0.492848574259934,0.627951137444225
120,150,"extreme","waic","1280",0.726666666666667,0.667276572340016,0.486767105527863,0.619843522348235
120,150,"extreme","hbi","1280",0.873333333333333,0.902446390818484,0.771006102331404,0.751741298994046
60,300,"equal","bf_ps","1280",0.85,0.885575210230383,0.841144846818824,0.845374950562381
60,300,"equal","psis","1280",0.533333333333333,0.696750214500619,0.542742205117983,0.494227239623927
60,300,"equal","waic","1280",0.536666666666667,0.702697190874573,0.548082417533879,0.497284146692845
60,300,"equal","hbi","1280",0.773333333333333,0.713381101656964,0.752294123333747,0.839420208957531
60,300,"extreme","bf_ps","1280",0.936666666666667,0.921225867396139,0.870087782587783,0.887562201803149
60,300,"extreme","psis","1280",0.743333333333333,0.726743285305841,0.549579454936598,0.519004781137347
60,300,"extreme","waic","1280",0.753333333333333,0.68235943154841,0.531097936455079,0.571077170862539
60,300,"extreme","hbi","1280",0.853333333333333,0.725310245310245,0.73372520336806,0.841934554189456
120,300,"equal","bf_ps","1280",0.896666666666667,0.918877551020408,0.891528977006463,0.897170058165152
120,300,"equal","psis","1280",0.603333333333333,0.739801487943903,0.607674058386577,0.550341742895118
120,300,"equal","waic","1280",0.6,0.737716857077759,0.601483582196101,0.551707591095628
120,300,"equal","hbi","1280",0.836666666666667,0.871359182764572,0.821190451200347,0.822532334045386
120,300,"extreme","bf_ps","1280",0.94,0.900308025308025,0.876289113918803,0.878509928272493
120,300,"extreme","psis","1280",0.753333333333333,0.636629974439822,0.540890175267669,0.654947213882063
120,300,"extreme","waic","1280",0.743333333333333,0.623980350287628,0.5244724349872,0.628162703535709
120,300,"extreme","hbi","1280",0.903333333333333,0.879151870391763,0.811946710290685,0.808757756005462
60,150,"equal","bf_ps","1281",0.826666666666667,0.872541743970315,0.819007327068759,0.818713441770945
60,150,"equal","psis","1281",0.506666666666667,0.692648432216097,0.510395762330671,0.462979834791059
60,150,"equal","waic","1281",0.48,0.687236806449643,0.49456522684969,0.429449667490349
60,150,"equal","hbi","1281",0.826666666666667,0.857145789350223,0.822484580038912,0.823502050337403
60,150,"extreme","bf_ps","1281",0.933333333333333,0.887135456189165,0.792857142857143,0.821151771053249
60,150,"extreme","psis","1281",0.746666666666667,0.725976099251961,0.537248734080098,0.629788135990182
60,150,"extreme","waic","1281",0.733333333333333,0.581301443654385,0.446179223569127,0.569015114595106
60,150,"extreme","hbi","1281",0.906666666666667,0.875757575757576,0.776785714285714,0.802096932211753
120,150,"equal","bf_ps","1281",0.86,0.916512059369202,0.804166666666667,0.820795415033396
120,150,"equal","psis","1281",0.526666666666667,0.712699581120634,0.521155128718154,0.484440273629222
120,150,"equal","waic","1281",0.546666666666667,0.714175312235657,0.556238050775866,0.52136629256016
120,150,"equal","hbi","1281",0.833333333333333,0.897959183673469,0.756547619047619,0.751356012408644
120,150,"extreme","bf_ps","1281",0.926666666666667,0.892115599411203,0.85,0.849481658692185
120,150,"extreme","psis","1281",0.74,0.681087719298246,0.547517999242137,0.647380670315086
120,150,"extreme","waic","1281",0.76,0.770632651287784,0.573872679045093,0.565019677708327
120,150,"extreme","hbi","1281",0.846666666666667,0.830978798878073,0.755507136541619,0.815231507622812
60,300,"equal","bf_ps","1281",0.84,0.873819638213344,0.820338896423757,0.825642797950827
60,300,"equal","psis","1281",0.513333333333333,0.683689013048619,0.52666950106453,0.468145800972703
60,300,"equal","waic","1281",0.483333333333333,0.670473194739788,0.500837046312417,0.444458775073665
60,300,"equal","hbi","1281",0.82,0.849541937987316,0.795391226132375,0.79836881787545
60,300,"extreme","bf_ps","1281",0.906666666666667,0.839963180540323,0.767657441764585,0.790296860726536
60,300,"extreme","psis","1281",0.726666666666667,0.707970106518097,0.459629144450573,0.524972171460806
60,300,"extreme","waic","1281",0.72,0.66489451276404,0.415044021294021,0.489921201571679
60,300,"extreme","hbi","1281",0.85,0.709044798824052,0.702330252330252,0.80250296282905
120,300,"equal","bf_ps","1281",0.86,0.892638231917685,0.844548457651748,0.851886960821074
120,300,"equal","psis","1281",0.496666666666667,0.679686334303837,0.505960595238463,0.448672268085971
120,300,"equal","waic","1281",0.513333333333333,0.680484124585695,0.528530181586734,0.482927266374349
120,300,"equal","hbi","1281",0.826666666666667,0.859121888239692,0.804330995893905,0.804967954809418
120,300,"extreme","bf_ps","1281",0.94,0.910766434233268,0.855961243058017,0.873841333782136
120,300,"extreme","psis","1281",0.776666666666667,0.689127816627817,0.539956684537422,0.681050301409427
120,300,"extreme","waic","1281",0.763333333333333,0.67142620770926,0.511767482435176,0.657087501028336
120,300,"extreme","hbi","1281",0.9,0.885455218356773,0.803667113625038,0.814306633628751
60,150,"equal","bf_ps","1282",0.84,0.862341735325606,0.841084854994629,0.841309050368284
60,150,"equal","psis","1282",0.506666666666667,0.686355311355311,0.511754385964912,0.470761824543337
60,150,"equal","waic","1282",0.473333333333333,0.673917748917749,0.477769423558897,0.433019025085686
60,150,"equal","hbi","1282",0.8,0.833957458581519,0.807921589688507,0.792067702912651
60,150,"extreme","bf_ps","1282",0.926666666666667,0.881362135497474,0.827838827838828,0.847632758801353
60,150,"extreme","psis","1282",0.733333333333333,0.640824665418487,0.482426303854875,0.621617376775272
60,150,"extreme","waic","1282",0.706666666666667,0.622528640441684,0.486612593755451,0.598109897995648
60,150,"extreme","hbi","1282",0.9,0.869520030234316,0.78021978021978,0.797847231135641
120,150,"equal","bf_ps","1282",0.846666666666667,0.878308178308178,0.859006734006734,0.858769081795398
120,150,"equal","psis","1282",0.593333333333333,0.771891185553425,0.58020683020683,0.554114237186361
120,150,"equal","waic","1282",0.6,0.774381500852089,0.587361712361712,0.574182183889776
120,150,"equal","hbi","1282",0.786666666666667,0.858333333333333,0.812590187590188,0.792901181039437
120,150,"extreme","bf_ps","1282",0.94,0.948466213543352,0.888278388278388,0.910399124684839
120,150,"extreme","psis","1282",0.793333333333333,0.754600574406978,0.582255892849793,0.756528091455978
120,150,"extreme","waic","1282",0.786666666666667,0.746954694921447,0.533469740532341,0.714297844642672
120,150,"extreme","hbi","1282",0.906666666666667,0.948773448773449,0.837519623233909,0.865245744737551
60,300,"equal","bf_ps","1282",0.853333333333333,0.876116451892896,0.86182770481551,0.858785401938144
60,300,"equal","psis","1282",0.583333333333333,0.702290072256075,0.561661407697993,0.590270294838449
60,300,"equal","waic","1282",0.556666666666667,0.687726471059804,0.534033040130601,0.555611412388906
60,300,"equal","hbi","1282",0.79,0.84433674237941,0.80681005985884,0.794569404200223
60,300,"extreme","bf_ps","1282",0.91,0.877009794982919,0.838186889388262,0.846015715968575
60,300,"extreme","psis","1282",0.73,0.697300158470371,0.552086439222758,0.586212420327501
60,300,"extreme","waic","1282",0.7,0.714337579328675,0.55487807931417,0.582978735782193
60,300,"extreme","hbi","1282",0.866666666666667,0.856231940102908,0.76218042064724,0.741923828150741
120,300,"equal","bf_ps","1282",0.826666666666667,0.87547633766821,0.846373174592835,0.842320507645243
120,300,"equal","psis","1282",0.583333333333333,0.740776376318994,0.547727587628897,0.520935263518748
120,300,"equal","waic","1282",0.566666666666667,0.735192088890063,0.529192614325505,0.516690283071232
120,300,"equal","hbi","1282",0.776666666666667,0.839675232194191,0.801153019347274,0.794913476527961
120,300,"extreme","bf_ps","1282",0.916666666666667,0.895240943267259,0.836269113908865,0.859478393328882
120,300,"extreme","psis","1282",0.77,0.675129431971537,0.538528552193148,0.691619297129384
120,300,"extreme","waic","1282",0.77,0.725713901145671,0.557209664041962,0.610376472377159
120,300,"extreme","hbi","1282",0.89,0.892432424391187,0.784038735591531,0.803097269669211
60,150,"equal","bf_ps","1283",0.873333333333333,0.87901819034824,0.846007063112326,0.850516674425781
60,150,"equal","psis","1283",0.526666666666667,0.672271062271062,0.537545161605312,0.474929480257109
60,150,"equal","waic","1283",0.466666666666667,0.637515817515818,0.48490137681867,0.406504539937823
60,150,"equal","hbi","1283",0.773333333333333,0.82015306122449,0.751395534290271,0.729852531871165
60,150,"extreme","bf_ps","1283",0.9,0.90609243697479,0.778776737967914,0.81326148796968
60,150,"extreme","psis","1283",0.753333333333333,0.681091368725172,0.581240011678653,0.654700128832271
60,150,"extreme","waic","1283",0.753333333333333,0.674301369863014,0.568171829860471,0.648100358422939
60,150,"extreme","hbi","1283",0.853333333333333,0.879422538246068,0.712915283668326,0.758132705501127
120,150,"equal","bf_ps","1283",0.833333333333333,0.887161410018553,0.80952380952381,0.823163379064
120,150,"equal","psis","1283",0.56,0.698325358851675,0.558835978835979,0.533848969068917
120,150,"equal","waic","1283",0.566666666666667,0.704900001958826,0.570793650793651,0.554631971634154
120,150,"equal","hbi","1283",0.8,0.86359126984127,0.749206349206349,0.847916798648506
120,150,"extreme","bf_ps","1283",0.94,0.909658899020601,0.841071428571429,0.84743596914917
120,150,"extreme","psis","1283",0.8,0.741121951219512,0.601604554865424,0.735503180533008
120,150,"extreme","waic","1283",0.8,0.736363636363636,0.574585921325052,0.721064460077768
120,150,"extreme","hbi","1283",0.9,0.87901397117987,0.794875776397515,0.780413714690583
60,300,"equal","bf_ps","1283",0.84,0.870748634214676,0.833349149017352,0.833505803192443
60,300,"equal","psis","1283",0.53,0.682475231247428,0.555976877290241,0.489347613195631
60,300,"equal","waic","1283",0.533333333333333,0.682810571532376,0.557140610596832,0.499974435646135
60,300,"equal","hbi","1283",0.783333333333333,0.779996646047643,0.752432578008615,0.736629359061952
60,300,"extreme","bf_ps","1283",0.9,0.898849065919284,0.80688137883963,0.836495179871646
60,300,"extreme","psis","1283",0.73,0.692346490638416,0.508268704439057,0.56508382072277
60,300,"extreme","waic","1283",0.716666666666667,0.612646639011553,0.464157848911561,0.603459598701223
60,300,"extreme","hbi","1283",0.85,0.873123206141818,0.747193576071424,0.75330401265472
120,300,"equal","bf_ps","1283",0.84,0.894935291189647,0.832420468187275,0.834914968971091
120,300,"equal","psis","1283",0.556666666666667,0.716244667887474,0.558375068453883,0.512169157213558
120,300,"equal","waic","1283",0.563333333333333,0.700571772664796,0.556809390422836,0.535419858686753
120,300,"equal","hbi","1283",0.77,0.723786066150598,0.726264418811003,0.817719107192791
120,300,"extreme","bf_ps","1283",0.93,0.910195898728377,0.861706259721852,0.877915668985178
120,300,"extreme","psis","1283",0.786666666666667,0.756316815212896,0.577223983788477,0.63094869102273
120,300,"extreme","waic","1283",0.776666666666667,0.757012984202721,0.573007538174087,0.625469206315419
120,300,"extreme","hbi","1283",0.876666666666667,0.857176324156227,0.797438493469677,0.78784933634432
60,150,"equal","bf_ps","1234",0.865771812080537,0.894030711699885,0.871804871373837,0.86413587500544
60,150,"equal","psis","1234",0.546666666666667,0.693417255978832,0.573485719261581,0.522961793345998
60,150,"equal","waic","1234",0.526666666666667,0.696232783305303,0.555776484052346,0.48991637174211
60,150,"equal","hbi","1234",0.773333333333333,0.779509734928454,0.754166044683286,0.727360218615802
60,150,"extreme","bf_ps","1234",0.926666666666667,0.876180124223602,0.812715855572998,0.823997414049734
60,150,"extreme","psis","1234",0.72,0.722200935710252,0.569739784025498,0.534480469696416
60,150,"extreme","waic","1234",0.733333333333333,0.682407942934259,0.53381142666857,0.499070646736152
60,150,"extreme","hbi","1234",0.906666666666667,0.880178571428571,0.776190476190476,0.786381477155659
120,150,"equal","bf_ps","1234",0.86,0.926708074534161,0.869737750172533,0.870650713377654
120,150,"equal","psis","1234",0.533333333333333,0.733962038969841,0.526496852583809,0.5017294934168
120,150,"equal","waic","1234",0.56,0.739540396710208,0.556277056277056,0.549443219568995
120,150,"equal","hbi","1234",0.786666666666667,0.869767441860465,0.807022084195997,0.783094992382918
120,150,"extreme","bf_ps","1234",0.933333333333333,0.917566643882433,0.811904761904762,0.831131017000102
120,150,"extreme","psis","1234",0.733333333333333,0.710309443642777,0.48944099378882,0.629444686548429
120,150,"extreme","waic","1234",0.72,0.505739407651172,0.429089026915114,0.649217886879901
120,150,"extreme","hbi","1234",0.9,0.904864976293548,0.766666666666667,0.784311436233285
60,300,"equal","bf_ps","1234",0.88,0.913565426170468,0.868651471912341,0.874582724672248
60,300,"equal","psis","1234",0.56,0.720419873635073,0.575116461871577,0.528858628335261
60,300,"equal","waic","1234",0.536666666666667,0.713155773019113,0.550073165843626,0.494813197740005
60,300,"equal","hbi","1234",0.77,0.694580387875267,0.752058311466879,0.837991229835274
60,300,"extreme","bf_ps","1234",0.923333333333333,0.913946492575525,0.825128839414554,0.849070074457454
60,300,"extreme","psis","1234",0.723333333333333,0.672529269696678,0.514662834830902,0.54930068645891
60,300,"extreme","waic","1234",0.713333333333333,0.658138599725295,0.489868523166842,0.512135399050785
60,300,"extreme","hbi","1234",0.84,0.725416629417725,0.705127353971892,0.795701581027668
120,300,"equal","bf_ps","1234",0.88,0.890007378657338,0.87437889782596,0.878855621602366
120,300,"equal","psis","1234",0.533333333333333,0.723069598845996,0.567541181099123,0.510891767885233
120,300,"equal","waic","1234",0.533333333333333,0.721471986579695,0.561480038159695,0.515562602145368
120,300,"equal","hbi","1234",0.843333333333333,0.870502364107964,0.832588375007286,0.835651597794988
120,300,"extreme","bf_ps","1234",0.923333333333333,0.913515298261061,0.844887955182073,0.864946996564365
120,300,"extreme","psis","1234",0.756666666666667,0.672807816109216,0.56977534603585,0.696283454475559
120,300,"extreme","waic","1234",0.726666666666667,0.712240374567961,0.540353320815506,0.574108990149511
120,300,"extreme","hbi","1234",0.86,0.883446712018141,0.761838068560758,0.754340749405573
60,150,"equal","bf_ps","1235",0.9,0.916434404977962,0.881921859652952,0.8842788976773
60,150,"equal","psis","1235",0.586666666666667,0.745326568855981,0.615765851795264,0.577497537896256
60,150,"equal","waic","1235",0.526666666666667,0.686477976202421,0.562263541780349,0.590716827783124
60,150,"equal","hbi","1235",0.84,0.87202380952381,0.809732984102732,0.79522554739946
60,150,"extreme","bf_ps","1235",0.906666666666667,0.90952380952381,0.821315192743764,0.834032941081398
60,150,"extreme","psis","1235",0.693333333333333,0.659088997422331,0.479606009070295,0.527775532445688
60,150,"extreme","waic","1235",0.66,0.587022306397306,0.451799886621315,0.560683760683761
60,150,"extreme","hbi","1235",0.88,0.867634533488192,0.79234693877551,0.801086091002057
120,150,"equal","bf_ps","1235",0.86,0.870242800677583,0.830290297937357,0.824005620264468
120,150,"equal","psis","1235",0.513333333333333,0.686065603892429,0.55070345476025,0.504721901243141
120,150,"equal","waic","1235",0.553333333333333,0.695665445665446,0.577532229433852,0.559215821107639
120,150,"equal","hbi","1235",0.84,0.873802982731554,0.806741787624141,0.779197795655629
120,150,"extreme","bf_ps","1235",0.933333333333333,0.915509777578743,0.900560224089636,0.886386554621849
120,150,"extreme","psis","1235",0.706666666666667,0.6537918603136,0.528256443139505,0.633092423086702
120,150,"extreme","waic","1235",0.7,0.666457800511509,0.524095260594198,0.626451388388893
120,150,"extreme","hbi","1235",0.893333333333333,0.888106966924701,0.851739732037393,0.836818736337571
60,300,"equal","bf_ps","1235",0.862876254180602,0.860234683386537,0.838179677465392,0.840229491106684
60,300,"equal","psis","1235",0.533333333333333,0.708928838059744,0.568621656121656,0.516988803844567
60,300,"equal","waic","1235",0.53,0.709629251434346,0.568199855699856,0.520046880241484
60,300,"equal","hbi","1235",0.81,0.84442043924778,0.775058275058275,0.762342462758299
60,300,"extreme","bf_ps","1235",0.916666666666667,0.893087037186416,0.861954885304086,0.865103803978254
60,300,"extreme","psis","1235",0.72,0.725714775338836,0.563307307955256,0.597021951706685
60,300,"extreme","waic","1235",0.69,0.647917374313312,0.521582759974981,0.638944206678312
60,300,"extreme","hbi","1235",0.89,0.860128461026665,0.828362964929379,0.819764744985815
120,300,"equal","bf_ps","1235",0.876666666666667,0.891059398317463,0.864057009243345,0.867496614440992
120,300,"equal","psis","1235",0.536666666666667,0.728554659436131,0.557512405235734,0.505433607330483
120,300,"equal","waic","1235",0.573333333333333,0.731880016847603,0.587436719138857,0.55516647703073
120,300,"equal","hbi","1235",0.793333333333333,0.703804797225459,0.755707968806252,0.843058829692493
120,300,"extreme","bf_ps","1235",0.936666666666667,0.9236517698327,0.889316239316239,0.89982624514777
120,300,"extreme","psis","1235",0.746666666666667,0.70199911733296,0.57345742113184,0.701280474113421
120,300,"extreme","waic","1235",0.753333333333333,0.690753433448851,0.553996649345487,0.685839062020349
120,300,"extreme","hbi","1235",0.89,0.891213968511595,0.824664224664225,0.816182115304222
60,150,"equal","bf_ps","1236",0.853333333333333,0.879166666666667,0.842325204126446,0.845312037858622
60,150,"equal","psis","1236",0.553333333333333,0.737285016248431,0.56569392101941,0.521156714518864
60,150,"equal","waic","1236",0.553333333333333,0.736225881514635,0.568196846681974,0.527204343275772
60,150,"equal","hbi","1236",0.826666666666667,0.868348861283644,0.805631738861552,0.786879836745066
60,150,"extreme","bf_ps","1236",0.906666666666667,0.865925262476987,0.811224489795918,0.820137037865994
60,150,"extreme","psis","1236",0.746666666666667,0.714777432712215,0.558803521408563,0.643264972274406
60,150,"extreme","waic","1236",0.733333333333333,0.69698703279939,0.561524609843938,0.622170554651373
60,150,"extreme","hbi","1236",0.886666666666667,0.847351061636776,0.78265306122449,0.779139743671763
120,150,"equal","bf_ps","1236",0.86,0.870923431407302,0.852426303854875,0.84994721518848
120,150,"equal","psis","1236",0.553333333333333,0.679282407407407,0.52851307422736,0.547587317991097
120,150,"equal","waic","1236",0.553333333333333,0.725057068281858,0.533945142159428,0.48094607921379
120,150,"equal","hbi","1236",0.793333333333333,0.848891108891109,0.796918319775463,0.768109243697479
120,150,"extreme","bf_ps","1236",0.926666666666667,0.903378189763878,0.880333800186741,0.883981474049576
120,150,"extreme","psis","1236",0.793333333333333,0.79707977888125,0.655627570177007,0.730244313828338
120,150,"extreme","waic","1236",0.813333333333333,0.806087608261159,0.736454049704988,0.799813686518889
120,150,"extreme","hbi","1236",0.84,0.846540666643465,0.774346405228758,0.746664573065158
60,300,"equal","bf_ps","1236",0.853333333333333,0.872428421778903,0.846984886458571,0.846382904973425
60,300,"equal","psis","1236",0.553333333333333,0.723469756627001,0.55766499582289,0.509565543903807
60,300,"equal","waic","1236",0.55,0.726806411095317,0.555425495557075,0.501701745819984
60,300,"equal","hbi","1236",0.786666666666667,0.802372465527318,0.77083048530417,0.742099451695059
60,300,"extreme","bf_ps","1236",0.93,0.905677384825566,0.874925970388155,0.886724386724387
60,300,"extreme","psis","1236",0.783333333333333,0.781843580265483,0.645949410067057,0.630116362225406
60,300,"extreme","waic","1236",0.76,0.765213097404878,0.630829331732693,0.606531166488487
60,300,"extreme","hbi","1236",0.89,0.88140645731977,0.811456582633053,0.811916797218315
120,300,"equal","bf_ps","1236",0.876666666666667,0.896164021164021,0.877843960550727,0.878058076300111
120,300,"equal","psis","1236",0.576666666666667,0.751827811613516,0.568571492122063,0.518382638748055
120,300,"equal","waic","1236",0.56,0.737989049480985,0.550778901196057,0.512351437322917
120,300,"equal","hbi","1236",0.8,0.850464871107419,0.790865149887706,0.779137501105088
120,300,"extreme","bf_ps","1236",0.906666666666667,0.899582120825963,0.851002258610954,0.863939215098062
120,300,"extreme","psis","1236",0.733333333333333,0.719301787331438,0.539471579145492,0.595344434480374
120,300,"extreme","waic","1236",0.703333333333333,0.636777146889544,0.475359966120836,0.59695158634522
120,300,"extreme","hbi","1236",0.87,0.88109420838919,0.797701392810088,0.792583672607773
60,150,"equal","bf_ps","1237",0.873333333333333,0.89906629318394,0.859631724543364,0.863581442169816
60,150,"equal","psis","1237",0.533333333333333,0.710585286746277,0.57684750737315,0.500880131622542
60,150,"equal","waic","1237",0.526666666666667,0.703296703296703,0.564659451372718,0.518052016894723
60,150,"equal","hbi","1237",0.766666666666667,0.693717703005629,0.741727252813152,0.824968237492334
60,150,"extreme","bf_ps","1237",0.906666666666667,0.898404164533197,0.831349206349206,0.843777374953381
60,150,"extreme","psis","1237",0.733333333333333,0.775959219056234,0.570281385281385,0.635504209551641
60,150,"extreme","waic","1237",0.733333333333333,0.720080482897384,0.538044733044733,0.693612510905374
60,150,"extreme","hbi","1237",0.866666666666667,0.882454594741122,0.800800865800866,0.80659923006298
120,150,"equal","bf_ps","1237",0.866666666666667,0.911027568922306,0.881038961038961,0.878004952441043
120,150,"equal","psis","1237",0.64,0.779446728904933,0.594093314093314,0.560997775567603
120,150,"equal","waic","1237",0.626666666666667,0.733587287704435,0.579278499278499,0.633051635858815
120,150,"equal","hbi","1237",0.8,0.870443349753695,0.816661856661857,0.794613189069479
120,150,"extreme","bf_ps","1237",0.946666666666667,0.931120425965787,0.891233766233766,0.88422619047619
120,150,"extreme","psis","1237",0.74,0.797033236371472,0.632074504442925,0.607332094687586
120,150,"extreme","waic","1237",0.72,0.759671907040328,0.591660970608339,0.62036888532478
120,150,"extreme","hbi","1237",0.913333333333333,0.890731292517007,0.821428571428571,0.914075993091537
60,300,"equal","bf_ps","1237",0.83,0.883299187268126,0.822150175566325,0.825522301742211
60,300,"equal","psis","1237",0.516666666666667,0.700130821559393,0.514346574750301,0.457180594028016
60,300,"equal","waic","1237",0.503333333333333,0.635480855331009,0.502034749239718,0.513281166869058
60,300,"equal","hbi","1237",0.803333333333333,0.862635556729907,0.793505941953147,0.780565624451695
60,300,"extreme","bf_ps","1237",0.9,0.855534605146406,0.838702071737786,0.832122380724865
60,300,"extreme","psis","1237",0.783333333333333,0.772309951729667,0.61139713461142,0.596604865714345
60,300,"extreme","waic","1237",0.77,0.720394757442678,0.579122861265718,0.636107355765476
60,300,"extreme","hbi","1237",0.896666666666667,0.874897693923369,0.824885332921047,0.829677589275525
120,300,"equal","bf_ps","1237",0.84,0.89001339634251,0.843949445807031,0.849659013073647
120,300,"equal","psis","1237",0.566666666666667,0.680974644261348,0.525893164283257,0.549818414869506
120,300,"equal","waic","1237",0.556666666666667,0.72103499233467,0.516516686419384,0.47145977759996
120,300,"equal","hbi","1237",0.78,0.85343257556187,0.778871644351521,0.767335785852888
120,300,"extreme","bf_ps","1237",0.946666666666667,0.919224873954291,0.893847317972093,0.899315418661468
120,300,"extreme","psis","1237",0.766666666666667,0.673702081051479,0.549963897773799,0.686835222573306
120,300,"extreme","waic","1237",0.766666666666667,0.712116641528406,0.537059074804165,0.576489998480056
120,300,"extreme","hbi","1237",0.896666666666667,0.885930251159814,0.7937536346568,0.776744421597539
60,150,"equal","bf_ps","1238",0.846666666666667,0.899231720660292,0.846414455110107,0.849872455185548
60,150,"equal","psis","1238",0.54,0.715275200989487,0.521042230081132,0.486042153335386
60,150,"equal","waic","1238",0.506666666666667,0.694644699985257,0.491285030758715,0.472190522683134
60,150,"equal","hbi","1238",0.82,0.873395512050974,0.817843026538679,0.811295946950209
60,150,"extreme","bf_ps","1238",0.94,0.94377990430622,0.880952380952381,0.906503141797259
60,150,"extreme","psis","1238",0.793333333333333,0.751812865497076,0.599404761904762,0.757753924921768
60,150,"extreme","waic","1238",0.766666666666667,0.738970588235294,0.59484126984127,0.73574582487626
60,150,"extreme","hbi","1238",0.9,0.916750596342433,0.834722222222222,0.856658131386349
120,150,"equal","bf_ps","1238",0.833333333333333,0.8752405002405,0.820909416398138,0.82375950380152
120,150,"equal","psis","1238",0.513333333333333,0.680187074829932,0.537594464850104,0.504896669187229
120,150,"equal","waic","1238",0.54,0.692285114780306,0.561958321544788,0.535684788269375
120,150,"equal","hbi","1238",0.773333333333333,0.819866408101702,0.750104427736007,0.743376623376623
120,150,"extreme","bf_ps","1238",0.886666666666667,0.868693134822167,0.755555555555556,0.767987586510532
120,150,"extreme","psis","1238",0.68,0.7056821779044,0.435431063070815,0.499741711280173
120,150,"extreme","waic","1238",0.693333333333333,0.711073629851741,0.440403144129852,0.504448100564446
120,150,"extreme","hbi","1238",0.86,0.832922275293096,0.725534851621808,0.728993470297818
60,300,"equal","bf_ps","1238",0.853333333333333,0.896938775510204,0.845338311699998,0.852028684683721
60,300,"equal","psis","1238",0.54,0.711904761904762,0.546675950761132,0.498888134497029
60,300,"equal","waic","1238",0.546666666666667,0.713866949996772,0.552574903828942,0.509110663373964
60,300,"equal","hbi","1238",0.766666666666667,0.777804780448765,0.749217226109381,0.728436843101777
60,300,"extreme","bf_ps","1238",0.91,0.870000889947698,0.830564727174897,0.845708146309939
60,300,"extreme","psis","1238",0.753333333333333,0.762175425725846,0.535706424326279,0.597559079748622
60,300,"extreme","waic","1238",0.716666666666667,0.707087878006119,0.493223483538254,0.538770327645598
60,300,"extreme","hbi","1238",0.836666666666667,0.710968203567649,0.732399400438141,0.826314959788248
120,300,"equal","bf_ps","1238",0.836666666666667,0.889278897556385,0.830691834922827,0.833588364843064
120,300,"equal","psis","1238",0.516666666666667,0.708240941979974,0.530438685787816,0.48548284454402
120,300,"equal","waic","1238",0.53,0.704351232656072,0.539438220304737,0.513977212239544
120,300,"equal","hbi","1238",0.793333333333333,0.851230344000953,0.78783594716093,0.780832780297086
120,300,"extreme","bf_ps","1238",0.906666666666667,0.868542758493463,0.829341334192697,0.834754764463951
120,300,"extreme","psis","1238",0.73,0.690387763497007,0.519227325482487,0.664047121591505
120,300,"extreme","waic","1238",0.716666666666667,0.675855288934759,0.500930333197055,0.635864699101572
120,300,"extreme","hbi","1238",0.853333333333333,0.840994926398653,0.77409539579234,0.761140429375929
60,150,"equal","bf_ps","1239",0.813333333333333,0.840714285714286,0.804814471243043,0.80521275021275
60,150,"equal","psis","1239",0.573333333333333,0.73188727648658,0.59243351886209,0.536730168785918
60,150,"equal","waic","1239",0.52,0.69593864981603,0.53069573283859,0.482262374272885
60,150,"equal","hbi","1239",0.733333333333333,0.808540160250147,0.709392393320965,0.688993131200344
60,150,"extreme","bf_ps","1239",0.846666666666667,0.856028368794326,0.758503401360544,0.764347777559404
60,150,"extreme","psis","1239",0.713333333333333,0.615509015509015,0.471176401595121,0.61176679740886
60,150,"extreme","waic","1239",0.7,0.592794871794872,0.443965517241379,0.579985829923659
60,150,"extreme","hbi","1239",0.813333333333333,0.854865424430642,0.751026272577997,0.733984971956541
120,150,"equal","bf_ps","1239",0.846666666666667,0.875178789464504,0.834446505875077,0.834999451872517
120,150,"equal","psis","1239",0.586666666666667,0.714730122818358,0.601476954418131,0.582458319662964
120,150,"equal","waic","1239",0.62,0.73083464958465,0.616192840772673,0.607196284306706
120,150,"equal","hbi","1239",0.726666666666667,0.669179894179894,0.701445123503947,0.786274092970522
120,150,"extreme","bf_ps","1239",0.906666666666667,0.884873949579832,0.86309067688378,0.868319919736526
120,150,"extreme","psis","1239",0.773333333333333,0.764342114656957,0.670808246670316,0.759939960338764
120,150,"extreme","waic","1239",0.773333333333333,0.764765017117958,0.644353220215289,0.742561567561568
120,150,"extreme","hbi","1239",0.806666666666667,0.841294261294261,0.78917168399927,0.760626656792985
60,300,"equal","bf_ps","1239",0.846666666666667,0.875961201061381,0.827680156727676,0.832258884485667
60,300,"equal","psis","1239",0.523333333333333,0.696231497764501,0.543365134238317,0.483648905987021
60,300,"equal","waic","1239",0.516666666666667,0.692254604105594,0.533640751328184,0.467016276887739
60,300,"equal","hbi","1239",0.806666666666667,0.86991050244117,0.77758887687399,0.771681096681097
60,300,"extreme","bf_ps","1239",0.876666666666667,0.857442420032603,0.847847243849268,0.838540747633649
60,300,"extreme","psis","1239",0.7,0.741274663837991,0.566689669246437,0.624210613472359
60,300,"extreme","waic","1239",0.723333333333333,0.751583063084506,0.582128639710932,0.640251015017166
60,300,"extreme","hbi","1239",0.84,0.852253325008743,0.810868058040651,0.790976726985832
120,300,"equal","bf_ps","1239",0.84,0.877136131412447,0.827220129099902,0.829120451373616
120,300,"equal","psis","1239",0.493333333333333,0.674131241326574,0.508374022260585,0.460866507628481
120,300,"equal","waic","1239",0.506666666666667,0.665763469944796,0.510625609255673,0.493326166230428
120,300,"equal","hbi","1239",0.8,0.846342007832691,0.773966221153744,0.760712014360123
120,300,"extreme","bf_ps","1239",0.903333333333333,0.885294229579944,0.848857262203127,0.856202129974797
120,300,"extreme","psis","1239",0.76,0.729619333324031,0.530342608731695,0.703683651272793
120,300,"extreme","waic","1239",0.766666666666667,0.73980687775836,0.545627845633473,0.717977483517712
120,300,"extreme","hbi","1239",0.85,0.862452253628724,0.799357282570555,0.796443451123421
60,150,"equal","bf_ps","1240",0.8,0.885535609592674,0.799035201124984,0.806467136520074
60,150,"equal","psis","1240",0.506666666666667,0.686780184101613,0.483611055758336,0.452384112322001
60,150,"equal","waic","1240",0.493333333333333,0.68448105937092,0.471737480417268,0.441092000858639
60,150,"equal","hbi","1240",0.733333333333333,0.813277530885504,0.746307227344379,0.739817542733953
60,150,"extreme","bf_ps","1240",0.926666666666667,0.897009496868054,0.848017041868294,0.867639378165694
60,150,"extreme","psis","1240",0.746666666666667,0.700221861471861,0.525989433574117,0.659321027745237
60,150,"extreme","waic","1240",0.753333333333333,0.673090798520365,0.546397596839423,0.681183084133609
60,150,"extreme","hbi","1240",0.88,0.833981211532232,0.807317600579751,0.81000111000111
120,150,"equal","bf_ps","1240",0.88,0.91019661453098,0.873701298701299,0.879229323308271
120,150,"equal","psis","1240",0.56,0.730127928549855,0.559177138650823,0.512287041468486
120,150,"equal","waic","1240",0.58,0.734869894171165,0.570909222356591,0.544682747616421
120,150,"equal","hbi","1240",0.78,0.782902909447532,0.770284715284715,0.740570427305121
120,150,"extreme","bf_ps","1240",0.933333333333333,0.909225697163986,0.862399505256648,0.880948122915336
120,150,"extreme","psis","1240",0.8,0.763062274159294,0.60050505050505,0.671263418662263
120,150,"extreme","waic","1240",0.793333333333333,0.754347657762292,0.595908060193775,0.656012785663948
120,150,"extreme","hbi","1240",0.886666666666667,0.872437888198758,0.788188002473717,0.80425932867359
60,300,"equal","bf_ps","1240",0.833333333333333,0.890081414319295,0.827811531150265,0.833631288116338
60,300,"equal","psis","1240",0.503333333333333,0.698332522557387,0.497687921059543,0.465103725426306
60,300,"equal","waic","1240",0.483333333333333,0.687981854054801,0.476088347864407,0.438211485571615
60,300,"equal","hbi","1240",0.783333333333333,0.849109999731118,0.780526771130473,0.78047754548108
60,300,"extreme","bf_ps","1240",0.906666666666667,0.896579144348638,0.844601430315716,0.865137710566665
60,300,"extreme","psis","1240",0.72,0.66057358755472,0.519671201814059,0.665140219638175
60,300,"extreme","waic","1240",0.713333333333333,0.648806594162631,0.484397348683063,0.636126997715697
60,300,"extreme","hbi","1240",0.89,0.891268595350228,0.820211930926217,0.839192669078864
120,300,"equal","bf_ps","1240",0.88,0.92109938983645,0.874945314323756,0.8824543023315
120,300,"equal","psis","1240",0.59,0.741803388021875,0.574875000483229,0.551204375375007
120,300,"equal","waic","1240",0.56,0.728511982418538,0.54621306801721,0.531764408480956
120,300,"equal","hbi","1240",0.78,0.787664271263935,0.754893513623826,0.7376948584297
120,300,"extreme","bf_ps","1240",0.913333333333333,0.923891192822077,0.82766439909297,0.857059071075811
120,300,"extreme","psis","1240",0.786666666666667,0.699959292904565,0.540601638715603,0.7055019740475
120,300,"extreme","waic","1240",0.786666666666667,0.706928200005123,0.540099094473091,0.711861463769245
120,300,"extreme","hbi","1240",0.876666666666667,0.892443664876597,0.780068216665327,0.793758174695088
60,150,"equal","bf_ps","1241",0.806666666666667,0.856691919191919,0.810748973883985,0.807960332350576
60,150,"equal","psis","1241",0.533333333333333,0.695890957225409,0.527295282720258,0.479010386763401
60,150,"equal","waic","1241",0.5,0.693452380952381,0.496762766128572,0.444810894579151
60,150,"equal","hbi","1241",0.793333333333333,0.836239093338485,0.801229341469616,0.79561742492777
60,150,"extreme","bf_ps","1241",0.913333333333333,0.891867391867392,0.775132275132275,0.807719247745154
60,150,"extreme","psis","1241",0.806666666666667,0.738991820123303,0.609232139019373,0.695641908961462
60,150,"extreme","waic","1241",0.8,0.72611762901618,0.612750094664988,0.702388180519626
60,150,"extreme","hbi","1241",0.88,0.869352346999406,0.723112073112073,0.754038211029093
120,150,"equal","bf_ps","1241",0.9,0.915850815850816,0.872368421052632,0.883014537915073
120,150,"equal","psis","1241",0.606666666666667,0.738828157257598,0.641996015680226,0.572250250944656
120,150,"equal","waic","1241",0.613333333333333,0.744535495464288,0.646757920442131,0.58457172672289
120,150,"equal","hbi","1241",0.813333333333333,0.850907029478458,0.797387700019279,0.792123356519641
120,150,"extreme","bf_ps","1241",0.953333333333333,0.762142857142857,0.92322695035461,0.877621755773016
120,150,"extreme","psis","1241",0.766666666666667,0.680444444444444,0.690927895981088,0.674660894660895
120,150,"extreme","waic","1241",0.766666666666667,0.667261904761905,0.680585106382979,0.660389185977421
120,150,"extreme","hbi","1241",0.886666666666667,0.852374551971326,0.847842789598109,0.772568707617727
60,300,"equal","bf_ps","1241",0.776666666666667,0.824596014946419,0.775336561990957,0.773434370430616
60,300,"equal","psis","1241",0.48,0.651360310927366,0.499692474013689,0.44567188709266
60,300,"equal","waic","1241",0.476666666666667,0.647056091827628,0.496696834892877,0.447423465406323
60,300,"equal","hbi","1241",0.696666666666667,0.721305823443799,0.713032235443648,0.670538804515534
60,300,"extreme","bf_ps","1241",0.896666666666667,0.856109945800667,0.806630426311277,0.802315716213919
60,300,"extreme","psis","1241",0.713333333333333,0.628556536448802,0.486341672511885,0.615305728183026
60,300,"extreme","waic","1241",0.73,0.610652680652681,0.476236750837815,0.602600603058269
60,300,"extreme","hbi","1241",0.88,0.852319179824632,0.785733769776323,0.778211531326383
120,300,"equal","bf_ps","1241",0.833333333333333,0.882137703566275,0.827539155196963,0.826388324786494
120,300,"equal","psis","1241",0.516666666666667,0.699130434782609,0.541010052233146,0.488095527142722
120,300,"equal","waic","1241",0.543333333333333,0.704318866054793,0.566551911171736,0.527561305108246
120,300,"equal","hbi","1241",0.733333333333333,0.779749559645633,0.742950131461641,0.704995614174827
120,300,"extreme","bf_ps","1241",0.926666666666667,0.888905775075988,0.855902655902656,0.856785850370482
120,300,"extreme","psis","1241",0.753333333333333,0.658064883211548,0.511233918842614,0.654127627590626
120,300,"extreme","waic","1241",0.756666666666667,0.661715226971292,0.510223593763966,0.648473342825502
120,300,"extreme","hbi","1241",0.856666666666667,0.862625767316843,0.784535037174789,0.76040408204887
60,150,"equal","bf_ps","1242",0.873333333333333,0.902215431627196,0.868621994252246,0.86849765421194
60,150,"equal","psis","1242",0.533333333333333,0.710459183673469,0.551458905240418,0.497954324582255
60,150,"equal","waic","1242",0.513333333333333,0.708032521308919,0.533935952003179,0.473929804798488
60,150,"equal","hbi","1242",0.76,0.823383899014151,0.751058605260286,0.71608278939106
60,150,"extreme","bf_ps","1242",0.92,0.889196108550947,0.828917748917749,0.850822986537272
60,150,"extreme","psis","1242",0.733333333333333,0.670258980785297,0.493204955963577,0.646547581680696
60,150,"extreme","waic","1242",0.706666666666667,0.658602589037372,0.470347813106434,0.615304084757407
60,150,"extreme","hbi","1242",0.873333333333333,0.851573129251701,0.762597402597403,0.775753288926882
120,150,"equal","bf_ps","1242",0.853333333333333,0.895321230724957,0.859786052682086,0.855419589598895
120,150,"equal","psis","1242",0.573333333333333,0.744011009799337,0.585537446737862,0.544479486165669
120,150,"equal","waic","1242",0.566666666666667,0.728622202761371,0.574607774905934,0.543404174023113
120,150,"equal","hbi","1242",0.786666666666667,0.840113677049767,0.806848065079851,0.788358034008253
120,150,"extreme","bf_ps","1242",0.926666666666667,0.879038613081166,0.830559537081276,0.847818072530555
120,150,"extreme","psis","1242",0.74,0.68695652173913,0.519482932526411,0.641633246794653
120,150,"extreme","waic","1242",0.746666666666667,0.685708534621578,0.508440834527791,0.647217086300204
120,150,"extreme","hbi","1242",0.88,0.841996753246753,0.763192121887774,0.774035500725113
60,300,"equal","bf_ps","1242",0.883333333333333,0.913818677015437,0.874716937874833,0.878338447395382
60,300,"equal","psis","1242",0.536666666666667,0.726429851809791,0.562378999757721,0.51112160492816
60,300,"equal","waic","1242",0.496666666666667,0.712858397641006,0.521793030257999,0.459229328396288
60,300,"equal","hbi","1242",0.816666666666667,0.85644421434695,0.810478800704365,0.808058988353839
60,300,"extreme","bf_ps","1242",0.909698996655518,0.884022274576997,0.81766868189282,0.832058682058682
60,300,"extreme","psis","1242",0.796666666666667,0.780950245952039,0.594701093603586,0.574655834873995
60,300,"extreme","waic","1242",0.756666666666667,0.725626432007402,0.537250840775182,0.591729470789996
60,300,"extreme","hbi","1242",0.856666666666667,0.83968253968254,0.733354078308439,0.740614419283695
120,300,"equal","bf_ps","1242",0.88,0.9190556222489,0.874021276374157,0.87651887243724
120,300,"equal","psis","1242",0.52,0.709759448391718,0.543596901040708,0.49947919035053
120,300,"equal","waic","1242",0.523333333333333,0.70693612277331,0.543214070847722,0.511821948182935
120,300,"equal","hbi","1242",0.816666666666667,0.874499672176221,0.810470539629457,0.799505744388755
120,300,"extreme","bf_ps","1242",0.913333333333333,0.896863730649009,0.841816782610393,0.860516520852732
120,300,"extreme","psis","1242",0.756666666666667,0.672347315040491,0.513717371244041,0.660636162885159
120,300,"extreme","waic","1242",0.73,0.660508067250354,0.49146909688498,0.630178085803724
120,300,"extreme","hbi","1242",0.85,0.865604624828655,0.761677795591654,0.758403191405834
60,150,"equal","bf_ps","1243",0.82,0.889263066682421,0.820184990992444,0.819192945293093
60,150,"equal","psis","1243",0.553333333333333,0.66651098102711,0.534529652542075,0.553295079624867
60,150,"equal","waic","1243",0.526666666666667,0.583321582692157,0.510835954935334,0.615323565323565
60,150,"equal","hbi","1243",0.813333333333333,0.876192803612158,0.812817617165443,0.809699818624768
60,150,"extreme","bf_ps","1243",0.913333333333333,0.895804803099636,0.876151229722658,0.874885816504569
60,150,"extreme","psis","1243",0.7,0.75289298515105,0.592176870748299,0.671195717231523
60,150,"extreme","waic","1243",0.666666666666667,0.673659077797009,0.465737833594977,0.60700289291783
60,150,"extreme","hbi","1243",0.886666666666667,0.883901141101602,0.859406070120356,0.853002827116099
120,150,"equal","bf_ps","1243",0.853333333333333,0.905086020894844,0.846753246753247,0.850503449744436
120,150,"equal","psis","1243",0.566666666666667,0.7003663003663,0.554810509183911,0.51972569653793
120,150,"equal","waic","1243",0.553333333333333,0.691330633830175,0.542388148935463,0.504964682414412
120,150,"equal","hbi","1243",0.773333333333333,0.839078185852379,0.775759457933371,0.755763523847505
120,150,"extreme","bf_ps","1243",0.893333333333333,0.863636363636364,0.793956043956044,0.799548120930412
120,150,"extreme","psis","1243",0.733333333333333,0.702002555408128,0.518565644881434,0.673517126148705
120,150,"extreme","waic","1243",0.706666666666667,0.680822021116139,0.466497975708502,0.626181816557598
120,150,"extreme","hbi","1243",0.866666666666667,0.846615477874318,0.753846153846154,0.739411608799364
60,300,"equal","bf_ps","1243",0.82,0.878883037085802,0.81636853521352,0.815121384221788
60,300,"equal","psis","1243",0.526666666666667,0.691096276731117,0.513053264751817,0.47269132998084
60,300,"equal","waic","1243",0.51,0.681591549224553,0.497972407233984,0.45245575762401
60,300,"equal","hbi","1243",0.78,0.831633693312175,0.773555977963273,0.765110271881081
60,300,"extreme","bf_ps","1243",0.91,0.882570623557341,0.848293605877876,0.857415337078339
60,300,"extreme","psis","1243",0.723333333333333,0.766262386798101,0.543991649609627,0.540056383749958
60,300,"extreme","waic","1243",0.71,0.722850195540522,0.507408638026616,0.559200117203343
60,300,"extreme","hbi","1243",0.846666666666667,0.837456128916681,0.767401532570072,0.751702170449387
120,300,"equal","bf_ps","1243",0.836666666666667,0.884433177130566,0.836471834262532,0.836978151871769
120,300,"equal","psis","1243",0.55,0.703691661586398,0.541332790146269,0.502555835739889
120,300,"equal","waic","1243",0.56,0.699050341139591,0.547180983244106,0.517117810674512
120,300,"equal","hbi","1243",0.75,0.77725973618191,0.739003948629008,0.728673905465993
120,300,"extreme","bf_ps","1243",0.916666666666667,0.88278054180765,0.843609022556391,0.854699293818883
120,300,"extreme","psis","1243",0.723333333333333,0.73003660822057,0.525008950948801,0.573179256824892
120,300,"extreme","waic","1243",0.703333333333333,0.67069914505619,0.48891275808569,0.636544808142982
120,300,"extreme","hbi","1243",0.876666666666667,0.856129628885047,0.785034013605442,0.797151689812552
60,150,"equal","bf_ps","1244",0.86,0.901027077497666,0.848966572274843,0.850453349317142
60,150,"equal","psis","1244",0.5,0.695464420840618,0.518683885037268,0.482426606983282
60,150,"equal","waic","1244",0.486666666666667,0.69681622725101,0.507129023858347,0.467730573750516
60,150,"equal","hbi","1244",0.833333333333333,0.880056211673859,0.820256810858315,0.816128767976472
60,150,"extreme","bf_ps","1244",0.913333333333333,0.904029304029304,0.851190476190476,0.84853251275723
60,150,"extreme","psis","1244",0.746666666666667,0.642297770722428,0.543132183908046,0.666966079703877
60,150,"extreme","waic","1244",0.76,0.643631469979296,0.54367816091954,0.667559460780592
60,150,"extreme","hbi","1244",0.886666666666667,0.891945724293448,0.822762725779967,0.80385567305072
120,150,"equal","bf_ps","1244",0.886666666666667,0.896245635935534,0.86422268907563,0.869142199389877
120,150,"equal","psis","1244",0.586666666666667,0.715201465201465,0.56922268907563,0.543977666300916
120,150,"equal","waic","1244",0.54,0.695650086104995,0.529747899159664,0.507536129540227
120,150,"equal","hbi","1244",0.806666666666667,0.848576007326007,0.767247899159664,0.743962866489488
120,150,"extreme","bf_ps","1244",0.926666666666667,0.910510625884898,0.83586889301175,0.864002928288643
120,150,"extreme","psis","1244",0.746666666666667,0.639692172041338,0.528841655239171,0.650167992926614
120,150,"extreme","waic","1244",0.773333333333333,0.65143951833607,0.524552983248635,0.653145111231253
120,150,"extreme","hbi","1244",0.9,0.872415387789659,0.778726035868893,0.783793921609048
60,300,"equal","bf_ps","1244",0.866220735785953,0.899381868131868,0.865925803259927,0.867401367977279
60,300,"equal","psis","1244",0.553333333333333,0.713725349310247,0.552865381240612,0.500563661623592
60,300,"equal","waic","1244",0.526666666666667,0.706488049765361,0.526046812118969,0.479760424536969
60,300,"equal","hbi","1244",0.776666666666667,0.816365759373195,0.7705724435712,0.742708228792162
60,300,"extreme","bf_ps","1244",0.906666666666667,0.860004934616334,0.820671505852895,0.830397839860254
60,300,"extreme","psis","1244",0.74,0.720865837741915,0.569012705997744,0.532292655323647
60,300,"extreme","waic","1244",0.753333333333333,0.731463968808204,0.577397769045648,0.54166950949317
60,300,"extreme","hbi","1244",0.866666666666667,0.710879120879121,0.734897802432133,0.83335571093209
120,300,"equal","bf_ps","1244",0.86241610738255,0.891947210426423,0.857851492911171,0.861614016574258
120,300,"equal","psis","1244",0.536666666666667,0.659075261869468,0.520839133189938,0.532907716896469
120,300,"equal","waic","1244",0.52,0.690098924185059,0.504861986309833,0.458830486053686
120,300,"equal","hbi","1244",0.786666666666667,0.807597917541783,0.767025830077205,0.760996988611127
120,300,"extreme","bf_ps","1244",0.93,0.916563644688645,0.86382855377673,0.884649503442687
120,300,"extreme","psis","1244",0.746666666666667,0.780816302453025,0.575784057095231,0.554285375485726
120,300,"extreme","waic","1244",0.746666666666667,0.775752451668197,0.562082924468268,0.540402504731621
120,300,"extreme","hbi","1244",0.89,0.883216783216783,0.797894487842664,0.807310439840362
60,150,"equal","bf_ps","1245",0.84,0.883264194970184,0.840915926179084,0.843320267791289
60,150,"equal","psis","1245",0.593333333333333,0.739973716759431,0.554455769548649,0.532340944040451
60,150,"equal","waic","1245",0.553333333333333,0.720221388150402,0.51634898297437,0.481171707345633
60,150,"equal","hbi","1245",0.8,0.843235793851557,0.803021189336979,0.80257063292943
60,150,"extreme","bf_ps","1245",0.926666666666667,0.865831489770369,0.870955325210644,0.864175661362362
60,150,"extreme","psis","1245",0.8,0.674376075731497,0.654934230466145,0.700646131780098
60,150,"extreme","waic","1245",0.773333333333333,0.659371199082042,0.61797599563557,0.660654046632034
60,150,"extreme","hbi","1245",0.873333333333333,0.80506866714297,0.769815724071043,0.757748638908059
120,150,"equal","bf_ps","1245",0.78,0.824740938504005,0.778688131090877,0.770153182943112
120,150,"equal","psis","1245",0.573333333333333,0.676308036505405,0.516105765942314,0.548308391869422
120,150,"equal","waic","1245",0.553333333333333,0.663365258384055,0.500450686214008,0.569092055058828
120,150,"equal","hbi","1245",0.753333333333333,0.697223294723295,0.753740438849952,0.838503555268261
120,150,"extreme","bf_ps","1245",0.906666666666667,0.893144270695291,0.831385281385281,0.851059620220743
120,150,"extreme","psis","1245",0.74,0.676716769820218,0.552611367127496,0.67587855180119
120,150,"extreme","waic","1245",0.733333333333333,0.722008301404853,0.565814830330959,0.616269841269841
120,150,"extreme","hbi","1245",0.853333333333333,0.859720836305645,0.737445887445887,0.739604358226807
60,300,"equal","bf_ps","1245",0.806666666666667,0.852080634481754,0.824153502600491,0.818784730720767
60,300,"equal","psis","1245",0.556666666666667,0.660946775042277,0.503817140120308,0.530733413121272
60,300,"equal","waic","1245",0.506666666666667,0.551238087142715,0.453957928858377,0.566357683052589
60,300,"equal","hbi","1245",0.77,0.81708152958153,0.781301136228961,0.76934899348002
60,300,"extreme","bf_ps","1245",0.916666666666667,0.894686407416252,0.841198979591837,0.852945969040002
60,300,"extreme","psis","1245",0.73,0.755461697602764,0.602651768824974,0.599052417710048
60,300,"extreme","waic","1245",0.733333333333333,0.755841072194909,0.595691903704487,0.591561290183808
60,300,"extreme","hbi","1245",0.873333333333333,0.84357976999106,0.766794217687075,0.865046501501875
120,300,"equal","bf_ps","1245",0.826666666666667,0.845696656563762,0.835642793576474,0.828659019671437
120,300,"equal","psis","1245",0.543333333333333,0.650058330322935,0.500662035292514,0.517684263661034
120,300,"equal","waic","1245",0.52,0.687953464566061,0.485173558315244,0.439104490954234
120,300,"equal","hbi","1245",0.73,0.798648073238237,0.745140951296697,0.72714162202508
120,300,"extreme","bf_ps","1245",0.916666666666667,0.900454654223498,0.832983193277311,0.843960295553128
120,300,"extreme","psis","1245",0.743333333333333,0.689553295002211,0.543271764664415,0.674961513952019
120,300,"extreme","waic","1245",0.73,0.664184748735342,0.509878096316247,0.640376481207427
120,300,"extreme","hbi","1245",0.886666666666667,0.883530548176769,0.781282513005202,0.772116078867606
60,150,"equal","bf_ps","1246",0.826666666666667,0.858507402961184,0.807351735387717,0.816062637762013
60,150,"equal","psis","1246",0.593333333333333,0.71066097463613,0.590379720901302,0.537421234113272
60,150,"equal","waic","1246",0.56,0.688836114155807,0.55996166874412,0.506728342038315
60,150,"equal","hbi","1246",0.74,0.785253623188406,0.722936150972133,0.79877089076303
60,150,"extreme","bf_ps","1246",0.926666666666667,0.891138101664417,0.868255894590846,0.872237873489245
60,150,"extreme","psis","1246",0.793333333333333,0.644978354978355,0.56451687471105,0.679195621132794
60,150,"extreme","waic","1246",0.766666666666667,0.621028181922328,0.551427415626445,0.658994708994709
60,150,"extreme","hbi","1246",0.853333333333333,0.813729246487867,0.764285714285714,0.844586494775752
120,150,"equal","bf_ps","1246",0.833333333333333,0.870908363345338,0.843586744639376,0.839878423719887
120,150,"equal","psis","1246",0.526666666666667,0.66269982740571,0.522897339968278,0.539767385117866
120,150,"equal","waic","1246",0.54,0.71451770338284,0.53351878661457,0.500590943448086
120,150,"equal","hbi","1246",0.74,0.795368072787428,0.746459385177921,0.71934083978419
120,150,"extreme","bf_ps","1246",0.913333333333333,0.928923293455313,0.833333333333333,0.860889020620655
120,150,"extreme","psis","1246",0.76,0.647460631156283,0.513840963116325,0.656459185318855
120,150,"extreme","waic","1246",0.746666666666667,0.661338761838762,0.534084809447128,0.667263555815694
120,150,"extreme","hbi","1246",0.853333333333333,0.884018155757286,0.76535541752933,0.782910318418163
60,300,"equal","bf_ps","1246",0.81,0.874140137656476,0.817567937429331,0.809980205265837
60,300,"equal","psis","1246",0.506666666666667,0.687369376974534,0.508562395013706,0.474041852097648
60,300,"equal","waic","1246",0.486666666666667,0.680922344392664,0.487624758022637,0.450728683273593
60,300,"equal","hbi","1246",0.753333333333333,0.840287209256764,0.760705334765485,0.746110257723161
60,300,"extreme","bf_ps","1246",0.896666666666667,0.85671768707483,0.786326979116802,0.80890180763916
60,300,"extreme","psis","1246",0.733333333333333,0.651385281385281,0.504467409186755,0.645314875291458
60,300,"extreme","waic","1246",0.74,0.657998102466793,0.497756050996684,0.640351569588097
60,300,"extreme","hbi","1246",0.866666666666667,0.847879248411163,0.750421707917413,0.771684040785495
120,300,"equal","bf_ps","1246",0.84,0.871677364780813,0.849980096531821,0.83739581153518
120,300,"equal","psis","1246",0.526666666666667,0.696005810334554,0.543873176631797,0.491172883297379
120,300,"equal","waic","1246",0.53,0.703190036860128,0.549728432487053,0.497803891481189
120,300,"equal","hbi","1246",0.803333333333333,0.862262231578441,0.784990297059263,0.785402606844629
120,300,"extreme","bf_ps","1246",0.903333333333333,0.863480038480039,0.821266037720992,0.831141622250828
120,300,"extreme","psis","1246",0.723333333333333,0.725157262828496,0.545709863063781,0.60478362735923
120,300,"extreme","waic","1246",0.746666666666667,0.768453227663754,0.561661049740002,0.550888666503391
120,300,"extreme","hbi","1246",0.856666666666667,0.848836543433723,0.773147398494281,0.772422704554511
60,150,"equal","bf_ps","1247",0.813333333333333,0.882337175020102,0.818090145148969,0.814186600618693
60,150,"equal","psis","1247",0.566666666666667,0.727788668551344,0.575034053979403,0.528719465462266
60,150,"equal","waic","1247",0.54,0.699133727770487,0.545499059203461,0.501834673263245
60,150,"equal","hbi","1247",0.706666666666667,0.682372949179672,0.71018710459012,0.788227687617931
60,150,"extreme","bf_ps","1247",0.933333333333333,0.880315336837076,0.877858969674826,0.863713311411521
60,150,"extreme","psis","1247",0.773333333333333,0.781280193236715,0.63231031543052,0.620773051253098
60,150,"extreme","waic","1247",0.78,0.776436130007559,0.62273083146302,0.612217231390164
60,150,"extreme","hbi","1247",0.913333333333333,0.877631578947368,0.845798319327731,0.829913056131544
120,150,"equal","bf_ps","1247",0.866666666666667,0.889614512471655,0.862549019607843,0.856050569874057
120,150,"equal","psis","1247",0.56,0.686264271790588,0.583326542738307,0.552297596964798
120,150,"equal","waic","1247",0.553333333333333,0.672922595611671,0.567621594092182,0.545772257088052
120,150,"equal","hbi","1247",0.78,0.758172168388887,0.754323062558357,0.721121377434808
120,150,"extreme","bf_ps","1247",0.933333333333333,0.887654505684984,0.883074534161491,0.880693581780538
120,150,"extreme","psis","1247",0.753333333333333,0.677327732561203,0.529750542847043,0.675834748160724
120,150,"extreme","waic","1247",0.74,0.657620724346076,0.493777457960915,0.632063492063492
120,150,"extreme","hbi","1247",0.8,0.825094801838988,0.78060899863657,0.732839802587702
60,300,"equal","bf_ps","1247",0.816666666666667,0.856570797333018,0.822834132909227,0.814173238856783
60,300,"equal","psis","1247",0.536666666666667,0.708044941450345,0.550869124164548,0.505372906760925
60,300,"equal","waic","1247",0.526666666666667,0.691698870235456,0.535988253401324,0.494243667013774
60,300,"equal","hbi","1247",0.73,0.717821057308928,0.738697190664323,0.699765966044442
60,300,"extreme","bf_ps","1247",0.903333333333333,0.865358451072737,0.833237873618999,0.844475683124577
60,300,"extreme","psis","1247",0.743333333333333,0.701141096979526,0.531441459688802,0.580329145828372
60,300,"extreme","waic","1247",0.73,0.695586272547057,0.518454446701789,0.564859590734405
60,300,"extreme","hbi","1247",0.833333333333333,0.799701065993408,0.716636738544957,0.71983649165367
120,300,"equal","bf_ps","1247",0.862876254180602,0.882743097238896,0.866238998659439,0.862312409025056
120,300,"equal","psis","1247",0.56,0.723818325186073,0.55879023308947,0.50765674983713
120,300,"equal","waic","1247",0.57,0.715971546334109,0.567937603725216,0.539764661608324
120,300,"equal","hbi","1247",0.806666666666667,0.831953332711531,0.807175226271659,0.794790428357691
120,300,"extreme","bf_ps","1247",0.923333333333333,0.897904026475455,0.857142857142857,0.865311711370529
120,300,"extreme","psis","1247",0.74,0.712710094340945,0.54480039734277,0.574670453282415
120,300,"extreme","waic","1247",0.74,0.63873488147073,0.515428074750109,0.638266078184111
120,300,"extreme","hbi","1247",0.903333333333333,0.88590384218767,0.835164835164835,0.838476513418109
60,150,"equal","bf_ps","1248",0.826666666666667,0.843361028621975,0.831410789538868,0.827161035541904
60,150,"equal","psis","1248",0.586666666666667,0.711185124456287,0.56741093471389,0.54236759080732
60,150,"equal","waic","1248",0.553333333333333,0.69793956043956,0.533109439821262,0.510637177701111
60,150,"equal","hbi","1248",0.8,0.862622826908541,0.775890775890776,0.778582151650067
60,150,"extreme","bf_ps","1248",0.9,0.867338962942285,0.835501744557472,0.823836494067045
60,150,"extreme","psis","1248",0.713333333333333,0.694176060118089,0.539995934577978,0.579791433947097
60,150,"extreme","waic","1248",0.726666666666667,0.632190476190476,0.50450379513847,0.628946648052339
60,150,"extreme","hbi","1248",0.853333333333333,0.854957860337117,0.775793650793651,0.853292546399676
120,150,"equal","bf_ps","1248",0.853333333333333,0.877102868174297,0.849016067965648,0.850781046910079
120,150,"equal","psis","1248",0.546666666666667,0.686930526122255,0.549601910694348,0.50203452461517
120,150,"equal","waic","1248",0.613333333333333,0.718908812768907,0.612996849089286,0.595901171388677
120,150,"equal","hbi","1248",0.833333333333333,0.881181318681319,0.803011204481793,0.816754352725315
120,150,"extreme","bf_ps","1248",0.926666666666667,0.936323218425947,0.860037348272642,0.885252394968877
120,150,"extreme","psis","1248",0.813333333333333,0.806077979991023,0.599149514878415,0.685868821873423
120,150,"extreme","waic","1248",0.8,0.793166109253066,0.582196646774652,0.665104930150568
120,150,"extreme","hbi","1248",0.866666666666667,0.884833721286923,0.784407096171802,0.786537510108939
60,300,"equal","bf_ps","1248",0.84,0.878328502232011,0.82414460704456,0.833121133355325
60,300,"equal","psis","1248",0.523333333333333,0.639492916121437,0.51664950626422,0.530561035071886
60,300,"equal","waic","1248",0.52,0.64100757161102,0.514116165884043,0.529740286046514
60,300,"equal","hbi","1248",0.8,0.882928975786119,0.768519715578539,0.767602253996651
60,300,"extreme","bf_ps","1248",0.9,0.885169285105347,0.834329263292374,0.840222737294364
60,300,"extreme","psis","1248",0.75,0.709269237263096,0.523844861519338,0.676525990582026
60,300,"extreme","waic","1248",0.723333333333333,0.679891854555794,0.505469522169422,0.650975768729392
60,300,"extreme","hbi","1248",0.856666666666667,0.862570560138949,0.775617142080253,0.761841156038486
120,300,"equal","bf_ps","1248",0.843333333333333,0.888664130900156,0.839912086471175,0.840218067347484
120,300,"equal","psis","1248",0.536666666666667,0.705315053358417,0.538453630689983,0.485018024622308
120,300,"equal","waic","1248",0.51,0.688777971972509,0.508214711843378,0.464171026976614
120,300,"equal","hbi","1248",0.76,0.827512984024719,0.740565516065403,0.728829512262153
120,300,"extreme","bf_ps","1248",0.916666666666667,0.876799816724629,0.850349898580122,0.860605691551983
120,300,"extreme","psis","1248",0.733333333333333,0.640998438843387,0.51892132715155,0.654308072064921
120,300,"extreme","waic","1248",0.756666666666667,0.654477417839194,0.532944074181397,0.671040354435785
120,300,"extreme","hbi","1248",0.89,0.877603432225281,0.801361199652275,0.819848557252792
60,150,"equal","bf_ps","1249",0.886666666666667,0.905452160621333,0.880380298572518,0.885651749071722
60,150,"equal","psis","1249",0.58,0.736980757215167,0.586308161708619,0.536491636823863
60,150,"equal","waic","1249",0.56,0.726859187324304,0.573549362536777,0.526881028874974
60,150,"equal","hbi","1249",0.78,0.82148105306,0.786449820202681,0.75945298079931
60,150,"extreme","bf_ps","1249",0.933333333333333,0.896698750422155,0.878225478225478,0.859958629336339
60,150,"extreme","psis","1249",0.733333333333333,0.716503654003654,0.577452177452177,0.604345509824478
60,150,"extreme","waic","1249",0.706666666666667,0.711754593389867,0.556288156288156,0.580531897096314
60,150,"extreme","hbi","1249",0.9,0.85501012145749,0.823280423280423,0.888647137703741
120,150,"equal","bf_ps","1249",0.82,0.898507790212859,0.805585392051557,0.808814190279708
120,150,"equal","psis","1249",0.533333333333333,0.710643504055487,0.537308120668696,0.491638563798256
120,150,"equal","waic","1249",0.526666666666667,0.70691391941392,0.529789323676215,0.500409956145641
120,150,"equal","hbi","1249",0.786666666666667,0.848490165296888,0.770357570945999,0.766300850061301
120,150,"extreme","bf_ps","1249",0.926666666666667,0.867153550383364,0.823486438654978,0.840555834588984
120,150,"extreme","psis","1249",0.72,0.704556881027469,0.509347861875952,0.553121418796167
120,150,"extreme","waic","1249",0.68,0.680536130536131,0.466076058772688,0.501425347279352
120,150,"extreme","hbi","1249",0.886666666666667,0.844759009986974,0.762589002757542,0.774444625625426
60,300,"equal","bf_ps","1249",0.82,0.883761105086157,0.817111806473509,0.820685022835425
60,300,"equal","psis","1249",0.543333333333333,0.70660456959084,0.532201467475824,0.500933844309083
60,300,"equal","waic","1249",0.55,0.710640512758848,0.538017783930438,0.506558216104053
60,300,"equal","hbi","1249",0.786666666666667,0.835378265645164,0.785511771570002,0.78531737046025
60,300,"extreme","bf_ps","1249",0.93,0.892762660619803,0.84550181276524,0.861650279735386
60,300,"extreme","psis","1249",0.73,0.647410345972088,0.514282649144951,0.644008299392915
60,300,"extreme","waic","1249",0.713333333333333,0.641872859507564,0.49902402439939,0.6162674741258
60,300,"extreme","hbi","1249",0.893333333333333,0.841392115356781,0.779978640285546,0.783194539756418
120,300,"equal","bf_ps","1249",0.826666666666667,0.897869976145182,0.824123343728207,0.828123411891834
120,300,"equal","psis","1249",0.516666666666667,0.715347018172592,0.516991527920562,0.483587686233633
120,300,"equal","waic","1249",0.506666666666667,0.708422344681156,0.505990281908744,0.484193767741047
120,300,"equal","hbi","1249",0.793333333333333,0.846381048145754,0.788200960310119,0.790023305622214
120,300,"extreme","bf_ps","1249",0.923333333333333,0.886511281531246,0.836381051898293,0.853739133487369
120,300,"extreme","psis","1249",0.77,0.69911220043573,0.541241835451571,0.69417680023832
120,300,"extreme","waic","1249",0.76,0.67618015732885,0.514975191146186,0.66449351762563
120,300,"extreme","hbi","1249",0.886666666666667,0.872017711492497,0.78723192516296,0.806520806520806
60,150,"equal","bf_ps","1250",0.786666666666667,0.86186987615559,0.817058092811269,0.817657375846745
60,150,"equal","psis","1250",0.62,0.728624871001032,0.574614069133125,0.66406697781053
60,150,"equal","waic","1250",0.586666666666667,0.710817619730819,0.542442574565987,0.632868618297407
60,150,"equal","hbi","1250",0.66,0.679565672422815,0.709496974760133,0.779902577054316
60,150,"extreme","bf_ps","1250",0.913333333333333,0.870098039215686,0.772581032412965,0.880582453849781
60,150,"extreme","psis","1250",0.733333333333333,0.625652497652886,0.487749099639856,0.611523687362853
60,150,"extreme","waic","1250",0.72,0.622815496739547,0.470264105642257,0.602145386684493
60,150,"extreme","hbi","1250",0.906666666666667,0.856775371338478,0.754723889555822,0.867147114273551
120,150,"equal","bf_ps","1250",0.806666666666667,0.881751305173232,0.808812615955473,0.804084429470713
120,150,"equal","psis","1250",0.513333333333333,0.685044419459116,0.517603404998363,0.502743844849108
120,150,"equal","waic","1250",0.52,0.691679537427619,0.516713958310597,0.502329050000097
120,150,"equal","hbi","1250",0.78,0.845849094786656,0.780210265924552,0.764286502057152
120,150,"extreme","bf_ps","1250",0.906666666666667,0.890052599730019,0.789424860853432,0.810753317720531
120,150,"extreme","psis","1250",0.78,0.655624568668047,0.489486703772418,0.636669950738916
120,150,"extreme","waic","1250",0.773333333333333,0.650997120487375,0.485783000068714,0.63070300301344
120,150,"extreme","hbi","1250",0.873333333333333,0.849813928761297,0.717996289424861,0.819837600758653
60,300,"equal","bf_ps","1250",0.83,0.886131400943815,0.844165827659097,0.846869104561232
60,300,"equal","psis","1250",0.573333333333333,0.743052634779798,0.553375504288338,0.52399171255322
60,300,"equal","waic","1250",0.55,0.739852026953103,0.525510523381074,0.496646851538156
60,300,"equal","hbi","1250",0.76,0.855417732817837,0.784060923878553,0.770786093579866
60,300,"extreme","bf_ps","1250",0.903333333333333,0.898030876844436,0.793382106071355,0.827176353397316
60,300,"extreme","psis","1250",0.75,0.71811914259137,0.562752397084122,0.549872172594496
60,300,"extreme","waic","1250",0.713333333333333,0.691485555261065,0.508315351160743,0.493236214863813
60,300,"extreme","hbi","1250",0.89,0.872503541368121,0.752658558587845,0.775451334566498
120,300,"equal","bf_ps","1250",0.796666666666667,0.86842930970838,0.800267483194313,0.795191779136691
120,300,"equal","psis","1250",0.533333333333333,0.696918862267158,0.53199075411619,0.496397777284371
120,300,"equal","waic","1250",0.51,0.683113844899296,0.505292162347912,0.472549863719901
120,300,"equal","hbi","1250",0.72,0.677003890304189,0.715223790920655,0.795519868223755
120,300,"extreme","bf_ps","1250",0.883333333333333,0.851468386447708,0.752585813376087,0.761190578333436
120,300,"extreme","psis","1250",0.756666666666667,0.613983076627494,0.489118615258433,0.62173905270042
120,300,"extreme","waic","1250",0.75,0.611779638490165,0.471566258800301,0.606690071856711
120,300,"extreme","hbi","1250",0.843333333333333,0.83328039909727,0.694016722892103,0.6759215288491
60,150,"equal","bf_ps","1251",0.813333333333333,0.861988237684832,0.827777777777778,0.82185433614005
60,150,"equal","psis","1251",0.553333333333333,0.725793650793651,0.545759637188209,0.514706049643938
60,150,"equal","waic","1251",0.52,0.711976361601436,0.507074829931973,0.464535935698314
60,150,"equal","hbi","1251",0.753333333333333,0.809907662124411,0.758730158730159,0.749289187105325
60,150,"extreme","bf_ps","1251",0.92,0.912769890564922,0.835476254121001,0.864773581622073
60,150,"extreme","psis","1251",0.76,0.747294372294372,0.574149705324525,0.640742446051123
60,150,"extreme","waic","1251",0.726666666666667,0.73023088023088,0.525641221471213,0.595424821705116
60,150,"extreme","hbi","1251",0.88,0.873242630385488,0.737137383689108,0.863989191844756
120,150,"equal","bf_ps","1251",0.813333333333333,0.872010342598578,0.828275658089323,0.809250615139673
120,150,"equal","psis","1251",0.5,0.671020103373045,0.501281672089126,0.44178630101598
120,150,"equal","waic","1251",0.506666666666667,0.615387872628726,0.503815439219166,0.525735453005452
120,150,"equal","hbi","1251",0.746666666666667,0.821321160042965,0.761579414374445,0.727221309979931
120,150,"extreme","bf_ps","1251",0.92,0.86198676139766,0.80989010989011,0.827932153967893
120,150,"extreme","psis","1251",0.76,0.696697012138189,0.57130670747692,0.639472345375799
120,150,"extreme","waic","1251",0.766666666666667,0.680151515151515,0.545296547424207,0.620073940507377
120,150,"extreme","hbi","1251",0.86,0.823432343234323,0.708991008991009,0.708837381106289
60,300,"equal","bf_ps","1251",0.81,0.855971523708938,0.821735866244367,0.813449999835411
60,300,"equal","psis","1251",0.503333333333333,0.702821059488649,0.502680244995435,0.450727326030006
60,300,"equal","waic","1251",0.49,0.69598829793799,0.485353373268834,0.430491399756025
60,300,"equal","hbi","1251",0.79,0.836968190057052,0.787152541940504,0.781763417689568
60,300,"extreme","bf_ps","1251",0.896666666666667,0.885052202699262,0.792001449702688,0.823839946883922
60,300,"extreme","psis","1251",0.72,0.69682013993068,0.500382054251576,0.554194356796875
60,300,"extreme","waic","1251",0.696666666666667,0.688816509653411,0.482670735028284,0.53120565390504
60,300,"extreme","hbi","1251",0.876666666666667,0.867534002640386,0.762483209658132,0.785039955444999
120,300,"equal","bf_ps","1251",0.836666666666667,0.877412492470159,0.83945085224155,0.837192947523326
120,300,"equal","psis","1251",0.526666666666667,0.694259733240139,0.532280497273075,0.47650364664818
120,300,"equal","waic","1251",0.523333333333333,0.694288293479633,0.52816934897588,0.471644654669993
120,300,"equal","hbi","1251",0.783333333333333,0.826605968766046,0.784033746824444,0.769349315735951
120,300,"extreme","bf_ps","1251",0.926666666666667,0.914664855841326,0.836904761904762,0.860881231750867
120,300,"extreme","psis","1251",0.76,0.640789817019472,0.52724292615597,0.649768402167872
120,300,"extreme","waic","1251",0.736666666666667,0.680424067775258,0.504830917874396,0.541077742871034
120,300,"extreme","hbi","1251",0.876666666666667,0.881632113590876,0.770445134575569,0.785329785825636
60,150,"equal","bf_ps","1252",0.84,0.882758275724083,0.847269960615825,0.845032498555795
60,150,"equal","psis","1252",0.573333333333333,0.725785869903517,0.551784222460914,0.51137362746517
60,150,"equal","waic","1252",0.573333333333333,0.686623673416957,0.552634562596969,0.58525767570257
60,150,"equal","hbi","1252",0.706666666666667,0.752378240171228,0.74171440506027,0.701926064709184
60,150,"extreme","bf_ps","1252",0.873333333333333,0.829680735930736,0.794150025601638,0.798280423280423
60,150,"extreme","psis","1252",0.693333333333333,0.663576815117911,0.516705069124424,0.581862656886436
60,150,"extreme","waic","1252",0.713333333333333,0.68339653810242,0.625281618023554,0.68009438009438
60,150,"extreme","hbi","1252",0.82,0.646585997272496,0.601344086021505,0.788510045444492
120,150,"equal","bf_ps","1252",0.84,0.891689450899977,0.842527519599698,0.845406387511109
120,150,"equal","psis","1252",0.64,0.76659125188537,0.564976146149845,0.634116406056093
120,150,"equal","waic","1252",0.626666666666667,0.744197584694255,0.563650474605711,0.646137972066872
120,150,"equal","hbi","1252",0.706666666666667,0.773020498521989,0.735183428693816,0.705999301682057
120,150,"extreme","bf_ps","1252",0.96,0.941291540539661,0.916064783170046,0.92530052875033
120,150,"extreme","psis","1252",0.786666666666667,0.776503084035365,0.641729323308271,0.699028938570738
120,150,"extreme","waic","1252",0.806666666666667,0.792320261437908,0.662593984962406,0.719436481941649
120,150,"extreme","hbi","1252",0.873333333333333,0.752109866502992,0.730145439355966,0.847785848822118
60,300,"equal","bf_ps","1252",0.84,0.899998975408086,0.853069781371668,0.8520056121476
60,300,"equal","psis","1252",0.566666666666667,0.735024207904877,0.529885558187445,0.503922311737586
60,300,"equal","waic","1252",0.536666666666667,0.716347743916844,0.499826658317224,0.468589460375448
60,300,"equal","hbi","1252",0.793333333333333,0.858912374222608,0.809002196266347,0.810477215477466
60,300,"extreme","bf_ps","1252",0.896666666666667,0.878542876572433,0.806850160012478,0.818887174685188
60,300,"extreme","psis","1252",0.713333333333333,0.66785422655916,0.508488121048935,0.577257485466441
60,300,"extreme","waic","1252",0.706666666666667,0.668953824252774,0.482148128543529,0.55027050345342
60,300,"extreme","hbi","1252",0.856666666666667,0.853505385084332,0.749161497502939,0.738813928084084
120,300,"equal","bf_ps","1252",0.806666666666667,0.886299208386821,0.828645758057523,0.820698589549929
120,300,"equal","psis","1252",0.53,0.662568886110076,0.5010148582904,0.541634140996042
120,300,"equal","waic","1252",0.536666666666667,0.716388827789872,0.505593908735191,0.470124211438483
120,300,"equal","hbi","1252",0.72,0.79290194169449,0.744505757818451,0.711566130089275
120,300,"extreme","bf_ps","1252",0.886666666666667,0.887115715851558,0.790328579656903,0.808597334453638
120,300,"extreme","psis","1252",0.686666666666667,0.74826071171585,0.501875726376717,0.498076944789391
120,300,"extreme","waic","1252",0.706666666666667,0.750157898949995,0.509319142862964,0.519898535536887
120,300,"extreme","hbi","1252",0.853333333333333,0.878576771022545,0.742132600426441,0.74327597050382
60,150,"equal","bf_ps","1253",0.846666666666667,0.87983709273183,0.840368412811349,0.842251179741014
60,150,"equal","psis","1253",0.52,0.692857142857143,0.527684620759059,0.479684867990715
60,150,"equal","waic","1253",0.5,0.670624018838305,0.507649764711377,0.454566744730679
60,150,"equal","hbi","1253",0.76,0.82757514353259,0.743496254336975,0.732937245132367
60,150,"extreme","bf_ps","1253",0.94,0.885270869481396,0.846938775510204,0.854069551811627
60,150,"extreme","psis","1253",0.733333333333333,0.670364082248632,0.535587867685644,0.666254112783193
60,150,"extreme","waic","1253",0.72,0.679746031746032,0.531833490759558,0.657863815382612
60,150,"extreme","hbi","1253",0.886666666666667,0.842567910637218,0.76530612244898,0.858991442202046
120,150,"equal","bf_ps","1253",0.826666666666667,0.883545918367347,0.81871325605341,0.821676505887032
120,150,"equal","psis","1253",0.58,0.706790235322844,0.57037203323472,0.544658376531796
120,150,"equal","waic","1253",0.586666666666667,0.714209045815087,0.572163345370859,0.554268364347274
120,150,"equal","hbi","1253",0.786666666666667,0.83274949826674,0.772112797688245,0.764860957790761
120,150,"extreme","bf_ps","1253",0.926666666666667,0.883963133640553,0.854819466248038,0.8650173869846
120,150,"extreme","psis","1253",0.74,0.656027704820808,0.551916971916972,0.653883785591103
120,150,"extreme","waic","1253",0.753333333333333,0.653048748353096,0.550964590964591,0.653013482501434
120,150,"extreme","hbi","1253",0.846666666666667,0.8331957154235,0.738758067329496,0.733588828685961
60,300,"equal","bf_ps","1253",0.846666666666667,0.882955182072829,0.836929579083878,0.843762862144724
60,300,"equal","psis","1253",0.52,0.685892164695337,0.525798061406103,0.474112036848879
60,300,"equal","waic","1253",0.503333333333333,0.673938858014035,0.506567305480349,0.461617974403119
60,300,"equal","hbi","1253",0.806666666666667,0.86686974789916,0.788263958989686,0.786814969296721
60,300,"extreme","bf_ps","1253",0.916666666666667,0.876052239077449,0.843864541141573,0.851862863147928
60,300,"extreme","psis","1253",0.74,0.747935537851504,0.593263484739412,0.569910206812842
60,300,"extreme","waic","1253",0.7,0.678485675899278,0.506144999436239,0.541476725934522
60,300,"extreme","hbi","1253",0.873333333333333,0.838256372244871,0.768519996183769,0.862033462033462
120,300,"equal","bf_ps","1253",0.84,0.893608592601214,0.84153833780015,0.841567171396931
120,300,"equal","psis","1253",0.56,0.718508058319508,0.556454255427701,0.509050531041951
120,300,"equal","waic","1253",0.543333333333333,0.711715141836202,0.539180943593249,0.506278684060186
120,300,"equal","hbi","1253",0.78,0.829147746054944,0.771480325911844,0.755411663531507
120,300,"extreme","bf_ps","1253",0.936666666666667,0.930398495773798,0.862215320910973,0.887868329913184
120,300,"extreme","psis","1253",0.75,0.708979331615994,0.548181280417305,0.696012446873103
120,300,"extreme","waic","1253",0.723333333333333,0.749058454843029,0.550566355659523,0.587382964112524
120,300,"extreme","hbi","1253",0.9,0.910994344097792,0.797506117071334,0.814052165000332
60,150,"equal","bf_ps","1254",0.813333333333333,0.867197913648218,0.81675342201658,0.799782200516876
60,150,"equal","psis","1254",0.493333333333333,0.684819483926627,0.522246863412277,0.472113040918606
60,150,"equal","waic","1254",0.486666666666667,0.68059595633125,0.501541378421078,0.476708857389773
60,150,"equal","hbi","1254",0.76,0.835290186249939,0.751567980891289,0.733517371182301
60,150,"extreme","bf_ps","1254",0.873333333333333,0.839201293165488,0.783452136835595,0.78468794494542
60,150,"extreme","psis","1254",0.706666666666667,0.713888888888889,0.555845783289392,0.622164931573073
60,150,"extreme","waic","1254",0.7,0.696482638639501,0.523801386583342,0.590623496873497
60,150,"extreme","hbi","1254",0.806666666666667,0.793908472479901,0.735483188490707,0.71491398966482
120,150,"equal","bf_ps","1254",0.853333333333333,0.86946686946687,0.84977469248569,0.84669048397391
120,150,"equal","psis","1254",0.573333333333333,0.758772739865177,0.610231048941316,0.569400700330492
120,150,"equal","waic","1254",0.58,0.754431441506993,0.609580788837274,0.581179329202801
120,150,"equal","hbi","1254",0.746666666666667,0.754872475305912,0.749312768585695,0.718424811422755
120,150,"extreme","bf_ps","1254",0.94,0.918017152096326,0.90974025974026,0.908324673472299
120,150,"extreme","psis","1254",0.726666666666667,0.755390522631902,0.550092318337932,0.620470810947001
120,150,"extreme","waic","1254",0.733333333333333,0.748179483914778,0.540345729643975,0.612978196685672
120,150,"extreme","hbi","1254",0.866666666666667,0.884267752044638,0.846883116883117,0.833193277310924
60,300,"equal","bf_ps","1254",0.873333333333333,0.879424496476168,0.859269171688527,0.86234726448719
60,300,"equal","psis","1254",0.483333333333333,0.694595406031817,0.502618143322554,0.464411030158775
60,300,"equal","waic","1254",0.476666666666667,0.686319721865899,0.495541456568448,0.453403552294846
60,300,"equal","hbi","1254",0.82,0.86697495351158,0.802701169797944,0.798151393158041
60,300,"extreme","bf_ps","1254",0.896666666666667,0.891303630307259,0.838039944650984,0.853986317468202
60,300,"extreme","psis","1254",0.756666666666667,0.749802729024088,0.553507300319453,0.630310836549337
60,300,"extreme","waic","1254",0.746666666666667,0.737139441807219,0.550509784356596,0.619461289699533
60,300,"extreme","hbi","1254",0.86,0.859313442768412,0.805746628211327,0.809347840168907
120,300,"equal","bf_ps","1254",0.85,0.867181930167502,0.839125436197905,0.841950307791834
120,300,"equal","psis","1254",0.496666666666667,0.701854672336982,0.512417872846013,0.473944397876563
120,300,"equal","waic","1254",0.513333333333333,0.711406004709576,0.5275202615223,0.497269948072315
120,300,"equal","hbi","1254",0.773333333333333,0.69126132432016,0.75377502122183,0.836385757639869
120,300,"extreme","bf_ps","1254",0.926666666666667,0.923876622349838,0.881643356643357,0.894559909446626
120,300,"extreme","psis","1254",0.766666666666667,0.762430037570702,0.552613350504917,0.739160755092324
120,300,"extreme","waic","1254",0.743333333333333,0.701895793044799,0.515569069484732,0.67415732899518
120,300,"extreme","hbi","1254",0.876666666666667,0.887306030478695,0.829370629370629,0.834049301879672
60,150,"equal","bf_ps","1255",0.88,0.898715041572184,0.855295093922096,0.8589175530352
60,150,"equal","psis","1255",0.493333333333333,0.690221815221815,0.524317099580475,0.494822009149859
60,150,"equal","waic","1255",0.453333333333333,0.682933598659405,0.495534680474606,0.446819738911576
60,150,"equal","hbi","1255",0.76,0.811164105281752,0.740496746489478,0.722686202686203
60,150,"extreme","bf_ps","1255",0.933333333333333,0.862512827697529,0.860805860805861,0.854748603351955
60,150,"extreme","psis","1255",0.746666666666667,0.809863945578231,0.612296037296037,0.645486957264194
60,150,"extreme","waic","1255",0.733333333333333,0.803610333022098,0.571361971361971,0.596078431372549
60,150,"extreme","hbi","1255",0.853333333333333,0.844322344322344,0.794871794871795,0.773291925465838
120,150,"equal","bf_ps","1255",0.886666666666667,0.912568778267508,0.888473824312334,0.882972082220203
120,150,"equal","psis","1255",0.526666666666667,0.720684427617201,0.547406092871931,0.474931437440521
120,150,"equal","waic","1255",0.486666666666667,0.71105715013278,0.504514936409346,0.448223033360501
120,150,"equal","hbi","1255",0.813333333333333,0.838888888888889,0.808070097604259,0.791120210009675
120,150,"extreme","bf_ps","1255",0.966666666666667,0.946446811615351,0.950396825396825,0.943741769678433
120,150,"extreme","psis","1255",0.806666666666667,0.825525525525525,0.658189033189033,0.708989083258089
120,150,"extreme","waic","1255",0.773333333333333,0.792747747747748,0.632395382395382,0.69912910326347
120,150,"extreme","hbi","1255",0.906666666666667,0.909755206430398,0.878968253968254,0.853222912353347
60,300,"equal","bf_ps","1255",0.866666666666667,0.898688107028083,0.853633271490414,0.855243764172336
60,300,"equal","psis","1255",0.483333333333333,0.68062656641604,0.51049654710369,0.47183100117053
60,300,"equal","waic","1255",0.47,0.675458176199455,0.497857400535972,0.45757947652189
60,300,"equal","hbi","1255",0.806666666666667,0.844677664999558,0.795910636982066,0.789609558108958
60,300,"extreme","bf_ps","1255",0.933333333333333,0.875982891887075,0.883504378763,0.877026961527164
60,300,"extreme","psis","1255",0.743333333333333,0.644045032177186,0.546886973180077,0.666923213737258
60,300,"extreme","waic","1255",0.743333333333333,0.625798011512297,0.508109508171085,0.636449447414642
60,300,"extreme","hbi","1255",0.863333333333333,0.84039652953446,0.841611932129174,0.796466483569637
120,300,"equal","bf_ps","1255",0.866666666666667,0.89945927945928,0.864372117362151,0.86404983701549
120,300,"equal","psis","1255",0.543333333333333,0.709988295204242,0.552437054631866,0.520884289322342
120,300,"equal","waic","1255",0.54,0.707266526875019,0.5493372296122,0.520600703103789
120,300,"equal","hbi","1255",0.843333333333333,0.883115513112105,0.840585715502659,0.835039265891636
120,300,"extreme","bf_ps","1255",0.926666666666667,0.892402961184474,0.880422168867547,0.873216904558285
120,300,"extreme","psis","1255",0.77,0.759745678010614,0.575898078529657,0.639778458491909
120,300,"extreme","waic","1255",0.736666666666667,0.727560778148026,0.542324298140309,0.58679536522157
120,300,"extreme","hbi","1255",0.87,0.872787114845938,0.82765579916177,0.7935048477857
60,150,"equal","bf_ps","1256",0.82,0.870836755754934,0.807602040816327,0.810999152269195
60,150,"equal","psis","1256",0.513333333333333,0.673095641418623,0.496296097386323,0.455551813384995
60,150,"equal","waic","1256",0.513333333333333,0.674684574684575,0.496192266380236,0.443478749911668
60,150,"equal","hbi","1256",0.746666666666667,0.8281276280402,0.746683673469388,0.731671613001556
60,150,"extreme","bf_ps","1256",0.926666666666667,0.850546231443549,0.836180124223602,0.832435613541604
60,150,"extreme","psis","1256",0.733333333333333,0.731181773879142,0.536268855368234,0.570847620997322
60,150,"extreme","waic","1256",0.706666666666667,0.722679587482219,0.514307897071872,0.548315833220156
60,150,"extreme","hbi","1256",0.853333333333333,0.702137998056365,0.718537414965986,0.798109857978279
120,150,"equal","bf_ps","1256",0.786666666666667,0.859235209235209,0.792863856068743,0.786894850563607
120,150,"equal","psis","1256",0.506666666666667,0.670338447082633,0.515397422126745,0.553266075766664
120,150,"equal","waic","1256",0.553333333333333,0.734237597478016,0.564172932330827,0.53378750599472
120,150,"equal","hbi","1256",0.7,0.799659863945578,0.738151181525242,0.697462765717399
120,150,"extreme","bf_ps","1256",0.906666666666667,0.877762588288904,0.807142857142857,0.827136250916739
120,150,"extreme","psis","1256",0.766666666666667,0.73198715682809,0.560371166010264,0.611958049036069
120,150,"extreme","waic","1256",0.753333333333333,0.706524469682364,0.513623344074472,0.580312636721932
120,150,"extreme","hbi","1256",0.84,0.82929717341482,0.734962406015038,0.744184981684982
60,300,"equal","bf_ps","1256",0.813333333333333,0.885017462794452,0.815368451616847,0.815037026248383
60,300,"equal","psis","1256",0.506666666666667,0.711469338850291,0.510563951575993,0.483934717538696
60,300,"equal","waic","1256",0.453333333333333,0.675394704929019,0.45248227673213,0.418008863033234
60,300,"equal","hbi","1256",0.68,0.75157405536472,0.706494187518874,0.677490424029237
60,300,"extreme","bf_ps","1256",0.92,0.882753679748635,0.815454386882958,0.835442144062834
60,300,"extreme","psis","1256",0.74,0.762228847582989,0.552497893537192,0.556888165894377
60,300,"extreme","waic","1256",0.723333333333333,0.711876993356415,0.501091732724794,0.557325669426093
60,300,"extreme","hbi","1256",0.863333333333333,0.85295864377497,0.746663943876487,0.734494858873579
120,300,"equal","bf_ps","1256",0.826666666666667,0.898920437740313,0.838608699293671,0.834708812569552
120,300,"equal","psis","1256",0.533333333333333,0.723606221486333,0.539125615983543,0.512783457735536
120,300,"equal","waic","1256",0.53,0.71186936452303,0.528796647662146,0.524278575985893
120,300,"equal","hbi","1256",0.766666666666667,0.85176683781335,0.791896578809047,0.773747962278946
120,300,"extreme","bf_ps","1256",0.91,0.887340845429081,0.824646781789639,0.835170407804143
120,300,"extreme","psis","1256",0.726666666666667,0.654843208593209,0.493176579906964,0.635363758544316
120,300,"extreme","waic","1256",0.733333333333333,0.645900676923764,0.492086513140374,0.630827365814959
120,300,"extreme","hbi","1256",0.876666666666667,0.871011206414933,0.787711315410691,0.78631836810979
60,150,"equal","bf_ps","1257",0.826666666666667,0.871130952380952,0.838383838383838,0.831362948505806
60,150,"equal","psis","1257",0.52,0.641893339503634,0.503968253968254,0.533015228499099
60,150,"equal","waic","1257",0.506666666666667,0.640873015873016,0.490440115440115,0.512812580897818
60,150,"equal","hbi","1257",0.766666666666667,0.828161802355351,0.776334776334776,0.761677440839428
60,150,"extreme","bf_ps","1257",0.933333333333333,0.922546897546898,0.887998112998113,0.896322873718776
60,150,"extreme","psis","1257",0.78,0.697571828121027,0.566736041736042,0.719857202251434
60,150,"extreme","waic","1257",0.766666666666667,0.75453216374269,0.610386835386835,0.693846729212583
60,150,"extreme","hbi","1257",0.866666666666667,0.745459401709402,0.717821067821068,0.835131290016873
120,150,"equal","bf_ps","1257",0.806666666666667,0.873992673992674,0.814548546691404,0.796461421061634
120,150,"equal","psis","1257",0.52,0.686328094456173,0.516640627542883,0.454295078355229
120,150,"equal","waic","1257",0.526666666666667,0.691397028897029,0.525550890212544,0.468733495481216
120,150,"equal","hbi","1257",0.753333333333333,0.830075187969925,0.744666048237477,0.698775552878896
120,150,"extreme","bf_ps","1257",0.88,0.852625467316189,0.80151833460657,0.801235230934479
120,150,"extreme","psis","1257",0.746666666666667,0.727741566208766,0.527951649868158,0.604464758233858
120,150,"extreme","waic","1257",0.76,0.721323529411765,0.514702801941891,0.601504466846601
120,150,"extreme","hbi","1257",0.806666666666667,0.778792575032721,0.705444421170228,0.787161084529506
60,300,"equal","bf_ps","1257",0.83,0.868281206431824,0.833320964749536,0.826612240194717
60,300,"equal","psis","1257",0.546666666666667,0.660320588296427,0.542681003321472,0.551336732948402
60,300,"equal","waic","1257",0.55,0.708683696390745,0.549447502128787,0.492977594572736
60,300,"equal","hbi","1257",0.756666666666667,0.777947224024937,0.747987078777352,0.705096800978595
60,300,"extreme","bf_ps","1257",0.91,0.887527285956828,0.843552374885071,0.855441080541806
60,300,"extreme","psis","1257",0.786666666666667,0.724093347634749,0.55317726178975,0.731382719959956
60,300,"extreme","waic","1257",0.78,0.729391660970608,0.550007217431714,0.725260733059922
60,300,"extreme","hbi","1257",0.87,0.867739634043982,0.805320718162792,0.79045954045954
120,300,"equal","bf_ps","1257",0.833333333333333,0.881678617392903,0.833829996337604,0.827642731375891
120,300,"equal","psis","1257",0.51,0.686721838888773,0.523725520631877,0.449275460064359
120,300,"equal","waic","1257",0.503333333333333,0.682572076449627,0.521434460389334,0.449229846339063
120,300,"equal","hbi","1257",0.786666666666667,0.836416056988833,0.768878051201327,0.745969279756423
120,300,"extreme","bf_ps","1257",0.893333333333333,0.848810699641264,0.810176305158935,0.816684971423742
120,300,"extreme","psis","1257",0.736666666666667,0.714203131703132,0.55037059516544,0.594828512264494
120,300,"extreme","waic","1257",0.7,0.631883490073145,0.475762986758949,0.612516595503804
120,300,"extreme","hbi","1257",0.853333333333333,0.833437770422474,0.764480261378294,0.760386666647204
60,150,"equal","bf_ps","1258",0.766666666666667,0.806646825396825,0.76306309963599,0.755733155733156
60,150,"equal","psis","1258",0.506666666666667,0.660397395032283,0.511412246057843,0.456289234696684
60,150,"equal","waic","1258",0.48,0.642228029423151,0.482926262292357,0.441905267242627
60,150,"equal","hbi","1258",0.726666666666667,0.769585253456221,0.727988200110962,0.715262211040491
60,150,"extreme","bf_ps","1258",0.86,0.743616363373202,0.736542443064182,0.716995830590301
60,150,"extreme","psis","1258",0.646666666666667,0.53870841995842,0.389648033126294,0.489492769613252
60,150,"extreme","waic","1258",0.66,0.5895181429428,0.419772256728778,0.537254229307503
60,150,"extreme","hbi","1258",0.806666666666667,0.718809224569593,0.690579710144927,0.653877820079911
120,150,"equal","bf_ps","1258",0.86,0.899725274725275,0.853823953823954,0.850162673765158
120,150,"equal","psis","1258",0.533333333333333,0.666744813867576,0.559055187731658,0.58374820965304
120,150,"equal","waic","1258",0.58,0.748953317064772,0.589276323235302,0.55858078429507
120,150,"equal","hbi","1258",0.74,0.7700973365935,0.75992187278952,0.717978908285598
120,150,"extreme","bf_ps","1258",0.886666666666667,0.851234567901235,0.784923510466989,0.808112973957925
120,150,"extreme","psis","1258",0.78,0.713280053280053,0.583351279514192,0.689608843537415
120,150,"extreme","waic","1258",0.76,0.692044571018588,0.546158062200493,0.654866247904015
120,150,"extreme","hbi","1258",0.826666666666667,0.811775853012966,0.720008051529791,0.736590288445127
60,300,"equal","bf_ps","1258",0.87,0.898538011695906,0.863991126219387,0.859260091425358
60,300,"equal","psis","1258",0.523333333333333,0.696270820156019,0.53990900266486,0.478904718522203
60,300,"equal","waic","1258",0.506666666666667,0.689402318013636,0.523756176113916,0.464519580591513
60,300,"equal","hbi","1258",0.85,0.848854262959539,0.842332316788839,0.839503189362973
60,300,"extreme","bf_ps","1258",0.876666666666667,0.878976697061803,0.794952596423185,0.804292532863962
60,300,"extreme","psis","1258",0.743333333333333,0.690207459207459,0.51882308867603,0.668028026565224
60,300,"extreme","waic","1258",0.726666666666667,0.672395979612004,0.493947229241347,0.647502586976886
60,300,"extreme","hbi","1258",0.843333333333333,0.846985204947854,0.7604038118744,0.760533492783231
120,300,"equal","bf_ps","1258",0.853333333333333,0.89646960005169,0.84516240518793,0.850249675330939
120,300,"equal","psis","1258",0.543333333333333,0.70637630010335,0.549020899960046,0.503054192724307
120,300,"equal","waic","1258",0.526666666666667,0.69673670756563,0.537346540637603,0.502489420732402
120,300,"equal","hbi","1258",0.816666666666667,0.853724347027918,0.812541487314601,0.808800793725259
120,300,"extreme","bf_ps","1258",0.9,0.868612006205991,0.817215776027251,0.82672182032055
120,300,"extreme","psis","1258",0.746666666666667,0.650284205731014,0.503243204882549,0.63033213530675
120,300,"extreme","waic","1258",0.793333333333333,0.751623945460041,0.588418582783337,0.661045845371467
120,300,"extreme","hbi","1258",0.853333333333333,0.826816423635275,0.754526382087857,0.761082078645093
60,150,"equal","bf_ps","1259",0.846666666666667,0.860817890374541,0.855856168554378,0.853500751017182
60,150,"equal","psis","1259",0.546666666666667,0.697727272727273,0.515405684012736,0.487502421508182
60,150,"equal","waic","1259",0.54,0.64973544973545,0.503413887294048,0.535168919943279
60,150,"equal","hbi","1259",0.833333333333333,0.861748048844823,0.845367190354403,0.839395245277598
60,150,"extreme","bf_ps","1259",0.9,0.86771853877117,0.795018007202881,0.817701777985996
60,150,"extreme","psis","1259",0.733333333333333,0.725811688311688,0.548834751291821,0.607077306596537
60,150,"extreme","waic","1259",0.693333333333333,0.696419321419321,0.466647528576648,0.53515367095851
60,150,"extreme","hbi","1259",0.813333333333333,0.656463675213675,0.563325330132053,0.773857586512866
120,150,"equal","bf_ps","1259",0.826666666666667,0.861468829956225,0.828339788866105,0.826278014579651
120,150,"equal","psis","1259",0.58,0.708881196629732,0.578149920255183,0.539373194851235
120,150,"equal","waic","1259",0.56,0.691638282241368,0.556458787661795,0.530762654006533
120,150,"equal","hbi","1259",0.733333333333333,0.747194072136864,0.72061512005121,0.689736031578937
120,150,"extreme","bf_ps","1259",0.933333333333333,0.90793023401719,0.879341210168278,0.883589395517377
120,150,"extreme","psis","1259",0.693333333333333,0.717649017649018,0.53051052957068,0.681309098777453
120,150,"extreme","waic","1259",0.693333333333333,0.711111111111111,0.519435764736517,0.669776203328835
120,150,"extreme","hbi","1259",0.846666666666667,0.869205622752534,0.800715262181428,0.780310960395796
60,300,"equal","bf_ps","1259",0.843333333333333,0.887678202185058,0.852467860754008,0.849428246132175
60,300,"equal","psis","1259",0.563333333333333,0.731098786980232,0.545214811910608,0.48831187156253
60,300,"equal","waic","1259",0.55,0.715582622577224,0.531451166917728,0.491006166988846
60,300,"equal","hbi","1259",0.743333333333333,0.708681726918809,0.74698303790677,0.833355357837857
60,300,"extreme","bf_ps","1259",0.903333333333333,0.883917066205407,0.826530612244898,0.83490593324774
60,300,"extreme","psis","1259",0.716666666666667,0.743035572647682,0.531517646931181,0.602562242903634
60,300,"extreme","waic","1259",0.686666666666667,0.709373756920927,0.475383263353188,0.547655059343471
60,300,"extreme","hbi","1259",0.85,0.854063644688645,0.76515693996897,0.740020258453438
120,300,"equal","bf_ps","1259",0.86,0.901481145573853,0.860450026164312,0.862043342630254
120,300,"equal","psis","1259",0.55,0.718199446774757,0.550896108722196,0.483420472456533
120,300,"equal","waic","1259",0.533333333333333,0.706277034504718,0.538299395566476,0.482613349828558
120,300,"equal","hbi","1259",0.773333333333333,0.832001089958383,0.775447409733124,0.758721264742605
120,300,"extreme","bf_ps","1259",0.94,0.889757360010336,0.880688085381452,0.878804863460893
120,300,"extreme","psis","1259",0.753333333333333,0.672780156903977,0.556350428878589,0.675035108765591
120,300,"extreme","waic","1259",0.756666666666667,0.674829319135482,0.547419851737749,0.670080415171558
120,300,"extreme","hbi","1259",0.903333333333333,0.869454011991325,0.821482439129498,0.818652171996287
60,150,"equal","bf_ps","1260",0.866666666666667,0.902236652236652,0.866605644546148,0.864028675968766
60,150,"equal","psis","1260",0.533333333333333,0.698165869218501,0.542445710549666,0.502280218144818
60,150,"equal","waic","1260",0.52,0.677006009190527,0.517881972010772,0.465149485354089
60,150,"equal","hbi","1260",0.78,0.713461142032571,0.766370584847211,0.848496119772716
60,150,"extreme","bf_ps","1260",0.886666666666667,0.874891774891775,0.799267399267399,0.801866056672418
60,150,"extreme","psis","1260",0.766666666666667,0.678429027113238,0.514874321081218,0.654941636361444
60,150,"extreme","waic","1260",0.786666666666667,0.699734688658739,0.526217001389415,0.672085650932467
60,150,"extreme","hbi","1260",0.833333333333333,0.848564022383147,0.730695970695971,0.704323308270677
120,150,"equal","bf_ps","1260",0.853333333333333,0.909221005475361,0.857353955568241,0.860724398455034
120,150,"equal","psis","1260",0.5,0.656371406371406,0.497859154303254,0.530546899203616
120,150,"equal","waic","1260",0.533333333333333,0.718806515235087,0.527661874466386,0.502899901728942
120,150,"equal","hbi","1260",0.793333333333333,0.884852854185152,0.808804161676832,0.801475300066849
120,150,"extreme","bf_ps","1260",0.92,0.922962454212454,0.841666666666667,0.870105487907346
120,150,"extreme","psis","1260",0.706666666666667,0.613540163540163,0.46373507444936,0.586875715945483
120,150,"extreme","waic","1260",0.706666666666667,0.672808800395007,0.504860615574901,0.564318783068783
120,150,"extreme","hbi","1260",0.893333333333333,0.917545787545788,0.803571428571429,0.834540647978037
60,300,"equal","bf_ps","1260",0.82,0.864999160545577,0.825931920156844,0.824773827511442
60,300,"equal","psis","1260",0.516666666666667,0.701713174721365,0.516252911464096,0.48189901444185
60,300,"equal","waic","1260",0.48,0.693546662473465,0.477899680217077,0.432367271277812
60,300,"equal","hbi","1260",0.77,0.82677693955295,0.781429083900688,0.765951439864483
60,300,"extreme","bf_ps","1260",0.886666666666667,0.854609038963193,0.78390847711928,0.799929040915595
60,300,"extreme","psis","1260",0.716666666666667,0.603811677452982,0.467043366729939,0.590198642244547
60,300,"extreme","waic","1260",0.696666666666667,0.593935909892403,0.440258441994239,0.55853942082778
60,300,"extreme","hbi","1260",0.823333333333333,0.812720982486211,0.710436362017905,0.698515375533943
120,300,"equal","bf_ps","1260",0.85,0.905189986953686,0.845810130031135,0.850348097513988
120,300,"equal","psis","1260",0.546666666666667,0.733758160211618,0.549825062493057,0.50565059788381
120,300,"equal","waic","1260",0.536666666666667,0.734850580206762,0.541694230414987,0.503081486270283
120,300,"equal","hbi","1260",0.816666666666667,0.868822241540294,0.820092440172082,0.817527182962968
120,300,"extreme","bf_ps","1260",0.92,0.885167879695923,0.842012288786482,0.857526607547658
120,300,"extreme","psis","1260",0.753333333333333,0.653289261064461,0.49772313849139,0.627020934423104
120,300,"extreme","waic","1260",0.716666666666667,0.676347852863551,0.490548953027731,0.537589118835395
120,300,"extreme","hbi","1260",0.886666666666667,0.875915750915751,0.79844470046083,0.820261545764223
60,150,"equal","bf_ps","1261",0.873333333333333,0.904231032802461,0.86478288633461,0.872907990175542
60,150,"equal","psis","1261",0.593333333333333,0.70715811965812,0.568689563948185,0.600558826210276
60,150,"equal","waic","1261",0.58,0.693827651019145,0.563530833789454,0.57918846111303
60,150,"equal","hbi","1261",0.846666666666667,0.904052688728768,0.835780423280423,0.833709509444803
60,150,"extreme","bf_ps","1261",0.96,0.930952380952381,0.909340659340659,0.903652765454008
60,150,"extreme","psis","1261",0.793333333333333,0.678888888888889,0.58050283050283,0.692697466467958
60,150,"extreme","waic","1261",0.753333333333333,0.655420666290232,0.546037296037296,0.635138274888582
60,150,"extreme","hbi","1261",0.9,0.890896543070456,0.824481074481074,0.774747474747475
120,150,"equal","bf_ps","1261",0.853333333333333,0.909216857474697,0.842456520088099,0.852456912352595
120,150,"equal","psis","1261",0.586666666666667,0.727484594535286,0.581210728842308,0.569277122364386
120,150,"equal","waic","1261",0.64,0.750216674537232,0.631577175261386,0.63422454253019
120,150,"equal","hbi","1261",0.833333333333333,0.86952781112445,0.824649882281461,0.833138476578588
120,150,"extreme","bf_ps","1261",0.946666666666667,0.943127321850726,0.904761904761905,0.921095605567655
120,150,"extreme","psis","1261",0.806666666666667,0.784537684537685,0.656395891690009,0.739444444444444
120,150,"extreme","waic","1261",0.813333333333333,0.782523967712795,0.638468720821662,0.732455933455981
120,150,"extreme","hbi","1261",0.88,0.902886002886003,0.833333333333333,0.836348413491271
60,300,"equal","bf_ps","1261",0.85,0.896372672870369,0.841471615673296,0.851772926820683
60,300,"equal","psis","1261",0.56,0.71768494438183,0.551300414571863,0.512764334912246
60,300,"equal","waic","1261",0.53,0.692424298879698,0.525095921460979,0.486892746504279
60,300,"equal","hbi","1261",0.776666666666667,0.803597716084636,0.761165385072948,0.745194948678888
60,300,"extreme","bf_ps","1261",0.94,0.913440918048473,0.899121599121599,0.901582105694368
60,300,"extreme","psis","1261",0.706666666666667,0.679673225727685,0.564761814761815,0.671508708352507
60,300,"extreme","waic","1261",0.726666666666667,0.66090064013804,0.529196029196029,0.645716695518387
60,300,"extreme","hbi","1261",0.883333333333333,0.876467392256866,0.822331722331722,0.813688455596816
120,300,"equal","bf_ps","1261",0.87,0.910280853806313,0.860106382978723,0.864373206195593
120,300,"equal","psis","1261",0.533333333333333,0.719587035400288,0.549358476627479,0.49356599188532
120,300,"equal","waic","1261",0.546666666666667,0.725307091092297,0.560046587667924,0.514039072409998
120,300,"equal","hbi","1261",0.83,0.870149317588671,0.806408308004053,0.809940179872323
120,300,"extreme","bf_ps","1261",0.913333333333333,0.890215023994094,0.871866848061731,0.867606732056893
120,300,"extreme","psis","1261",0.72,0.706087045570917,0.509968022585696,0.667046344538394
120,300,"extreme","waic","1261",0.713333333333333,0.683432352066607,0.503791399717919,0.645203890797819
120,300,"extreme","hbi","1261",0.84,0.84921368547419,0.796688637447619,0.779915385291729
60,150,"equal","bf_ps","1262",0.86,0.879717150017902,0.857048630422282,0.859301148471655
60,150,"equal","psis","1262",0.533333333333333,0.693885614938247,0.522276523012058,0.479872486940733
60,150,"equal","waic","1262",0.52,0.633558558558559,0.50087205906101,0.516391129954704
60,150,"equal","hbi","1262",0.753333333333333,0.748873731632352,0.742250019301343,0.713725884116192
60,150,"extreme","bf_ps","1262",0.906666666666667,0.910056390977444,0.757142857142857,0.782149478256264
60,150,"extreme","psis","1262",0.74,0.639045707915273,0.519623233908948,0.641108900661396
60,150,"extreme","waic","1262",0.753333333333333,0.634177489177489,0.55298273155416,0.66687675070028
60,150,"extreme","hbi","1262",0.886666666666667,0.830105179781904,0.731868131868132,0.83768558806922
120,150,"equal","bf_ps","1262",0.8,0.877239271003445,0.812253460824889,0.811589309787167
120,150,"equal","psis","1262",0.54,0.709711779448622,0.507244203042522,0.466874383936506
120,150,"equal","waic","1262",0.54,0.665058479532164,0.50825999397428,0.531672890669046
120,150,"equal","hbi","1262",0.786666666666667,0.873847720906544,0.803571666428809,0.798026096710307
120,150,"extreme","bf_ps","1262",0.92,0.852674610216758,0.816043083900227,0.814509672854941
120,150,"extreme","psis","1262",0.78,0.717749189683501,0.608361678004535,0.616343672865412
120,150,"extreme","waic","1262",0.806666666666667,0.736598087510866,0.595252267573696,0.632027535306224
120,150,"extreme","hbi","1262",0.893333333333333,0.84230674620257,0.77749433106576,0.779301013459736
60,300,"equal","bf_ps","1262",0.803333333333333,0.880467151895723,0.814463940315004,0.805393578643579
60,300,"equal","psis","1262",0.53,0.69639080279095,0.517177493035608,0.476588298367628
60,300,"equal","waic","1262",0.49,0.676268602436908,0.47783650644047,0.437114812573373
60,300,"equal","hbi","1262",0.733333333333333,0.770330877494384,0.74806212908952,0.715850190635775
60,300,"extreme","bf_ps","1262",0.926666666666667,0.932452071737786,0.793245341614907,0.826114806912191
60,300,"extreme","psis","1262",0.766666666666667,0.681064771192959,0.531276129014665,0.561983828042059
60,300,"extreme","waic","1262",0.78,0.623010593742301,0.52711303711535,0.649564651003584
60,300,"extreme","hbi","1262",0.88,0.746170463472113,0.683928571428571,0.795584045584046
120,300,"equal","bf_ps","1262",0.82,0.901978792685981,0.822789115646258,0.824877634571259
120,300,"equal","psis","1262",0.583333333333333,0.734965795798859,0.567559063565703,0.533396116185649
120,300,"equal","waic","1262",0.576666666666667,0.736310843627917,0.562066640766049,0.525716350410549
120,300,"equal","hbi","1262",0.766666666666667,0.85019520851819,0.777482872581657,0.773346397178783
120,300,"extreme","bf_ps","1262",0.896666666666667,0.850443098529512,0.786474233397006,0.784764736229174
120,300,"extreme","psis","1262",0.733333333333333,0.699456908831909,0.509502965495396,0.54900871700433
120,300,"extreme","waic","1262",0.72,0.684444937490353,0.491811038200738,0.539186166950883
120,300,"extreme","hbi","1262",0.86,0.839614512471655,0.732450238295486,0.723726365919057
60,150,"equal","bf_ps","1263",0.833333333333333,0.865986394557823,0.835109335109335,0.829956027630446
60,150,"equal","psis","1263",0.54,0.722328325269502,0.558386058386058,0.527667306238735
60,150,"equal","waic","1263",0.533333333333333,0.715940542745928,0.55000555000555,0.511206713146368
60,150,"equal","hbi","1263",0.706666666666667,0.657561486132915,0.721500721500722,0.790147050594681
60,150,"extreme","bf_ps","1263",0.913333333333333,0.905667366341524,0.860902255639098,0.865034013605442
60,150,"extreme","psis","1263",0.793333333333333,0.731301233013562,0.586233967271119,0.742240117841303
60,150,"extreme","waic","1263",0.74,0.672825396825397,0.522438449063836,0.661123086430328
60,150,"extreme","hbi","1263",0.853333333333333,0.879957502451782,0.794799498746867,0.770184425666958
120,150,"equal","bf_ps","1263",0.846666666666667,0.869461697722567,0.837112622826909,0.832163882101304
120,150,"equal","psis","1263",0.553333333333333,0.694974751223367,0.590905327648301,0.532455815211118
120,150,"equal","waic","1263",0.593333333333333,0.699087977192125,0.615244277787743,0.580938523174548
120,150,"equal","hbi","1263",0.786666666666667,0.840723969013443,0.739092859365969,0.721514679409416
120,150,"extreme","bf_ps","1263",0.893333333333333,0.854545454545454,0.789575830332133,0.810235818465317
120,150,"extreme","psis","1263",0.733333333333333,0.67479524979525,0.470270547243288,0.63144375949254
120,150,"extreme","waic","1263",0.673333333333333,0.643536945812808,0.419084219053475,0.578113850545016
120,150,"extreme","hbi","1263",0.846666666666667,0.852698878524264,0.73405362144858,0.745375470762468
60,300,"equal","bf_ps","1263",0.836666666666667,0.864425289143141,0.829464914930031,0.825230305666881
60,300,"equal","psis","1263",0.496666666666667,0.697129304979169,0.525213040848865,0.473051605626509
60,300,"equal","waic","1263",0.49,0.691756655561842,0.515097191371313,0.472118736277798
60,300,"equal","hbi","1263",0.806666666666667,0.850298611007132,0.789766435115272,0.784236428021656
60,300,"extreme","bf_ps","1263",0.91,0.87255538579068,0.855734005273107,0.85591153020301
60,300,"extreme","psis","1263",0.74,0.774750514863156,0.574073731854057,0.553628201365667
60,300,"extreme","waic","1263",0.733333333333333,0.764989257495488,0.544426374097261,0.533725899793125
60,300,"extreme","hbi","1263",0.846666666666667,0.837790780647924,0.777812297667909,0.771219582651362
120,300,"equal","bf_ps","1263",0.86,0.895906110191825,0.844513230824245,0.845514562553102
120,300,"equal","psis","1263",0.543333333333333,0.708826214546042,0.577722035473913,0.5180723861146
120,300,"equal","waic","1263",0.53,0.69297079511925,0.55357443453501,0.515140101836191
120,300,"equal","hbi","1263",0.796666666666667,0.78596158532319,0.762634901081397,0.739954269315537
120,300,"extreme","bf_ps","1263",0.926666666666667,0.883189807714994,0.851961646727657,0.862755909187335
120,300,"extreme","psis","1263",0.78,0.683582875858547,0.544768942059582,0.695568848228947
120,300,"extreme","waic","1263",0.77,0.660347299759064,0.523146311816263,0.668239044887614
120,300,"extreme","hbi","1263",0.866666666666667,0.850219298245614,0.781729415904293,0.771912765236562
60,150,"equal","bf_ps","1264",0.846666666666667,0.905475360876058,0.839190221543163,0.847454133168419
60,150,"equal","psis","1264",0.56,0.727577119072626,0.545695187165775,0.530837568326251
60,150,"equal","waic","1264",0.56,0.735118418687096,0.547150496562261,0.513126917850578
60,150,"equal","hbi","1264",0.753333333333333,0.742328042328042,0.745250827603769,0.838298094190718
60,150,"extreme","bf_ps","1264",0.893333333333333,0.88849045691151,0.800523286237572,0.814152848865331
60,150,"extreme","psis","1264",0.793333333333333,0.751457030623697,0.565009593581022,0.637597392727352
60,150,"extreme","waic","1264",0.753333333333333,0.708241758241758,0.512332112332112,0.591710758377425
60,150,"extreme","hbi","1264",0.873333333333333,0.87599846390169,0.786394557823129,0.791077822433321
120,150,"equal","bf_ps","1264",0.84,0.902700474129046,0.836472088835534,0.843456657121253
120,150,"equal","psis","1264",0.56,0.701347307663097,0.538496977738464,0.481517378411788
120,150,"equal","waic","1264",0.566666666666667,0.701787802840434,0.550592605463238,0.507223986230761
120,150,"equal","hbi","1264",0.82,0.887301587301587,0.811787214885954,0.806882913404653
120,150,"extreme","bf_ps","1264",0.893333333333333,0.848639455782313,0.811524609843938,0.79435817805383
120,150,"extreme","psis","1264",0.78,0.758335344325592,0.609003601440576,0.676096145245081
120,150,"extreme","waic","1264",0.773333333333333,0.694170771756979,0.537575030012005,0.672899106002554
120,150,"extreme","hbi","1264",0.853333333333333,0.836116497881204,0.756622649059624,0.720607808340728
60,300,"equal","bf_ps","1264",0.822742474916388,0.876772100735234,0.816923628755492,0.823167364569449
60,300,"equal","psis","1264",0.516666666666667,0.68963924963925,0.505232074352283,0.454979033278364
60,300,"equal","waic","1264",0.513333333333333,0.69324934161155,0.50441058167539,0.449941372207686
60,300,"equal","hbi","1264",0.766666666666667,0.857533517528762,0.760471439129976,0.75314393379295
60,300,"extreme","bf_ps","1264",0.926666666666667,0.885724785165084,0.829271137026239,0.844202011213021
60,300,"extreme","psis","1264",0.773333333333333,0.724567377382182,0.567296214653109,0.607399544899545
60,300,"extreme","waic","1264",0.79,0.732073135254129,0.573170494678708,0.615587306993065
60,300,"extreme","hbi","1264",0.89,0.866219015594823,0.782575315840622,0.768360493091225
120,300,"equal","bf_ps","1264",0.86,0.913839084891717,0.853039963039963,0.861821307992685
120,300,"equal","psis","1264",0.596666666666667,0.737262886012142,0.57775096693464,0.535831124885527
120,300,"equal","waic","1264",0.566666666666667,0.725062230618653,0.555332037576935,0.51609202310478
120,300,"equal","hbi","1264",0.806666666666667,0.864629759949957,0.79599328415655,0.791779139357417
120,300,"extreme","bf_ps","1264",0.913333333333333,0.885957198204292,0.817106869738449,0.830062657648865
120,300,"extreme","psis","1264",0.78,0.701453599191156,0.512279101502663,0.672227961432507
120,300,"extreme","waic","1264",0.763333333333333,0.679820062977958,0.496866302081818,0.642380156127021
120,300,"extreme","hbi","1264",0.87,0.839385036761612,0.742625795257374,0.841717171717172
60,150,"equal","bf_ps","1265",0.866666666666667,0.857871609278259,0.846767937944409,0.844953097518077
60,150,"equal","psis","1265",0.593333333333333,0.725698375698376,0.570295727885861,0.544640929246192
60,150,"equal","waic","1265",0.586666666666667,0.721360544217687,0.557514092485629,0.532536274272018
60,150,"equal","hbi","1265",0.733333333333333,0.67894197305962,0.734546341282584,0.809669296625818
60,150,"extreme","bf_ps","1265",0.933333333333333,0.920901817631594,0.886755579424752,0.900837742504409
60,150,"extreme","psis","1265",0.706666666666667,0.740479582146249,0.564725745950168,0.633532671032671
60,150,"extreme","waic","1265",0.733333333333333,0.74475238014521,0.573901601502249,0.655898632011425
60,150,"extreme","hbi","1265",0.84,0.811236382664954,0.755803198472371,0.75188040128332
120,150,"equal","bf_ps","1265",0.86,0.903715332286761,0.860166370896185,0.860475247572022
120,150,"equal","psis","1265",0.533333333333333,0.716569236390208,0.558251458686241,0.513991133098319
120,150,"equal","waic","1265",0.573333333333333,0.726138167388167,0.582714366378963,0.579037121880276
120,150,"equal","hbi","1265",0.813333333333333,0.831270139634801,0.793094633110161,0.790826980021847
120,150,"extreme","bf_ps","1265",0.893333333333333,0.859013605442177,0.842768411712511,0.828290324784516
120,150,"extreme","psis","1265",0.72,0.626098901098901,0.480246228926353,0.598722139315367
120,150,"extreme","waic","1265",0.733333333333333,0.61632527809743,0.484749334516415,0.601340032359549
120,150,"extreme","hbi","1265",0.806666666666667,0.816414073731147,0.76691437444543,0.70851118898738
60,300,"equal","bf_ps","1265",0.84,0.87219873396344,0.84930232241553,0.839828374386699
60,300,"equal","psis","1265",0.56,0.719114351467293,0.573784747747012,0.525514986986506
60,300,"equal","waic","1265",0.54,0.709293523806829,0.548695172751776,0.506999628929153
60,300,"equal","hbi","1265",0.753333333333333,0.686584462446531,0.751591580028238,0.826472457658078
60,300,"extreme","bf_ps","1265",0.896666666666667,0.851103633208896,0.849594441625071,0.843581780257734
60,300,"extreme","psis","1265",0.716666666666667,0.700953497011447,0.524345004836861,0.574982150142799
60,300,"extreme","waic","1265",0.7,0.628419694224656,0.483907509914316,0.62078613207345
60,300,"extreme","hbi","1265",0.836666666666667,0.82172884618705,0.776271503582905,0.75322971381588
120,300,"equal","bf_ps","1265",0.84,0.886242589765095,0.826485594259681,0.827110775572498
120,300,"equal","psis","1265",0.533333333333333,0.695043607186464,0.560555683444903,0.519077836812855
120,300,"equal","waic","1265",0.55,0.69618033634434,0.565413775248808,0.541934322986955
120,300,"equal","hbi","1265",0.78,0.756784746418893,0.751647339521094,0.723445146390591
120,300,"extreme","bf_ps","1265",0.88,0.827194044868352,0.818801679097247,0.791199949493667
120,300,"extreme","psis","1265",0.736666666666667,0.563479335195538,0.51003723889615,0.643119098881075
120,300,"extreme","waic","1265",0.743333333333333,0.548954984733748,0.49097432383395,0.631860748702343
120,300,"extreme","hbi","1265",0.85,0.817707045473524,0.793803704865013,0.75794030982502
60,150,"equal","bf_ps","1266",0.806666666666667,0.846807953950811,0.814338042909471,0.807484605533439
60,150,"equal","psis","1266",0.54,0.719413919413919,0.557713239141811,0.511707556711675
60,150,"equal","waic","1266",0.52,0.70828039089973,0.514568288854003,0.466937358970794
60,150,"equal","hbi","1266",0.753333333333333,0.847727272727273,0.764207221350078,0.7445834036836
60,150,"extreme","bf_ps","1266",0.893333333333333,0.882258700581682,0.795918367346939,0.811949426639224
60,150,"extreme","psis","1266",0.693333333333333,0.694658944658945,0.512758997980673,0.518176353800477
60,150,"extreme","waic","1266",0.653333333333333,0.629227994227994,0.458775625031783,0.510818776676319
60,150,"extreme","hbi","1266",0.866666666666667,0.86784036632061,0.751962323390895,0.750348153994563
120,150,"equal","bf_ps","1266",0.826666666666667,0.893891340319912,0.790592280390417,0.806395511619392
120,150,"equal","psis","1266",0.553333333333333,0.709691193550591,0.556103418484098,0.532313631235314
120,150,"equal","waic","1266",0.52,0.692647867866892,0.52028339482246,0.498786932932565
120,150,"equal","hbi","1266",0.78,0.882229532739737,0.747114019520852,0.752652885823241
120,150,"extreme","bf_ps","1266",0.953333333333333,0.97526283240569,0.862337662337662,0.893842665271237
120,150,"extreme","psis","1266",0.793333333333333,0.671111111111111,0.569372294372294,0.679954827780915
120,150,"extreme","waic","1266",0.806666666666667,0.675896640826873,0.551920995670996,0.66987624987625
120,150,"extreme","hbi","1266",0.92,0.951270098114758,0.808766233766234,0.85357936880121
60,300,"equal","bf_ps","1266",0.8,0.866538943786135,0.795443443334781,0.798933391695034
60,300,"equal","psis","1266",0.486666666666667,0.682737570992454,0.483425204569705,0.44429470811337
60,300,"equal","waic","1266",0.473333333333333,0.681190718416302,0.472691921894933,0.425980855575929
60,300,"equal","hbi","1266",0.756666666666667,0.834856892065582,0.758801925025329,0.748324138267747
60,300,"extreme","bf_ps","1266",0.903333333333333,0.872975586173556,0.804584965299251,0.82477663348179
60,300,"extreme","psis","1266",0.723333333333333,0.666160289044456,0.489829278078126,0.542908506807691
60,300,"extreme","waic","1266",0.703333333333333,0.588729912313624,0.441077995225461,0.561831607684801
60,300,"extreme","hbi","1266",0.853333333333333,0.798152096659559,0.722046834374023,0.715490466819603
120,300,"equal","bf_ps","1266",0.85,0.906795216464263,0.829102621785549,0.839465722204276
120,300,"equal","psis","1266",0.496666666666667,0.634359144813253,0.507270078997306,0.51919305050603
120,300,"equal","waic","1266",0.493333333333333,0.681912365061099,0.50548867537419,0.453716668274954
120,300,"equal","hbi","1266",0.786666666666667,0.861976600985222,0.769688789200984,0.759563186622683
120,300,"extreme","bf_ps","1266",0.913333333333333,0.880617655229054,0.820806396531423,0.836662877352533
120,300,"extreme","psis","1266",0.773333333333333,0.645077772922186,0.502962405206369,0.64007162441945
120,300,"extreme","waic","1266",0.746666666666667,0.686819429029473,0.542970164380056,0.594506892735596
120,300,"extreme","hbi","1266",0.873333333333333,0.85942858373562,0.75731433303936,0.743950384590779
60,150,"equal","bf_ps","1267",0.813333333333333,0.875595238095238,0.824713472989335,0.81183704002523
60,150,"equal","psis","1267",0.506666666666667,0.653307563903963,0.500859166376408,0.535702858358964
60,150,"equal","waic","1267",0.466666666666667,0.63486979772146,0.464042726111692,0.493239474299382
60,150,"equal","hbi","1267",0.713333333333333,0.825008325008325,0.732535535983812,0.692195767195767
60,150,"extreme","bf_ps","1267",0.933333333333333,0.912619047619048,0.861135758651287,0.869409465914025
60,150,"extreme","psis","1267",0.713333333333333,0.674074074074074,0.561224489795918,0.555707900149193
60,150,"extreme","waic","1267",0.7,0.575805668016194,0.501996450754215,0.567300157033848
60,150,"extreme","hbi","1267",0.886666666666667,0.85,0.765897663413191,0.861111111111111
120,150,"equal","bf_ps","1267",0.886666666666667,0.902187370674766,0.878147925837001,0.878149847228795
120,150,"equal","psis","1267",0.54,0.706947715553387,0.574921786896577,0.511692685759655
120,150,"equal","waic","1267",0.54,0.700237262737263,0.57495270835607,0.517538046608087
120,150,"equal","hbi","1267",0.826666666666667,0.87208519771545,0.795421501934107,0.76333307425205
120,150,"extreme","bf_ps","1267",0.906666666666667,0.847675736961451,0.786324786324786,0.808794162826421
120,150,"extreme","psis","1267",0.726666666666667,0.696287121763596,0.556902248078719,0.591539256254446
120,150,"extreme","waic","1267",0.706666666666667,0.680650684931507,0.542616533793004,0.567235879115316
120,150,"extreme","hbi","1267",0.846666666666667,0.766949827871988,0.693650793650794,0.780655528859687
60,300,"equal","bf_ps","1267",0.826666666666667,0.878584151950758,0.831180191070684,0.825272110415157
60,300,"equal","psis","1267",0.55,0.707384244020189,0.557724278958724,0.510862273575706
60,300,"equal","waic","1267",0.533333333333333,0.707622185935439,0.539154373579461,0.47345585403776
60,300,"equal","hbi","1267",0.76,0.844645396249919,0.773440021832257,0.742186161981104
60,300,"extreme","bf_ps","1267",0.926666666666667,0.898175657497691,0.822943722943723,0.832912392004977
60,300,"extreme","psis","1267",0.76,0.751022720753045,0.556828487296476,0.518762569145529
60,300,"extreme","waic","1267",0.713333333333333,0.66658461966871,0.494427725886939,0.515234095271626
60,300,"extreme","hbi","1267",0.893333333333333,0.864862293760627,0.769722434428317,0.758393567637265
120,300,"equal","bf_ps","1267",0.866666666666667,0.897789115646259,0.867326303625596,0.862219489467836
120,300,"equal","psis","1267",0.553333333333333,0.713441759846899,0.56866781090596,0.507553293780607
120,300,"equal","waic","1267",0.556666666666667,0.712109112716713,0.570593050162431,0.5260303429558
120,300,"equal","hbi","1267",0.763333333333333,0.837930043812397,0.761022508093227,0.734506733055463
120,300,"extreme","bf_ps","1267",0.92,0.876982685822465,0.838871765715084,0.847114845938375
120,300,"extreme","psis","1267",0.703333333333333,0.68506217923411,0.492646178706087,0.534394607860756
120,300,"extreme","waic","1267",0.71,0.662804562888251,0.462497755700521,0.507701682119491
120,300,"extreme","hbi","1267",0.866666666666667,0.862773526647872,0.762974544656572,0.749231863410613
60,150,"equal","bf_ps","1268",0.826666666666667,0.867873816193144,0.83842627960275,0.82531012404962
60,150,"equal","psis","1268",0.553333333333333,0.708976273436204,0.560333997122422,0.515252459071922
60,150,"equal","waic","1268",0.526666666666667,0.697925479595276,0.524506920972765,0.485805931416637
60,150,"equal","hbi","1268",0.746666666666667,0.697408963585434,0.749527275381165,0.823236399892537
60,150,"extreme","bf_ps","1268",0.906666666666667,0.908368519821722,0.80952380952381,0.82357880701439
60,150,"extreme","psis","1268",0.7,0.697850790513834,0.525309591824255,0.558382085126271
60,150,"extreme","waic","1268",0.7,0.621939534434463,0.503030711459047,0.616579639599774
60,150,"extreme","hbi","1268",0.82,0.805870496346687,0.731668781987203,0.700341136454582
120,150,"equal","bf_ps","1268",0.786666666666667,0.868219433006018,0.791125541125541,0.786266742124128
120,150,"equal","psis","1268",0.533333333333333,0.704446454446454,0.52444260000651,0.485486481403701
120,150,"equal","waic","1268",0.54,0.660091747591748,0.531111056862937,0.570202515336543
120,150,"equal","hbi","1268",0.733333333333333,0.822067334839074,0.736626468769326,0.710929608263677
120,150,"extreme","bf_ps","1268",0.946666666666667,0.911851257356875,0.916550882068123,0.899474335188621
120,150,"extreme","psis","1268",0.706666666666667,0.743219509936152,0.633740684602754,0.558440798506897
120,150,"extreme","waic","1268",0.746666666666667,0.754161550434842,0.649203191444571,0.586634909805641
120,150,"extreme","hbi","1268",0.9,0.883540372670807,0.854737695254937,0.823767149317828
60,300,"equal","bf_ps","1268",0.823333333333333,0.878225748402981,0.829624230644639,0.827190913310948
60,300,"equal","psis","1268",0.55,0.72875516587704,0.550885312532898,0.509912112165202
60,300,"equal","waic","1268",0.513333333333333,0.705600575305009,0.512751043726653,0.46937083114253
60,300,"equal","hbi","1268",0.73,0.689791266497943,0.736572916513185,0.81609287561444
60,300,"extreme","bf_ps","1268",0.9,0.856235168936565,0.820553221288515,0.827372301816154
60,300,"extreme","psis","1268",0.7,0.634665832998102,0.525185074029612,0.636993020389015
60,300,"extreme","waic","1268",0.68,0.608833107639462,0.496473589435774,0.605118839211303
60,300,"extreme","hbi","1268",0.856666666666667,0.863329507728202,0.771233493397359,0.761752120711658
120,300,"equal","bf_ps","1268",0.826666666666667,0.896639690358902,0.819858541287113,0.825419279005017
120,300,"equal","psis","1268",0.546666666666667,0.71625787492442,0.540618647285754,0.488176393595402
120,300,"equal","waic","1268",0.536666666666667,0.716761974411668,0.531189926439034,0.499702566704486
120,300,"equal","hbi","1268",0.773333333333333,0.851922046495549,0.770837685275375,0.766855106487639
120,300,"extreme","bf_ps","1268",0.933333333333333,0.891874731874732,0.848835688121402,0.861948834578888
120,300,"extreme","psis","1268",0.763333333333333,0.644988127882258,0.534626785823913,0.656095916514605
120,300,"extreme","waic","1268",0.746666666666667,0.615689410426252,0.504505121773677,0.617262592720373
120,300,"extreme","hbi","1268",0.873333333333333,0.851269646769257,0.759994694052954,0.757661413970884
60,150,"equal","bf_ps","1269",0.82,0.881401471157569,0.835003232062056,0.8281290138433
60,150,"equal","psis","1269",0.56,0.706425987675988,0.552026708119145,0.514058618976652
60,150,"equal","waic","1269",0.513333333333333,0.694387755102041,0.505942633463642,0.454790067839641
60,150,"equal","hbi","1269",0.76,0.833803986710963,0.779713423831071,0.75096381662144
60,150,"extreme","bf_ps","1269",0.913333333333333,0.857960900040971,0.875595238095238,0.852409593860371
60,150,"extreme","psis","1269",0.693333333333333,0.680019305019305,0.55374149659864,0.587605042016807
60,150,"extreme","waic","1269",0.72,0.628650994575045,0.516624149659864,0.619234185169669
60,150,"extreme","hbi","1269",0.86,0.825137729776905,0.813392857142857,0.86242656101274
120,150,"equal","bf_ps","1269",0.84,0.892617046818727,0.840582667849749,0.8375752926959
120,150,"equal","psis","1269",0.6,0.737433003504432,0.608779462732696,0.567819767053371
120,150,"equal","waic","1269",0.626666666666667,0.739417989417989,0.630363275745081,0.605232961108972
120,150,"equal","hbi","1269",0.82,0.868683837171232,0.825018181185518,0.804083542809995
120,150,"extreme","bf_ps","1269",0.913333333333333,0.904081632653061,0.808823529411765,0.819338787251602
120,150,"extreme","psis","1269",0.693333333333333,0.607241351484773,0.490484011786533,0.49949494949495
120,150,"extreme","waic","1269",0.7,0.602923447860157,0.483925570228091,0.488369396815662
120,150,"extreme","hbi","1269",0.88,0.888741083477926,0.75735294117647,0.763370009443549
60,300,"equal","bf_ps","1269",0.83,0.878398482918787,0.832034741463457,0.830043211562076
60,300,"equal","psis","1269",0.506666666666667,0.693059410852615,0.507771928586604,0.453288992422731
60,300,"equal","waic","1269",0.48,0.679765204049611,0.481865186909965,0.424209846422054
60,300,"equal","hbi","1269",0.773333333333333,0.826927429623193,0.775370807390885,0.748321350209901
60,300,"extreme","bf_ps","1269",0.91,0.886935433486765,0.859473909054821,0.854805016673258
60,300,"extreme","psis","1269",0.73,0.737180326889312,0.516072917667645,0.572160384013805
60,300,"extreme","waic","1269",0.723333333333333,0.692140330933434,0.512003609101356,0.639330706103602
60,300,"extreme","hbi","1269",0.856666666666667,0.832177973373987,0.787804310983034,0.863700842951043
120,300,"equal","bf_ps","1269",0.873333333333333,0.903978383258551,0.874536833760989,0.872738235069577
120,300,"equal","psis","1269",0.543333333333333,0.707040816326531,0.542714214546748,0.504415567987477
120,300,"equal","waic","1269",0.55,0.711012371775448,0.553090382752389,0.525138090166747
120,300,"equal","hbi","1269",0.83,0.875168941334355,0.828540803213463,0.817133454125935
120,300,"extreme","bf_ps","1269",0.94,0.902234884604075,0.879116961469903,0.87934977503601
120,300,"extreme","psis","1269",0.716666666666667,0.657343647555912,0.541331665533346,0.646905155883251
120,300,"extreme","waic","1269",0.693333333333333,0.687627329710663,0.516695993082548,0.524492797161071
120,300,"extreme","hbi","1269",0.926666666666667,0.896140340194049,0.862030126736009,0.862015068634312
60,150,"equal","bf_ps","1270",0.853333333333333,0.855224867724868,0.83340727595386,0.832828846133986
60,150,"equal","psis","1270",0.546666666666667,0.686379882922436,0.570263690760585,0.526538245852321
60,150,"equal","waic","1270",0.526666666666667,0.672942413505027,0.553995176665984,0.498415302935566
60,150,"equal","hbi","1270",0.733333333333333,0.730487412356247,0.716067162651014,0.681782107736023
60,150,"extreme","bf_ps","1270",0.92,0.91992408557626,0.857743097238896,0.882164401771531
60,150,"extreme","psis","1270",0.766666666666667,0.789007129194923,0.607643057222889,0.698251448251448
60,150,"extreme","waic","1270",0.76,0.755534188034188,0.557923169267707,0.636185200078839
60,150,"extreme","hbi","1270",0.873333333333333,0.885201863354037,0.798919567827131,0.804098357540073
120,150,"equal","bf_ps","1270",0.88,0.883124018838305,0.853582485625829,0.862067608405369
120,150,"equal","psis","1270",0.573333333333333,0.722211122211122,0.581560815493772,0.559570079539746
120,150,"equal","waic","1270",0.606666666666667,0.735794030530873,0.597003778321169,0.590387087143735
120,150,"equal","hbi","1270",0.84,0.867516012252854,0.811358871033794,0.820025446075866
120,150,"extreme","bf_ps","1270",0.886666666666667,0.888725490196078,0.837336473050759,0.850770463396001
120,150,"extreme","psis","1270",0.713333333333333,0.683004427577483,0.502728705893263,0.663949066906195
120,150,"extreme","waic","1270",0.733333333333333,0.695612964776179,0.508153660685306,0.675961504477177
120,150,"extreme","hbi","1270",0.813333333333333,0.854210602340026,0.761486132914704,0.760572760572761
60,300,"equal","bf_ps","1270",0.87,0.891365418388124,0.85936704181385,0.859116972648106
60,300,"equal","psis","1270",0.55,0.723991355740448,0.588638397431276,0.511768414042251
60,300,"equal","waic","1270",0.51,0.697812733754288,0.547513586506205,0.475543974229069
60,300,"equal","hbi","1270",0.853333333333333,0.877047893558432,0.839041614345566,0.838929815395333
60,300,"extreme","bf_ps","1270",0.916666666666667,0.899911268855368,0.840362811791383,0.856785225726345
60,300,"extreme","psis","1270",0.726666666666667,0.732354268538479,0.547451963241437,0.588755320516239
60,300,"extreme","waic","1270",0.733333333333333,0.739448302026956,0.534116242988423,0.586304667820771
60,300,"extreme","hbi","1270",0.856666666666667,0.86978306774162,0.773813104189044,0.76953796756281
120,300,"equal","bf_ps","1270",0.892976588628763,0.895378366400324,0.884588625660054,0.885250412259118
120,300,"equal","psis","1270",0.57,0.72682988210606,0.5836254564187,0.537825311769438
120,300,"equal","waic","1270",0.59,0.72424115879861,0.598209575841748,0.579192877721168
120,300,"equal","hbi","1270",0.803333333333333,0.833566790352505,0.790519179699852,0.783069671178888
120,300,"extreme","bf_ps","1270",0.913333333333333,0.886674306771159,0.847100542344597,0.851230500513358
120,300,"extreme","psis","1270",0.74,0.696553873140393,0.524429118505393,0.663671749882361
120,300,"extreme","waic","1270",0.743333333333333,0.740749066611136,0.536421957864459,0.576751479746062
120,300,"extreme","hbi","1270",0.86,0.850777314928258,0.78219798557721,0.763784325574673
60,150,"equal","bf_ps","1271",0.846666666666667,0.862365947083555,0.840709109730849,0.839988363766559
60,150,"equal","psis","1271",0.56,0.70895473574045,0.519857738879478,0.492468892529004
60,150,"equal","waic","1271",0.566666666666667,0.709585253456221,0.520675701110484,0.499913748243486
60,150,"equal","hbi","1271",0.806666666666667,0.832752335383914,0.807422046552481,0.803570892865241
60,150,"extreme","bf_ps","1271",0.92,0.933693907460395,0.855309396485867,0.870295525710808
60,150,"extreme","psis","1271",0.733333333333333,0.700476844910878,0.528293389237302,0.692887970276322
60,150,"extreme","waic","1271",0.733333333333333,0.6951221001221,0.516069429886119,0.683525017355797
60,150,"extreme","hbi","1271",0.893333333333333,0.916748126425546,0.803361344537815,0.923167633546934
120,150,"equal","bf_ps","1271",0.793333333333333,0.818448411305554,0.790737347570607,0.792111776244199
120,150,"equal","psis","1271",0.52,0.702372371873651,0.505796552030423,0.475259126650285
120,150,"equal","waic","1271",0.513333333333333,0.690936477506955,0.495012238304933,0.471390062334459
120,150,"equal","hbi","1271",0.773333333333333,0.846908939014202,0.772845980497462,0.767785029644612
120,150,"extreme","bf_ps","1271",0.906666666666667,0.909465534465534,0.827891156462585,0.845461628042303
120,150,"extreme","psis","1271",0.72,0.75133729106608,0.548982798986541,0.621174794040648
120,150,"extreme","waic","1271",0.746666666666667,0.753930097680098,0.543302936680172,0.626788529505921
120,150,"extreme","hbi","1271",0.86,0.870535714285714,0.764945496270797,0.869960964049634
60,300,"equal","bf_ps","1271",0.838926174496644,0.852682908815863,0.842128203234114,0.838413096232645
60,300,"equal","psis","1271",0.53,0.701716607489391,0.516624558079672,0.486183614892886
60,300,"equal","waic","1271",0.523333333333333,0.703439260192589,0.497382994025254,0.460702677739286
60,300,"equal","hbi","1271",0.753333333333333,0.783927091340548,0.758499398495698,0.74124828499667
60,300,"extreme","bf_ps","1271",0.886666666666667,0.890173045345459,0.798763971071663,0.818661523606687
60,300,"extreme","psis","1271",0.703333333333333,0.747937304560617,0.517609142993758,0.51440663046111
60,300,"extreme","waic","1271",0.7,0.746765645701816,0.514428477505401,0.509905758381031
60,300,"extreme","hbi","1271",0.85,0.871299871299871,0.76126301049378,0.769595281057001
120,300,"equal","bf_ps","1271",0.836666666666667,0.898160787649778,0.838632701884582,0.842649447075668
120,300,"equal","psis","1271",0.556666666666667,0.73200773460069,0.543043892198028,0.49561611829158
120,300,"equal","waic","1271",0.553333333333333,0.730839332657136,0.537872684959151,0.502864549678514
120,300,"equal","hbi","1271",0.803333333333333,0.86170442442232,0.806069557009407,0.809029059961853
120,300,"extreme","bf_ps","1271",0.916666666666667,0.885115409800284,0.818094954372172,0.842376092376092
120,300,"extreme","psis","1271",0.7,0.620381504404493,0.467904086128006,0.59875114054351
120,300,"extreme","waic","1271",0.67,0.600224109459778,0.444103331940511,0.55749555967696
120,300,"extreme","hbi","1271",0.883333333333333,0.856905041883483,0.758571144848363,0.765795467272718
60,150,"equal","bf_ps","1272",0.833333333333333,0.863886424134871,0.8352619901007,0.829714592060499
60,150,"equal","psis","1272",0.526666666666667,0.727982482633645,0.539490765918336,0.517155737855691
60,150,"equal","waic","1272",0.52,0.725943646996279,0.527535065763878,0.503943355119826
60,150,"equal","hbi","1272",0.726666666666667,0.704476594455386,0.768391994478951,0.83793809768386
60,150,"extreme","bf_ps","1272",0.906666666666667,0.918591950218456,0.85485103132162,0.871908150692067
60,150,"extreme","psis","1272",0.793333333333333,0.76284907902555,0.69298628542326,0.77066289874509
60,150,"extreme","waic","1272",0.76,0.690120307553143,0.533479125916101,0.699593969249142
60,150,"extreme","hbi","1272",0.873333333333333,0.898373542965573,0.816135545127142,0.823078966044
120,150,"equal","bf_ps","1272",0.826666666666667,0.874263038548753,0.826148251062439,0.814181868565886
120,150,"equal","psis","1272",0.54,0.693983493983494,0.562444608993063,0.544631741244254
120,150,"equal","waic","1272",0.58,0.707782701532702,0.590262846047174,0.588258205597315
120,150,"equal","hbi","1272",0.766666666666667,0.677726574500768,0.759450990110372,0.822902530754559
120,150,"extreme","bf_ps","1272",0.893333333333333,0.897051503528241,0.810526315789474,0.830750965117542
120,150,"extreme","psis","1272",0.693333333333333,0.692637435090995,0.470314453918626,0.537716426005017
120,150,"extreme","waic","1272",0.706666666666667,0.738398415393322,0.507358362391106,0.532920248972503
120,150,"extreme","hbi","1272",0.86,0.881829840369883,0.772932330827068,0.777534809910586
60,300,"equal","bf_ps","1272",0.79,0.849898177219606,0.804911923860148,0.792191367437721
60,300,"equal","psis","1272",0.516666666666667,0.705088724452992,0.531007646582909,0.494391497340993
60,300,"equal","waic","1272",0.513333333333333,0.706668646668647,0.521633192910736,0.48978325998101
60,300,"equal","hbi","1272",0.733333333333333,0.782517006802721,0.745360433311097,0.717249241352864
60,300,"extreme","bf_ps","1272",0.9,0.900798770665746,0.827735046587805,0.847241924775282
60,300,"extreme","psis","1272",0.733333333333333,0.745430432734917,0.553106776307361,0.539387240010442
60,300,"extreme","waic","1272",0.716666666666667,0.732463389848904,0.535914444829315,0.523947925750826
60,300,"extreme","hbi","1272",0.856666666666667,0.872999669821704,0.778384397237156,0.790277002420526
120,300,"equal","bf_ps","1272",0.82,0.883306884123544,0.821060749881348,0.82001649960982
120,300,"equal","psis","1272",0.496666666666667,0.676452894562283,0.498860939724727,0.457777237927145
120,300,"equal","waic","1272",0.49,0.666005944985089,0.490142646205769,0.452907476049824
120,300,"equal","hbi","1272",0.776666666666667,0.84041376811449,0.776117966566472,0.761423614538654
120,300,"extreme","bf_ps","1272",0.923333333333333,0.904948541566683,0.831394096099978,0.855962609772639
120,300,"extreme","psis","1272",0.763333333333333,0.664818161889924,0.523723335488041,0.654080871613825
120,300,"extreme","waic","1272",0.753333333333333,0.709912634408602,0.528718666953961,0.572518976572922
120,300,"extreme","hbi","1272",0.893333333333333,0.886516118474881,0.787330316742081,0.805545155124987
60,150,"equal","bf_ps","1273",0.853333333333333,0.910894430235862,0.851426689154884,0.861216435834376
60,150,"equal","psis","1273",0.54,0.731870312227455,0.54300530999314,0.520628578843589
60,150,"equal","waic","1273",0.546666666666667,0.750170068027211,0.545327606433083,0.516905387527859
60,150,"equal","hbi","1273",0.833333333333333,0.898535123269166,0.830627564907484,0.839508611689063
60,150,"extreme","bf_ps","1273",0.906666666666667,0.905230208025239,0.827619047619048,0.855971368167112
60,150,"extreme","psis","1273",0.766666666666667,0.74040404040404,0.568627450980392,0.650973730760965
60,150,"extreme","waic","1273",0.76,0.714804581735463,0.544621848739496,0.629779942279942
60,150,"extreme","hbi","1273",0.866666666666667,0.871133805404322,0.774761904761905,0.798123361076274
120,150,"equal","bf_ps","1273",0.913333333333333,0.913036800927267,0.911494708994709,0.911397649969079
120,150,"equal","psis","1273",0.6,0.745723546034292,0.581464646464646,0.540503692977561
120,150,"equal","waic","1273",0.6,0.737008506443722,0.589095719095719,0.56855277227948
120,150,"equal","hbi","1273",0.806666666666667,0.852356813693219,0.81781746031746,0.802274108869854
120,150,"extreme","bf_ps","1273",0.926666666666667,0.944046353032528,0.826530612244898,0.864350293100423
120,150,"extreme","psis","1273",0.726666666666667,0.638915989159892,0.464591836734694,0.60604826546003
120,150,"extreme","waic","1273",0.72,0.684688644688645,0.481753246753247,0.631482769985718
120,150,"extreme","hbi","1273",0.9,0.892404087140929,0.779387755102041,0.802833539188409
60,300,"equal","bf_ps","1273",0.876666666666667,0.907921261631038,0.885585862251878,0.883446712018141
60,300,"equal","psis","1273",0.59,0.755284526592516,0.580590618816142,0.536736723286178
60,300,"equal","waic","1273",0.573333333333333,0.749654788223322,0.564150709519089,0.518722094042019
60,300,"equal","hbi","1273",0.833333333333333,0.860600823907276,0.837367811151278,0.838743115007545
60,300,"extreme","bf_ps","1273",0.91,0.911443932411674,0.820798538851277,0.850873319346226
60,300,"extreme","psis","1273",0.766666666666667,0.69072692361178,0.537963147641502,0.695138939618561
60,300,"extreme","waic","1273",0.756666666666667,0.684429080993238,0.502280894444657,0.659894467058646
60,300,"extreme","hbi","1273",0.9,0.894226794802242,0.799223585538111,0.824008343708578
120,300,"equal","bf_ps","1273",0.86,0.902700378396973,0.860694464731732,0.863358784944727
120,300,"equal","psis","1273",0.52,0.710956376233535,0.51507802672399,0.477799626301573
120,300,"equal","waic","1273",0.526666666666667,0.714719418179061,0.519883322057235,0.476354417102706
120,300,"equal","hbi","1273",0.783333333333333,0.849330866112277,0.789370163904325,0.784252308366819
120,300,"extreme","bf_ps","1273",0.936666666666667,0.939538910151267,0.854511278195489,0.885850255419727
120,300,"extreme","psis","1273",0.753333333333333,0.723986048185067,0.535965118184881,0.598642366084952
120,300,"extreme","waic","1273",0.703333333333333,0.683942001628544,0.492525101778436,0.544220938101931
120,300,"extreme","hbi","1273",0.886666666666667,0.894038668098818,0.77353112076939,0.786402138718293
60,150,"equal","bf_ps","1274",0.833333333333333,0.864459017684824,0.83183655543904,0.828473472541269
60,150,"equal","psis","1274",0.56,0.706805813234385,0.570195298145609,0.510360440638414
60,150,"equal","waic","1274",0.566666666666667,0.714326076006369,0.570034416928827,0.511934706577301
60,150,"equal","hbi","1274",0.8,0.71981351981352,0.774161759565486,0.86071546588788
60,150,"extreme","bf_ps","1274",0.953333333333333,0.943197653098643,0.878205128205128,0.901841821079955
60,150,"extreme","psis","1274",0.766666666666667,0.701640724201395,0.676598203383918,0.709864495301544
60,150,"extreme","waic","1274",0.78,0.683775363804058,0.65037938252224,0.693832603710652
60,150,"extreme","hbi","1274",0.906666666666667,0.868884927708457,0.788461538461538,0.786204850361197
120,150,"equal","bf_ps","1274",0.833333333333333,0.893037789278391,0.835034013605442,0.828703232692465
120,150,"equal","psis","1274",0.566666666666667,0.713068181818182,0.564977101951892,0.525355091366393
120,150,"equal","waic","1274",0.58,0.716499554367201,0.57885265217198,0.554011095329623
120,150,"equal","hbi","1274",0.806666666666667,0.874860350092548,0.807823129251701,0.793995312362247
120,150,"extreme","bf_ps","1274",0.94,0.90970154069533,0.874263038548753,0.886983254840398
120,150,"extreme","psis","1274",0.733333333333333,0.656458860516832,0.524987676229912,0.641376308599539
120,150,"extreme","waic","1274",0.74,0.722440727345791,0.56931874198955,0.60826415770911
120,150,"extreme","hbi","1274",0.88,0.875217391304348,0.791043083900227,0.770877931592217
60,300,"equal","bf_ps","1274",0.85,0.882070393374741,0.849632062038077,0.851576407438964
60,300,"equal","psis","1274",0.53,0.695965330033067,0.536413667805813,0.473309931144393
60,300,"equal","waic","1274",0.51,0.680660247970156,0.517893086624698,0.464173869737748
60,300,"equal","hbi","1274",0.82,0.851280465713565,0.816346708129737,0.809765291397945
60,300,"extreme","bf_ps","1274",0.933333333333333,0.88857057974705,0.868911236625798,0.873534031191933
60,300,"extreme","psis","1274",0.756666666666667,0.725100394385107,0.562929696468751,0.611381335584309
60,300,"extreme","waic","1274",0.71,0.630404725992961,0.487878036460486,0.61110219845514
60,300,"extreme","hbi","1274",0.85,0.67162702791703,0.617478991596639,0.686283990241129
120,300,"equal","bf_ps","1274",0.85,0.89309785436653,0.839420754751765,0.847523627222289
120,300,"equal","psis","1274",0.546666666666667,0.7112573700809,0.542272274763564,0.479148706499608
120,300,"equal","waic","1274",0.543333333333333,0.709972245469203,0.542961995096141,0.486872240898161
120,300,"equal","hbi","1274",0.796666666666667,0.868694037711124,0.777213649687517,0.771059006018759
120,300,"extreme","bf_ps","1274",0.946666666666667,0.926645112440986,0.871553884711779,0.891756760555462
120,300,"extreme","psis","1274",0.77,0.723395416663871,0.556172973203084,0.596129408681012
120,300,"extreme","waic","1274",0.763333333333333,0.747961262427049,0.554453366396461,0.527164924727097
120,300,"extreme","hbi","1274",0.89,0.880220764677652,0.782031631201964,0.77542095619655
60,150,"equal","bf_ps","1275",0.826666666666667,0.86231260224448,0.842063372031612,0.832280749104104
60,150,"equal","psis","1275",0.573333333333333,0.71990231990232,0.556415806895454,0.507528832904773
60,150,"equal","waic","1275",0.56,0.664506835651,0.54018962293528,0.554472733113512
60,150,"equal","hbi","1275",0.82,0.866947466947467,0.813150932887775,0.811450592513649
60,150,"extreme","bf_ps","1275",0.886666666666667,0.895399117093646,0.813229231086374,0.829486090871621
60,150,"extreme","psis","1275",0.7,0.620041230910796,0.45252009894867,0.604876764693535
60,150,"extreme","waic","1275",0.68,0.606798756798757,0.431091527520099,0.574747578842593
60,150,"extreme","hbi","1275",0.846666666666667,0.855669537318474,0.762363430220573,0.868972729804868
120,150,"equal","bf_ps","1275",0.866666666666667,0.858988129664821,0.826764254088732,0.831449195424351
120,150,"equal","psis","1275",0.52,0.692829962173549,0.544579804626565,0.50954289101578
120,150,"equal","waic","1275",0.473333333333333,0.652831847523318,0.488526192114563,0.474333491031183
120,150,"equal","hbi","1275",0.846666666666667,0.849886621315193,0.807660160838529,0.807672311348782
120,150,"extreme","bf_ps","1275",0.86,0.827606421356421,0.774326668189847,0.790350554636269
120,150,"extreme","psis","1275",0.653333333333333,0.705022188086704,0.493634579147658,0.585610766045549
120,150,"extreme","waic","1275",0.62,0.689998563527975,0.459147436511622,0.545651596646445
120,150,"extreme","hbi","1275",0.793333333333333,0.817830340391316,0.709133924425675,0.729605542700172
60,300,"equal","bf_ps","1275",0.803333333333333,0.85037013781775,0.81043956043956,0.795562289036364
60,300,"equal","psis","1275",0.456666666666667,0.661186041213215,0.468366621558111,0.429398922955624
60,300,"equal","waic","1275",0.436666666666667,0.652914288320692,0.447913965467157,0.403166264288833
60,300,"equal","hbi","1275",0.76,0.789845650328745,0.742889055389055,0.706239502756279
60,300,"extreme","bf_ps","1275",0.91,0.907734452410095,0.836507936507937,0.857714959627634
60,300,"extreme","psis","1275",0.71,0.779361894730826,0.549844776035252,0.535991033625334
60,300,"extreme","waic","1275",0.703333333333333,0.731835601848378,0.505206698063841,0.573511656222885
60,300,"extreme","hbi","1275",0.886666666666667,0.89064856451055,0.805189255189255,0.820861427166737
120,300,"equal","bf_ps","1275",0.833333333333333,0.886215538847118,0.825926551473982,0.822750023125718
120,300,"equal","psis","1275",0.486666666666667,0.683534464205134,0.5157265301649,0.492717974216602
120,300,"equal","waic","1275",0.52,0.700648944890371,0.535519161017872,0.533023055375997
120,300,"equal","hbi","1275",0.79,0.826443397871969,0.768050979656057,0.76727689564557
120,300,"extreme","bf_ps","1275",0.913333333333333,0.902779183962742,0.834863945578231,0.854833385325897
120,300,"extreme","psis","1275",0.74,0.671054065165999,0.509712358446919,0.655732992069366
120,300,"extreme","waic","1275",0.703333333333333,0.647197936328949,0.487316212689753,0.612404152965534
120,300,"extreme","hbi","1275",0.876666666666667,0.868354485548669,0.793402885719832,0.800784274958491
60,150,"equal","bf_ps","1276",0.786666666666667,0.875754376985904,0.778861544617847,0.768110211117414
60,150,"equal","psis","1276",0.546666666666667,0.716128170075539,0.529384720395335,0.518033264792413
60,150,"equal","waic","1276",0.506666666666667,0.682942142779556,0.481418979074884,0.471599020779349
60,150,"equal","hbi","1276",0.74,0.773809523809524,0.729541816726691,0.703936893906499
60,150,"extreme","bf_ps","1276",0.893333333333333,0.881818309404516,0.819178039090297,0.835251023486318
60,150,"extreme","psis","1276",0.706666666666667,0.627283183804923,0.49678471083657,0.630275477276701
60,150,"extreme","waic","1276",0.686666666666667,0.625402399765877,0.485358571496602,0.612151808091658
60,150,"extreme","hbi","1276",0.846666666666667,0.879846344132058,0.756678039090297,0.749416057149677
120,150,"equal","bf_ps","1276",0.826666666666667,0.889916018223957,0.823526473526474,0.826598395460012
120,150,"equal","psis","1276",0.533333333333333,0.701472345920676,0.539727064915035,0.498999666012268
120,150,"equal","waic","1276",0.533333333333333,0.690217391304348,0.538572392519761,0.512373598087884
120,150,"equal","hbi","1276",0.78,0.841474973827915,0.785365824651539,0.766318977831352
120,150,"extreme","bf_ps","1276",0.946666666666667,0.925518925518926,0.880174927113703,0.89211022480058
120,150,"extreme","psis","1276",0.78,0.737967604195674,0.698566569484937,0.730677351983781
120,150,"extreme","waic","1276",0.746666666666667,0.726359898798229,0.682288629737609,0.707493028433986
120,150,"extreme","hbi","1276",0.9,0.913294252916894,0.8,0.798207282913165
60,300,"equal","bf_ps","1276",0.816666666666667,0.877224518499383,0.819841303148757,0.815322240717335
60,300,"equal","psis","1276",0.5,0.688866425507501,0.493959488136507,0.449382894202457
60,300,"equal","waic","1276",0.473333333333333,0.624066032073219,0.46610121454842,0.487712585982185
60,300,"equal","hbi","1276",0.75,0.793099971377432,0.754989400952134,0.717530168793239
60,300,"extreme","bf_ps","1276",0.913333333333333,0.927862394957983,0.819047619047619,0.852039015637278
60,300,"extreme","psis","1276",0.746666666666667,0.711141783605552,0.502725061583801,0.569009015257595
60,300,"extreme","waic","1276",0.74,0.708271897152867,0.486670950757144,0.558646933828422
60,300,"extreme","hbi","1276",0.856666666666667,0.871574779165397,0.734972170686456,0.755635355756503
120,300,"equal","bf_ps","1276",0.816666666666667,0.885884804850322,0.819254697530364,0.816980928118623
120,300,"equal","psis","1276",0.503333333333333,0.688341061713517,0.501751530682841,0.445737967368757
120,300,"equal","waic","1276",0.516666666666667,0.68800252191072,0.515584022567461,0.48029487963071
120,300,"equal","hbi","1276",0.773333333333333,0.846881045451826,0.778077620639001,0.765718087053387
120,300,"extreme","bf_ps","1276",0.926666666666667,0.913063121461768,0.849819927971188,0.866381265896664
120,300,"extreme","psis","1276",0.733333333333333,0.71027665317139,0.535362260846368,0.680996400014913
120,300,"extreme","waic","1276",0.756666666666667,0.742354190742739,0.55179579078008,0.597805831024645
120,300,"extreme","hbi","1276",0.883333333333333,0.866210739614995,0.800965023690636,0.800345122037999
60,150,"equal","bf_ps","1277",0.82,0.845523524094953,0.796756176154672,0.79711315560707
60,150,"equal","psis","1277",0.52,0.686759502955516,0.5414918632988,0.514324219998155
60,150,"equal","waic","1277",0.466666666666667,0.656977942692228,0.495812688403035,0.453094685597872
60,150,"equal","hbi","1277",0.766666666666667,0.775337306371789,0.733490870032223,0.7100148430768
60,150,"extreme","bf_ps","1277",0.906666666666667,0.87179802955665,0.815718157181572,0.831360191799752
60,150,"extreme","psis","1277",0.746666666666667,0.708825681360893,0.574645930917708,0.626925770308123
60,150,"extreme","waic","1277",0.686666666666667,0.688115560909679,0.541512977924128,0.579127420198849
60,150,"extreme","hbi","1277",0.84,0.833190654538969,0.779218942110928,0.745728617625341
120,150,"equal","bf_ps","1277",0.853333333333333,0.890779137742053,0.858939473225187,0.853041045964646
120,150,"equal","psis","1277",0.58,0.726098047914818,0.585690110502141,0.585783763956033
120,150,"equal","waic","1277",0.626666666666667,0.732631984417699,0.626013140298855,0.632160145405237
120,150,"equal","hbi","1277",0.84,0.879705215419501,0.848341090822294,0.843069733955485
120,150,"extreme","bf_ps","1277",0.933333333333333,0.892232767232767,0.908819668218164,0.879933495094251
120,150,"extreme","psis","1277",0.733333333333333,0.711248917748918,0.547053510399375,0.672547817996285
120,150,"extreme","waic","1277",0.726666666666667,0.737789225279153,0.537075914895464,0.664876498627763
120,150,"extreme","hbi","1277",0.886666666666667,0.87991718426501,0.831543143573219,0.8145029573601
60,300,"equal","bf_ps","1277",0.846666666666667,0.871514344943155,0.844079055650241,0.841145102810295
60,300,"equal","psis","1277",0.523333333333333,0.69507560530563,0.540543875439751,0.484318367738029
60,300,"equal","waic","1277",0.483333333333333,0.615711834056347,0.498566306132549,0.510826611811834
60,300,"equal","hbi","1277",0.736666666666667,0.688718118826478,0.740825142160123,0.814649204164566
60,300,"extreme","bf_ps","1277",0.9,0.843850804961341,0.864477577865002,0.830922498728451
60,300,"extreme","psis","1277",0.74,0.69268827656993,0.564776129887692,0.612677904745106
60,300,"extreme","waic","1277",0.73,0.684961356953094,0.552934810287751,0.600903239369067
60,300,"extreme","hbi","1277",0.82,0.672243125049248,0.764360644989448,0.807034967819458
120,300,"equal","bf_ps","1277",0.816666666666667,0.866278434048646,0.831219615438885,0.819419773107082
120,300,"equal","psis","1277",0.546666666666667,0.72520405761149,0.552892382329719,0.512015537627771
120,300,"equal","waic","1277",0.523333333333333,0.720626363123974,0.526390440365135,0.488130128963173
120,300,"equal","hbi","1277",0.786666666666667,0.839523978956464,0.806779204453623,0.790944012861821
120,300,"extreme","bf_ps","1277",0.933333333333333,0.900947759817136,0.871858996407552,0.874483199492022
120,300,"extreme","psis","1277",0.753333333333333,0.764429365344338,0.563256218348327,0.524849622325499
120,300,"extreme","waic","1277",0.75,0.721195457170862,0.549080934960867,0.573549168176234
120,300,"extreme","hbi","1277",0.863333333333333,0.823683341065373,0.769429594414196,0.747146291779045
60,150,"equal","bf_ps","1278",0.84,0.891156462585034,0.833235653235653,0.837121884326853
60,150,"equal","psis","1278",0.566666666666667,0.716408603879891,0.601197009618062,0.538671760570257
60,150,"equal","waic","1278",0.506666666666667,0.69154286220417,0.54236360131097,0.470074403670045
60,150,"equal","hbi","1278",0.74,0.786802721088435,0.750818070818071,0.816130771823391
60,150,"extreme","bf_ps","1278",0.913333333333333,0.860754985754986,0.819369129895446,0.823481116584565
60,150,"extreme","psis","1278",0.74,0.634184289605976,0.592805245436824,0.638343722554249
60,150,"extreme","waic","1278",0.733333333333333,0.630880230880231,0.579337231968811,0.624396399250284
60,150,"extreme","hbi","1278",0.853333333333333,0.8427624872579,0.747510189615453,0.72641043596926
120,150,"equal","bf_ps","1278",0.9,0.905242905242905,0.879434850863422,0.885596439928125
120,150,"equal","psis","1278",0.626666666666667,0.751363667153141,0.634980495694781,0.612859140749879
120,150,"equal","waic","1278",0.626666666666667,0.744697177116461,0.631152656866943,0.620188055671927
120,150,"equal","hbi","1278",0.813333333333333,0.852645338532435,0.790952380952381,0.789495477824997
120,150,"extreme","bf_ps","1278",0.953333333333333,0.940284178187404,0.910364145658263,0.921571179405788
120,150,"extreme","psis","1278",0.813333333333333,0.780448717948718,0.623522866238174,0.684335528521475
120,150,"extreme","waic","1278",0.84,0.800082041721875,0.647541755669863,0.708924980137805
120,150,"extreme","hbi","1278",0.913333333333333,0.908852888234332,0.862136158811351,0.864490527393753
60,300,"equal","bf_ps","1278",0.82,0.847768540418964,0.81335749841102,0.810945117346583
60,300,"equal","psis","1278",0.496666666666667,0.669283604914834,0.499886018846868,0.46075119629569
60,300,"equal","waic","1278",0.486666666666667,0.666585083155673,0.491008448882449,0.456003825283478
60,300,"equal","hbi","1278",0.806666666666667,0.867161199130509,0.787340708716419,0.790149330166726
60,300,"extreme","bf_ps","1278",0.933333333333333,0.90597318911455,0.858309893604011,0.876639956415431
60,300,"extreme","psis","1278",0.786666666666667,0.72415674464192,0.578529763823881,0.626682010433762
60,300,"extreme","waic","1278",0.76,0.70144437138108,0.534278069572187,0.591575723089902
60,300,"extreme","hbi","1278",0.886666666666667,0.875641025641026,0.799486364192247,0.801146831810447
120,300,"equal","bf_ps","1278",0.846666666666667,0.879751147256071,0.856405719910703,0.845860330395735
120,300,"equal","psis","1278",0.54,0.706885878551164,0.548814699996223,0.485534405737558
120,300,"equal","waic","1278",0.553333333333333,0.708279440808582,0.557719800933733,0.514298500244028
120,300,"equal","hbi","1278",0.826666666666667,0.884537343696238,0.809423834133136,0.811532061322069
120,300,"extreme","bf_ps","1278",0.933333333333333,0.914478849010869,0.879949090277408,0.891696989212059
120,300,"extreme","psis","1278",0.75,0.736294796821113,0.543201212831856,0.596391106296333
120,300,"extreme","waic","1278",0.763333333333333,0.738998604812082,0.540357157662219,0.596691612481086
120,300,"extreme","hbi","1278",0.85,0.817429704122086,0.756681530963337,0.734975770336201
60,150,"equal","bf_ps","1279",0.826666666666667,0.87359410430839,0.838775510204082,0.832726792956972
60,150,"equal","psis","1279",0.613333333333333,0.742719193143371,0.595614035087719,0.572019175436864
60,150,"equal","waic","1279",0.586666666666667,0.731763319578446,0.566630862871464,0.538913911091159
60,150,"equal","hbi","1279",0.84,0.881415343915344,0.833297529538131,0.819155354449472
60,150,"extreme","bf_ps","1279",0.946666666666667,0.925572166851237,0.88638147566719,0.897315717171925
60,150,"extreme","psis","1279",0.726666666666667,0.748480699008868,0.586823774519277,0.637341282348122
60,150,"extreme","waic","1279",0.733333333333333,0.720780809016103,0.59450759148806,0.647866305059365
60,150,"extreme","hbi","1279",0.88,0.74117730095991,0.777972493345164,0.880502857385008
120,150,"equal","bf_ps","1279",0.853333333333333,0.903025210084034,0.851257166065927,0.848214285714286
120,150,"equal","psis","1279",0.52,0.712399635074559,0.543835081775585,0.493785014751057
120,150,"equal","waic","1279",0.546666666666667,0.699148890325361,0.5693476586252,0.529207391768968
120,150,"equal","hbi","1279",0.786666666666667,0.858120276935608,0.786344507985567,0.773236717546645
120,150,"extreme","bf_ps","1279",0.933333333333333,0.899616256759114,0.878505788280224,0.885802301853666
120,150,"extreme","psis","1279",0.706666666666667,0.733592132505176,0.518391627673453,0.57156704569973
120,150,"extreme","waic","1279",0.72,0.72640673245512,0.511354329995761,0.560501732334413
120,150,"extreme","hbi","1279",0.84,0.85444171080817,0.78499615212086,0.752834467120181
60,300,"equal","bf_ps","1279",0.833333333333333,0.871327394455818,0.833729144135901,0.830972461407244
60,300,"equal","psis","1279",0.58,0.732116197433769,0.594577269405165,0.5389297994267
60,300,"equal","waic","1279",0.563333333333333,0.719270302874731,0.578415629858063,0.529713704736313
60,300,"equal","hbi","1279",0.753333333333333,0.691214345574811,0.750602671725654,0.823757749063074
60,300,"extreme","bf_ps","1279",0.9,0.879836880988955,0.815739815739816,0.828689099337827
60,300,"extreme","psis","1279",0.723333333333333,0.729917386450962,0.533397222932107,0.581095797961286
60,300,"extreme","waic","1279",0.736666666666667,0.73282351177088,0.534064643366969,0.587890670327946
60,300,"extreme","hbi","1279",0.873333333333333,0.865477154424523,0.781107781107781,0.774447886955676
120,300,"equal","bf_ps","1279",0.873333333333333,0.913852813852814,0.873975636766334,0.872422710615106
120,300,"equal","psis","1279",0.57,0.735271979564217,0.579878584200518,0.538818322802936
120,300,"equal","waic","1279",0.556666666666667,0.730192019868986,0.567140978132554,0.529049579463465
120,300,"equal","hbi","1279",0.803333333333333,0.847774526967074,0.808361376687969,0.798165876961888
120,300,"extreme","bf_ps","1279",0.93,0.894815921009312,0.879857071033542,0.875342355585885
120,300,"extreme","psis","1279",0.76,0.779676683066514,0.570272211448682,0.627500559385936
120,300,"extreme","waic","1279",0.77,0.774607434663476,0.563046757164404,0.621915841428146
120,300,"extreme","hbi","1279",0.88,0.867348436072888,0.826987718164189,0.804254078600137
60,150,"equal","bf_ps","1280",0.866666666666667,0.896243842364532,0.872795757509716,0.86681808566307
60,150,"equal","psis","1280",0.586666666666667,0.7415027605245,0.59666536942771,0.543467683724207
60,150,"equal","waic","1280",0.56,0.721334767817822,0.57004602603818,0.514441365807825
60,150,"equal","hbi","1280",0.853333333333333,0.863888029959459,0.862332331864859,0.853177793944344
60,150,"extreme","bf_ps","1280",0.906666666666667,0.850351422033344,0.867265087853323,0.82088162733324
60,150,"extreme","psis","1280",0.74,0.652929672666515,0.580538159319672,0.572177731805844
60,150,"extreme","waic","1280",0.74,0.586291486291486,0.549695052846313,0.608297258297258
60,150,"extreme","hbi","1280",0.866666666666667,0.827328248598237,0.823678422417918,0.739332764874561
120,150,"equal","bf_ps","1280",0.88,0.915413533834586,0.86525974025974,0.869711155425441
120,150,"equal","psis","1280",0.566666666666667,0.7238225842877,0.590649350649351,0.540525603132581
120,150,"equal","waic","1280",0.593333333333333,0.731010591475708,0.601601731601732,0.570698909340936
120,150,"equal","hbi","1280",0.82,0.8719508398325,0.778593073593074,0.766983313541504
120,150,"extreme","bf_ps","1280",0.933333333333333,0.941213271778056,0.854359925788497,0.873891166963312
120,150,"extreme","psis","1280",0.726666666666667,0.672129186602871,0.492848574259934,0.627951137444225
120,150,"extreme","waic","1280",0.726666666666667,0.667276572340016,0.486767105527863,0.619843522348235
120,150,"extreme","hbi","1280",0.873333333333333,0.902446390818484,0.771006102331404,0.751741298994046
60,300,"equal","bf_ps","1280",0.85,0.885575210230383,0.841144846818824,0.845374950562381
60,300,"equal","psis","1280",0.533333333333333,0.696750214500619,0.542742205117983,0.494227239623927
60,300,"equal","waic","1280",0.536666666666667,0.702697190874573,0.548082417533879,0.497284146692845
60,300,"equal","hbi","1280",0.773333333333333,0.713381101656964,0.752294123333747,0.839420208957531
60,300,"extreme","bf_ps","1280",0.936666666666667,0.921225867396139,0.870087782587783,0.887562201803149
60,300,"extreme","psis","1280",0.743333333333333,0.726743285305841,0.549579454936598,0.519004781137347
60,300,"extreme","waic","1280",0.753333333333333,0.68235943154841,0.531097936455079,0.571077170862539
60,300,"extreme","hbi","1280",0.853333333333333,0.725310245310245,0.73372520336806,0.841934554189456
120,300,"equal","bf_ps","1280",0.896666666666667,0.918877551020408,0.891528977006463,0.897170058165152
120,300,"equal","psis","1280",0.603333333333333,0.739801487943903,0.607674058386577,0.550341742895118
120,300,"equal","waic","1280",0.6,0.737716857077759,0.601483582196101,0.551707591095628
120,300,"equal","hbi","1280",0.836666666666667,0.871359182764572,0.821190451200347,0.822532334045386
120,300,"extreme","bf_ps","1280",0.94,0.900308025308025,0.876289113918803,0.878509928272493
120,300,"extreme","psis","1280",0.753333333333333,0.636629974439822,0.540890175267669,0.654947213882063
120,300,"extreme","waic","1280",0.743333333333333,0.623980350287628,0.5244724349872,0.628162703535709
120,300,"extreme","hbi","1280",0.903333333333333,0.879151870391763,0.811946710290685,0.808757756005462
60,150,"equal","bf_ps","1281",0.826666666666667,0.872541743970315,0.819007327068759,0.818713441770945
60,150,"equal","psis","1281",0.506666666666667,0.692648432216097,0.510395762330671,0.462979834791059
60,150,"equal","waic","1281",0.48,0.687236806449643,0.49456522684969,0.429449667490349
60,150,"equal","hbi","1281",0.826666666666667,0.857145789350223,0.822484580038912,0.823502050337403
60,150,"extreme","bf_ps","1281",0.933333333333333,0.887135456189165,0.792857142857143,0.821151771053249
60,150,"extreme","psis","1281",0.746666666666667,0.725976099251961,0.537248734080098,0.629788135990182
60,150,"extreme","waic","1281",0.733333333333333,0.581301443654385,0.446179223569127,0.569015114595106
60,150,"extreme","hbi","1281",0.906666666666667,0.875757575757576,0.776785714285714,0.802096932211753
120,150,"equal","bf_ps","1281",0.86,0.916512059369202,0.804166666666667,0.820795415033396
120,150,"equal","psis","1281",0.526666666666667,0.712699581120634,0.521155128718154,0.484440273629222
120,150,"equal","waic","1281",0.546666666666667,0.714175312235657,0.556238050775866,0.52136629256016
120,150,"equal","hbi","1281",0.833333333333333,0.897959183673469,0.756547619047619,0.751356012408644
120,150,"extreme","bf_ps","1281",0.926666666666667,0.892115599411203,0.85,0.849481658692185
120,150,"extreme","psis","1281",0.74,0.681087719298246,0.547517999242137,0.647380670315086
120,150,"extreme","waic","1281",0.76,0.770632651287784,0.573872679045093,0.565019677708327
120,150,"extreme","hbi","1281",0.846666666666667,0.830978798878073,0.755507136541619,0.815231507622812
60,300,"equal","bf_ps","1281",0.84,0.873819638213344,0.820338896423757,0.825642797950827
60,300,"equal","psis","1281",0.513333333333333,0.683689013048619,0.52666950106453,0.468145800972703
60,300,"equal","waic","1281",0.483333333333333,0.670473194739788,0.500837046312417,0.444458775073665
60,300,"equal","hbi","1281",0.82,0.849541937987316,0.795391226132375,0.79836881787545
60,300,"extreme","bf_ps","1281",0.906666666666667,0.839963180540323,0.767657441764585,0.790296860726536
60,300,"extreme","psis","1281",0.726666666666667,0.707970106518097,0.459629144450573,0.524972171460806
60,300,"extreme","waic","1281",0.72,0.66489451276404,0.415044021294021,0.489921201571679
60,300,"extreme","hbi","1281",0.85,0.709044798824052,0.702330252330252,0.80250296282905
120,300,"equal","bf_ps","1281",0.86,0.892638231917685,0.844548457651748,0.851886960821074
120,300,"equal","psis","1281",0.496666666666667,0.679686334303837,0.505960595238463,0.448672268085971
120,300,"equal","waic","1281",0.513333333333333,0.680484124585695,0.528530181586734,0.482927266374349
120,300,"equal","hbi","1281",0.826666666666667,0.859121888239692,0.804330995893905,0.804967954809418
120,300,"extreme","bf_ps","1281",0.94,0.910766434233268,0.855961243058017,0.873841333782136
120,300,"extreme","psis","1281",0.776666666666667,0.689127816627817,0.539956684537422,0.681050301409427
120,300,"extreme","waic","1281",0.763333333333333,0.67142620770926,0.511767482435176,0.657087501028336
120,300,"extreme","hbi","1281",0.9,0.885455218356773,0.803667113625038,0.814306633628751
60,150,"equal","bf_ps","1282",0.84,0.862341735325606,0.841084854994629,0.841309050368284
60,150,"equal","psis","1282",0.506666666666667,0.686355311355311,0.511754385964912,0.470761824543337
60,150,"equal","waic","1282",0.473333333333333,0.673917748917749,0.477769423558897,0.433019025085686
60,150,"equal","hbi","1282",0.8,0.833957458581519,0.807921589688507,0.792067702912651
60,150,"extreme","bf_ps","1282",0.926666666666667,0.881362135497474,0.827838827838828,0.847632758801353
60,150,"extreme","psis","1282",0.733333333333333,0.640824665418487,0.482426303854875,0.621617376775272
60,150,"extreme","waic","1282",0.706666666666667,0.622528640441684,0.486612593755451,0.598109897995648
60,150,"extreme","hbi","1282",0.9,0.869520030234316,0.78021978021978,0.797847231135641
120,150,"equal","bf_ps","1282",0.846666666666667,0.878308178308178,0.859006734006734,0.858769081795398
120,150,"equal","psis","1282",0.593333333333333,0.771891185553425,0.58020683020683,0.554114237186361
120,150,"equal","waic","1282",0.6,0.774381500852089,0.587361712361712,0.574182183889776
120,150,"equal","hbi","1282",0.786666666666667,0.858333333333333,0.812590187590188,0.792901181039437
120,150,"extreme","bf_ps","1282",0.94,0.948466213543352,0.888278388278388,0.910399124684839
120,150,"extreme","psis","1282",0.793333333333333,0.754600574406978,0.582255892849793,0.756528091455978
120,150,"extreme","waic","1282",0.786666666666667,0.746954694921447,0.533469740532341,0.714297844642672
120,150,"extreme","hbi","1282",0.906666666666667,0.948773448773449,0.837519623233909,0.865245744737551
60,300,"equal","bf_ps","1282",0.853333333333333,0.876116451892896,0.86182770481551,0.858785401938144
60,300,"equal","psis","1282",0.583333333333333,0.702290072256075,0.561661407697993,0.590270294838449
60,300,"equal","waic","1282",0.556666666666667,0.687726471059804,0.534033040130601,0.555611412388906
60,300,"equal","hbi","1282",0.79,0.84433674237941,0.80681005985884,0.794569404200223
60,300,"extreme","bf_ps","1282",0.91,0.877009794982919,0.838186889388262,0.846015715968575
60,300,"extreme","psis","1282",0.73,0.697300158470371,0.552086439222758,0.586212420327501
60,300,"extreme","waic","1282",0.7,0.714337579328675,0.55487807931417,0.582978735782193
60,300,"extreme","hbi","1282",0.866666666666667,0.856231940102908,0.76218042064724,0.741923828150741
120,300,"equal","bf_ps","1282",0.826666666666667,0.87547633766821,0.846373174592835,0.842320507645243
120,300,"equal","psis","1282",0.583333333333333,0.740776376318994,0.547727587628897,0.520935263518748
120,300,"equal","waic","1282",0.566666666666667,0.735192088890063,0.529192614325505,0.516690283071232
120,300,"equal","hbi","1282",0.776666666666667,0.839675232194191,0.801153019347274,0.794913476527961
120,300,"extreme","bf_ps","1282",0.916666666666667,0.895240943267259,0.836269113908865,0.859478393328882
120,300,"extreme","psis","1282",0.77,0.675129431971537,0.538528552193148,0.691619297129384
120,300,"extreme","waic","1282",0.77,0.725713901145671,0.557209664041962,0.610376472377159
120,300,"extreme","hbi","1282",0.89,0.892432424391187,0.784038735591531,0.803097269669211
60,150,"equal","bf_ps","1283",0.873333333333333,0.87901819034824,0.846007063112326,0.850516674425781
60,150,"equal","psis","1283",0.526666666666667,0.672271062271062,0.537545161605312,0.474929480257109
60,150,"equal","waic","1283",0.466666666666667,0.637515817515818,0.48490137681867,0.406504539937823
60,150,"equal","hbi","1283",0.773333333333333,0.82015306122449,0.751395534290271,0.729852531871165
60,150,"extreme","bf_ps","1283",0.9,0.90609243697479,0.778776737967914,0.81326148796968
60,150,"extreme","psis","1283",0.753333333333333,0.681091368725172,0.581240011678653,0.654700128832271
60,150,"extreme","waic","1283",0.753333333333333,0.674301369863014,0.568171829860471,0.648100358422939
60,150,"extreme","hbi","1283",0.853333333333333,0.879422538246068,0.712915283668326,0.758132705501127
120,150,"equal","bf_ps","1283",0.833333333333333,0.887161410018553,0.80952380952381,0.823163379064
120,150,"equal","psis","1283",0.56,0.698325358851675,0.558835978835979,0.533848969068917
120,150,"equal","waic","1283",0.566666666666667,0.704900001958826,0.570793650793651,0.554631971634154
120,150,"equal","hbi","1283",0.8,0.86359126984127,0.749206349206349,0.847916798648506
120,150,"extreme","bf_ps","1283",0.94,0.909658899020601,0.841071428571429,0.84743596914917
120,150,"extreme","psis","1283",0.8,0.741121951219512,0.601604554865424,0.735503180533008
120,150,"extreme","waic","1283",0.8,0.736363636363636,0.574585921325052,0.721064460077768
120,150,"extreme","hbi","1283",0.9,0.87901397117987,0.794875776397515,0.780413714690583
60,300,"equal","bf_ps","1283",0.84,0.870748634214676,0.833349149017352,0.833505803192443
60,300,"equal","psis","1283",0.53,0.682475231247428,0.555976877290241,0.489347613195631
60,300,"equal","waic","1283",0.533333333333333,0.682810571532376,0.557140610596832,0.499974435646135
60,300,"equal","hbi","1283",0.783333333333333,0.779996646047643,0.752432578008615,0.736629359061952
60,300,"extreme","bf_ps","1283",0.9,0.898849065919284,0.80688137883963,0.836495179871646
60,300,"extreme","psis","1283",0.73,0.692346490638416,0.508268704439057,0.56508382072277
60,300,"extreme","waic","1283",0.716666666666667,0.612646639011553,0.464157848911561,0.603459598701223
60,300,"extreme","hbi","1283",0.85,0.873123206141818,0.747193576071424,0.75330401265472
120,300,"equal","bf_ps","1283",0.84,0.894935291189647,0.832420468187275,0.834914968971091
120,300,"equal","psis","1283",0.556666666666667,0.716244667887474,0.558375068453883,0.512169157213558
120,300,"equal","waic","1283",0.563333333333333,0.700571772664796,0.556809390422836,0.535419858686753
120,300,"equal","hbi","1283",0.77,0.723786066150598,0.726264418811003,0.817719107192791
120,300,"extreme","bf_ps","1283",0.93,0.910195898728377,0.861706259721852,0.877915668985178
120,300,"extreme","psis","1283",0.786666666666667,0.756316815212896,0.577223983788477,0.63094869102273
120,300,"extreme","waic","1283",0.776666666666667,0.757012984202721,0.573007538174087,0.625469206315419
120,300,"extreme","hbi","1283",0.876666666666667,0.857176324156227,0.797438493469677,0.78784933634432
60,150,"equal","bf_ps","1234",0.86,0.886094203763377,0.86466201423098,0.85817039000008
60,150,"equal","psis","1234",0.546666666666667,0.693417255978832,0.573485719261581,0.522961793345998
60,150,"equal","waic","1234",0.526666666666667,0.696232783305303,0.555776484052346,0.48991637174211
60,150,"equal","hbi","1234",0.773333333333333,0.779509734928454,0.754166044683286,0.727360218615802
60,150,"extreme","bf_ps","1234",0.926666666666667,0.876180124223602,0.812715855572998,0.823997414049734
60,150,"extreme","psis","1234",0.72,0.722200935710252,0.569739784025498,0.534480469696416
60,150,"extreme","waic","1234",0.733333333333333,0.682407942934259,0.53381142666857,0.499070646736152
60,150,"extreme","hbi","1234",0.906666666666667,0.880178571428571,0.776190476190476,0.786381477155659
120,150,"equal","bf_ps","1234",0.86,0.926708074534161,0.869737750172533,0.870650713377654
120,150,"equal","psis","1234",0.533333333333333,0.733962038969841,0.526496852583809,0.5017294934168
120,150,"equal","waic","1234",0.56,0.739540396710208,0.556277056277056,0.549443219568995
120,150,"equal","hbi","1234",0.786666666666667,0.869767441860465,0.807022084195997,0.783094992382918
120,150,"extreme","bf_ps","1234",0.933333333333333,0.917566643882433,0.811904761904762,0.831131017000102
120,150,"extreme","psis","1234",0.733333333333333,0.710309443642777,0.48944099378882,0.629444686548429
120,150,"extreme","waic","1234",0.72,0.505739407651172,0.429089026915114,0.649217886879901
120,150,"extreme","hbi","1234",0.9,0.904864976293548,0.766666666666667,0.784311436233285
60,300,"equal","bf_ps","1234",0.88,0.913565426170468,0.868651471912341,0.874582724672248
60,300,"equal","psis","1234",0.56,0.720419873635073,0.575116461871577,0.528858628335261
60,300,"equal","waic","1234",0.536666666666667,0.713155773019113,0.550073165843626,0.494813197740005
60,300,"equal","hbi","1234",0.77,0.694580387875267,0.752058311466879,0.837991229835274
60,300,"extreme","bf_ps","1234",0.923333333333333,0.913946492575525,0.825128839414554,0.849070074457454
60,300,"extreme","psis","1234",0.723333333333333,0.672529269696678,0.514662834830902,0.54930068645891
60,300,"extreme","waic","1234",0.713333333333333,0.658138599725295,0.489868523166842,0.512135399050785
60,300,"extreme","hbi","1234",0.84,0.725416629417725,0.705127353971892,0.795701581027668
120,300,"equal","bf_ps","1234",0.88,0.890007378657338,0.87437889782596,0.878855621602366
120,300,"equal","psis","1234",0.533333333333333,0.723069598845996,0.567541181099123,0.510891767885233
120,300,"equal","waic","1234",0.533333333333333,0.721471986579695,0.561480038159695,0.515562602145368
120,300,"equal","hbi","1234",0.843333333333333,0.870502364107964,0.832588375007286,0.835651597794988
120,300,"extreme","bf_ps","1234",0.923333333333333,0.913515298261061,0.844887955182073,0.864946996564365
120,300,"extreme","psis","1234",0.756666666666667,0.672807816109216,0.56977534603585,0.696283454475559
120,300,"extreme","waic","1234",0.726666666666667,0.712240374567961,0.540353320815506,0.574108990149511
120,300,"extreme","hbi","1234",0.86,0.883446712018141,0.761838068560758,0.754340749405573
60,150,"equal","bf_ps","1235",0.9,0.916434404977962,0.881921859652952,0.8842788976773
60,150,"equal","psis","1235",0.586666666666667,0.745326568855981,0.615765851795264,0.577497537896256
60,150,"equal","waic","1235",0.526666666666667,0.686477976202421,0.562263541780349,0.590716827783124
60,150,"equal","hbi","1235",0.84,0.87202380952381,0.809732984102732,0.79522554739946
60,150,"extreme","bf_ps","1235",0.906666666666667,0.90952380952381,0.821315192743764,0.834032941081398
60,150,"extreme","psis","1235",0.693333333333333,0.659088997422331,0.479606009070295,0.527775532445688
60,150,"extreme","waic","1235",0.66,0.587022306397306,0.451799886621315,0.560683760683761
60,150,"extreme","hbi","1235",0.88,0.867634533488192,0.79234693877551,0.801086091002057
120,150,"equal","bf_ps","1235",0.86,0.870242800677583,0.830290297937357,0.824005620264468
120,150,"equal","psis","1235",0.513333333333333,0.686065603892429,0.55070345476025,0.504721901243141
120,150,"equal","waic","1235",0.553333333333333,0.695665445665446,0.577532229433852,0.559215821107639
120,150,"equal","hbi","1235",0.84,0.873802982731554,0.806741787624141,0.779197795655629
120,150,"extreme","bf_ps","1235",0.933333333333333,0.915509777578743,0.900560224089636,0.886386554621849
120,150,"extreme","psis","1235",0.706666666666667,0.6537918603136,0.528256443139505,0.633092423086702
120,150,"extreme","waic","1235",0.7,0.666457800511509,0.524095260594198,0.626451388388893
120,150,"extreme","hbi","1235",0.893333333333333,0.888106966924701,0.851739732037393,0.836818736337571
60,300,"equal","bf_ps","1235",0.86,0.858133843050403,0.83534521034521,0.837787102668055
60,300,"equal","psis","1235",0.533333333333333,0.708928838059744,0.568621656121656,0.516988803844567
60,300,"equal","waic","1235",0.53,0.709629251434346,0.568199855699856,0.520046880241484
60,300,"equal","hbi","1235",0.81,0.84442043924778,0.775058275058275,0.762342462758299
60,300,"extreme","bf_ps","1235",0.916666666666667,0.893087037186416,0.861954885304086,0.865103803978254
60,300,"extreme","psis","1235",0.72,0.725714775338836,0.563307307955256,0.597021951706685
60,300,"extreme","waic","1235",0.69,0.647917374313312,0.521582759974981,0.638944206678312
60,300,"extreme","hbi","1235",0.89,0.860128461026665,0.828362964929379,0.819764744985815
120,300,"equal","bf_ps","1235",0.876666666666667,0.891059398317463,0.864057009243345,0.867496614440992
120,300,"equal","psis","1235",0.536666666666667,0.728554659436131,0.557512405235734,0.505433607330483
120,300,"equal","waic","1235",0.573333333333333,0.731880016847603,0.587436719138857,0.55516647703073
120,300,"equal","hbi","1235",0.793333333333333,0.703804797225459,0.755707968806252,0.843058829692493
120,300,"extreme","bf_ps","1235",0.936666666666667,0.9236517698327,0.889316239316239,0.89982624514777
120,300,"extreme","psis","1235",0.746666666666667,0.70199911733296,0.57345742113184,0.701280474113421
120,300,"extreme","waic","1235",0.753333333333333,0.690753433448851,0.553996649345487,0.685839062020349
120,300,"extreme","hbi","1235",0.89,0.891213968511595,0.824664224664225,0.816182115304222
60,150,"equal","bf_ps","1236",0.853333333333333,0.879166666666667,0.842325204126446,0.845312037858622
60,150,"equal","psis","1236",0.553333333333333,0.737285016248431,0.56569392101941,0.521156714518864
60,150,"equal","waic","1236",0.553333333333333,0.736225881514635,0.568196846681974,0.527204343275772
60,150,"equal","hbi","1236",0.826666666666667,0.868348861283644,0.805631738861552,0.786879836745066
60,150,"extreme","bf_ps","1236",0.906666666666667,0.865925262476987,0.811224489795918,0.820137037865994
60,150,"extreme","psis","1236",0.746666666666667,0.714777432712215,0.558803521408563,0.643264972274406
60,150,"extreme","waic","1236",0.733333333333333,0.69698703279939,0.561524609843938,0.622170554651373
60,150,"extreme","hbi","1236",0.886666666666667,0.847351061636776,0.78265306122449,0.779139743671763
120,150,"equal","bf_ps","1236",0.86,0.870923431407302,0.852426303854875,0.84994721518848
120,150,"equal","psis","1236",0.553333333333333,0.679282407407407,0.52851307422736,0.547587317991097
120,150,"equal","waic","1236",0.553333333333333,0.725057068281858,0.533945142159428,0.48094607921379
120,150,"equal","hbi","1236",0.793333333333333,0.848891108891109,0.796918319775463,0.768109243697479
120,150,"extreme","bf_ps","1236",0.926666666666667,0.903378189763878,0.880333800186741,0.883981474049576
120,150,"extreme","psis","1236",0.793333333333333,0.79707977888125,0.655627570177007,0.730244313828338
120,150,"extreme","waic","1236",0.813333333333333,0.806087608261159,0.736454049704988,0.799813686518889
120,150,"extreme","hbi","1236",0.84,0.846540666643465,0.774346405228758,0.746664573065158
60,300,"equal","bf_ps","1236",0.853333333333333,0.872428421778903,0.846984886458571,0.846382904973425
60,300,"equal","psis","1236",0.553333333333333,0.723469756627001,0.55766499582289,0.509565543903807
60,300,"equal","waic","1236",0.55,0.726806411095317,0.555425495557075,0.501701745819984
60,300,"equal","hbi","1236",0.786666666666667,0.802372465527318,0.77083048530417,0.742099451695059
60,300,"extreme","bf_ps","1236",0.93,0.905677384825566,0.874925970388155,0.886724386724387
60,300,"extreme","psis","1236",0.783333333333333,0.781843580265483,0.645949410067057,0.630116362225406
60,300,"extreme","waic","1236",0.76,0.765213097404878,0.630829331732693,0.606531166488487
60,300,"extreme","hbi","1236",0.89,0.88140645731977,0.811456582633053,0.811916797218315
120,300,"equal","bf_ps","1236",0.876666666666667,0.896164021164021,0.877843960550727,0.878058076300111
120,300,"equal","psis","1236",0.576666666666667,0.751827811613516,0.568571492122063,0.518382638748055
120,300,"equal","waic","1236",0.56,0.737989049480985,0.550778901196057,0.512351437322917
120,300,"equal","hbi","1236",0.8,0.850464871107419,0.790865149887706,0.779137501105088
120,300,"extreme","bf_ps","1236",0.906666666666667,0.899582120825963,0.851002258610954,0.863939215098062
120,300,"extreme","psis","1236",0.733333333333333,0.719301787331438,0.539471579145492,0.595344434480374
120,300,"extreme","waic","1236",0.703333333333333,0.636777146889544,0.475359966120836,0.59695158634522
120,300,"extreme","hbi","1236",0.87,0.88109420838919,0.797701392810088,0.792583672607773
60,150,"equal","bf_ps","1237",0.873333333333333,0.89906629318394,0.859631724543364,0.863581442169816
60,150,"equal","psis","1237",0.533333333333333,0.710585286746277,0.57684750737315,0.500880131622542
60,150,"equal","waic","1237",0.526666666666667,0.703296703296703,0.564659451372718,0.518052016894723
60,150,"equal","hbi","1237",0.766666666666667,0.693717703005629,0.741727252813152,0.824968237492334
60,150,"extreme","bf_ps","1237",0.906666666666667,0.898404164533197,0.831349206349206,0.843777374953381
60,150,"extreme","psis","1237",0.733333333333333,0.775959219056234,0.570281385281385,0.635504209551641
60,150,"extreme","waic","1237",0.733333333333333,0.720080482897384,0.538044733044733,0.693612510905374
60,150,"extreme","hbi","1237",0.866666666666667,0.882454594741122,0.800800865800866,0.80659923006298
120,150,"equal","bf_ps","1237",0.866666666666667,0.911027568922306,0.881038961038961,0.878004952441043
120,150,"equal","psis","1237",0.64,0.779446728904933,0.594093314093314,0.560997775567603
120,150,"equal","waic","1237",0.626666666666667,0.733587287704435,0.579278499278499,0.633051635858815
120,150,"equal","hbi","1237",0.8,0.870443349753695,0.816661856661857,0.794613189069479
120,150,"extreme","bf_ps","1237",0.946666666666667,0.931120425965787,0.891233766233766,0.88422619047619
120,150,"extreme","psis","1237",0.74,0.797033236371472,0.632074504442925,0.607332094687586
120,150,"extreme","waic","1237",0.72,0.759671907040328,0.591660970608339,0.62036888532478
120,150,"extreme","hbi","1237",0.913333333333333,0.890731292517007,0.821428571428571,0.914075993091537
60,300,"equal","bf_ps","1237",0.83,0.883299187268126,0.822150175566325,0.825522301742211
60,300,"equal","psis","1237",0.516666666666667,0.700130821559393,0.514346574750301,0.457180594028016
60,300,"equal","waic","1237",0.503333333333333,0.635480855331009,0.502034749239718,0.513281166869058
60,300,"equal","hbi","1237",0.803333333333333,0.862635556729907,0.793505941953147,0.780565624451695
60,300,"extreme","bf_ps","1237",0.9,0.855534605146406,0.838702071737786,0.832122380724865
60,300,"extreme","psis","1237",0.783333333333333,0.772309951729667,0.61139713461142,0.596604865714345
60,300,"extreme","waic","1237",0.77,0.720394757442678,0.579122861265718,0.636107355765476
60,300,"extreme","hbi","1237",0.896666666666667,0.874897693923369,0.824885332921047,0.829677589275525
120,300,"equal","bf_ps","1237",0.84,0.89001339634251,0.843949445807031,0.849659013073647
120,300,"equal","psis","1237",0.566666666666667,0.680974644261348,0.525893164283257,0.549818414869506
120,300,"equal","waic","1237",0.556666666666667,0.72103499233467,0.516516686419384,0.47145977759996
120,300,"equal","hbi","1237",0.78,0.85343257556187,0.778871644351521,0.767335785852888
120,300,"extreme","bf_ps","1237",0.946666666666667,0.919224873954291,0.893847317972093,0.899315418661468
120,300,"extreme","psis","1237",0.766666666666667,0.673702081051479,0.549963897773799,0.686835222573306
120,300,"extreme","waic","1237",0.766666666666667,0.712116641528406,0.537059074804165,0.576489998480056
120,300,"extreme","hbi","1237",0.896666666666667,0.885930251159814,0.7937536346568,0.776744421597539
60,150,"equal","bf_ps","1238",0.846666666666667,0.899231720660292,0.846414455110107,0.849872455185548
60,150,"equal","psis","1238",0.54,0.715275200989487,0.521042230081132,0.486042153335386
60,150,"equal","waic","1238",0.506666666666667,0.694644699985257,0.491285030758715,0.472190522683134
60,150,"equal","hbi","1238",0.82,0.873395512050974,0.817843026538679,0.811295946950209
60,150,"extreme","bf_ps","1238",0.94,0.94377990430622,0.880952380952381,0.906503141797259
60,150,"extreme","psis","1238",0.793333333333333,0.751812865497076,0.599404761904762,0.757753924921768
60,150,"extreme","waic","1238",0.766666666666667,0.738970588235294,0.59484126984127,0.73574582487626
60,150,"extreme","hbi","1238",0.9,0.916750596342433,0.834722222222222,0.856658131386349
120,150,"equal","bf_ps","1238",0.833333333333333,0.8752405002405,0.820909416398138,0.82375950380152
120,150,"equal","psis","1238",0.513333333333333,0.680187074829932,0.537594464850104,0.504896669187229
120,150,"equal","waic","1238",0.54,0.692285114780306,0.561958321544788,0.535684788269375
120,150,"equal","hbi","1238",0.773333333333333,0.819866408101702,0.750104427736007,0.743376623376623
120,150,"extreme","bf_ps","1238",0.886666666666667,0.868693134822167,0.755555555555556,0.767987586510532
120,150,"extreme","psis","1238",0.68,0.7056821779044,0.435431063070815,0.499741711280173
120,150,"extreme","waic","1238",0.693333333333333,0.711073629851741,0.440403144129852,0.504448100564446
120,150,"extreme","hbi","1238",0.86,0.832922275293096,0.725534851621808,0.728993470297818
60,300,"equal","bf_ps","1238",0.853333333333333,0.896938775510204,0.845338311699998,0.852028684683721
60,300,"equal","psis","1238",0.54,0.711904761904762,0.546675950761132,0.498888134497029
60,300,"equal","waic","1238",0.546666666666667,0.713866949996772,0.552574903828942,0.509110663373964
60,300,"equal","hbi","1238",0.766666666666667,0.777804780448765,0.749217226109381,0.728436843101777
60,300,"extreme","bf_ps","1238",0.91,0.870000889947698,0.830564727174897,0.845708146309939
60,300,"extreme","psis","1238",0.753333333333333,0.762175425725846,0.535706424326279,0.597559079748622
60,300,"extreme","waic","1238",0.716666666666667,0.707087878006119,0.493223483538254,0.538770327645598
60,300,"extreme","hbi","1238",0.836666666666667,0.710968203567649,0.732399400438141,0.826314959788248
120,300,"equal","bf_ps","1238",0.836666666666667,0.889278897556385,0.830691834922827,0.833588364843064
120,300,"equal","psis","1238",0.516666666666667,0.708240941979974,0.530438685787816,0.48548284454402
120,300,"equal","waic","1238",0.53,0.704351232656072,0.539438220304737,0.513977212239544
120,300,"equal","hbi","1238",0.793333333333333,0.851230344000953,0.78783594716093,0.780832780297086
120,300,"extreme","bf_ps","1238",0.906666666666667,0.868542758493463,0.829341334192697,0.834754764463951
120,300,"extreme","psis","1238",0.73,0.690387763497007,0.519227325482487,0.664047121591505
120,300,"extreme","waic","1238",0.716666666666667,0.675855288934759,0.500930333197055,0.635864699101572
120,300,"extreme","hbi","1238",0.853333333333333,0.840994926398653,0.77409539579234,0.761140429375929
60,150,"equal","bf_ps","1239",0.813333333333333,0.840714285714286,0.804814471243043,0.80521275021275
60,150,"equal","psis","1239",0.573333333333333,0.73188727648658,0.59243351886209,0.536730168785918
60,150,"equal","waic","1239",0.52,0.69593864981603,0.53069573283859,0.482262374272885
60,150,"equal","hbi","1239",0.733333333333333,0.808540160250147,0.709392393320965,0.688993131200344
60,150,"extreme","bf_ps","1239",0.846666666666667,0.856028368794326,0.758503401360544,0.764347777559404
60,150,"extreme","psis","1239",0.713333333333333,0.615509015509015,0.471176401595121,0.61176679740886
60,150,"extreme","waic","1239",0.7,0.592794871794872,0.443965517241379,0.579985829923659
60,150,"extreme","hbi","1239",0.813333333333333,0.854865424430642,0.751026272577997,0.733984971956541
120,150,"equal","bf_ps","1239",0.846666666666667,0.875178789464504,0.834446505875077,0.834999451872517
120,150,"equal","psis","1239",0.586666666666667,0.714730122818358,0.601476954418131,0.582458319662964
120,150,"equal","waic","1239",0.62,0.73083464958465,0.616192840772673,0.607196284306706
120,150,"equal","hbi","1239",0.726666666666667,0.669179894179894,0.701445123503947,0.786274092970522
120,150,"extreme","bf_ps","1239",0.906666666666667,0.884873949579832,0.86309067688378,0.868319919736526
120,150,"extreme","psis","1239",0.773333333333333,0.764342114656957,0.670808246670316,0.759939960338764
120,150,"extreme","waic","1239",0.773333333333333,0.764765017117958,0.644353220215289,0.742561567561568
120,150,"extreme","hbi","1239",0.806666666666667,0.841294261294261,0.78917168399927,0.760626656792985
60,300,"equal","bf_ps","1239",0.846666666666667,0.875961201061381,0.827680156727676,0.832258884485667
60,300,"equal","psis","1239",0.523333333333333,0.696231497764501,0.543365134238317,0.483648905987021
60,300,"equal","waic","1239",0.516666666666667,0.692254604105594,0.533640751328184,0.467016276887739
60,300,"equal","hbi","1239",0.806666666666667,0.86991050244117,0.77758887687399,0.771681096681097
60,300,"extreme","bf_ps","1239",0.876666666666667,0.857442420032603,0.847847243849268,0.838540747633649
60,300,"extreme","psis","1239",0.7,0.741274663837991,0.566689669246437,0.624210613472359
60,300,"extreme","waic","1239",0.723333333333333,0.751583063084506,0.582128639710932,0.640251015017166
60,300,"extreme","hbi","1239",0.84,0.852253325008743,0.810868058040651,0.790976726985832
120,300,"equal","bf_ps","1239",0.84,0.877136131412447,0.827220129099902,0.829120451373616
120,300,"equal","psis","1239",0.493333333333333,0.674131241326574,0.508374022260585,0.460866507628481
120,300,"equal","waic","1239",0.506666666666667,0.665763469944796,0.510625609255673,0.493326166230428
120,300,"equal","hbi","1239",0.8,0.846342007832691,0.773966221153744,0.760712014360123
120,300,"extreme","bf_ps","1239",0.903333333333333,0.885294229579944,0.848857262203127,0.856202129974797
120,300,"extreme","psis","1239",0.76,0.729619333324031,0.530342608731695,0.703683651272793
120,300,"extreme","waic","1239",0.766666666666667,0.73980687775836,0.545627845633473,0.717977483517712
120,300,"extreme","hbi","1239",0.85,0.862452253628724,0.799357282570555,0.796443451123421
60,150,"equal","bf_ps","1240",0.8,0.885535609592674,0.799035201124984,0.806467136520074
60,150,"equal","psis","1240",0.506666666666667,0.686780184101613,0.483611055758336,0.452384112322001
60,150,"equal","waic","1240",0.493333333333333,0.68448105937092,0.471737480417268,0.441092000858639
60,150,"equal","hbi","1240",0.733333333333333,0.813277530885504,0.746307227344379,0.739817542733953
60,150,"extreme","bf_ps","1240",0.926666666666667,0.897009496868054,0.848017041868294,0.867639378165694
60,150,"extreme","psis","1240",0.746666666666667,0.700221861471861,0.525989433574117,0.659321027745237
60,150,"extreme","waic","1240",0.753333333333333,0.673090798520365,0.546397596839423,0.681183084133609
60,150,"extreme","hbi","1240",0.88,0.833981211532232,0.807317600579751,0.81000111000111
120,150,"equal","bf_ps","1240",0.88,0.91019661453098,0.873701298701299,0.879229323308271
120,150,"equal","psis","1240",0.56,0.730127928549855,0.559177138650823,0.512287041468486
120,150,"equal","waic","1240",0.58,0.734869894171165,0.570909222356591,0.544682747616421
120,150,"equal","hbi","1240",0.78,0.782902909447532,0.770284715284715,0.740570427305121
120,150,"extreme","bf_ps","1240",0.933333333333333,0.909225697163986,0.862399505256648,0.880948122915336
120,150,"extreme","psis","1240",0.8,0.763062274159294,0.60050505050505,0.671263418662263
120,150,"extreme","waic","1240",0.793333333333333,0.754347657762292,0.595908060193775,0.656012785663948
120,150,"extreme","hbi","1240",0.886666666666667,0.872437888198758,0.788188002473717,0.80425932867359
60,300,"equal","bf_ps","1240",0.833333333333333,0.890081414319295,0.827811531150265,0.833631288116338
60,300,"equal","psis","1240",0.503333333333333,0.698332522557387,0.497687921059543,0.465103725426306
60,300,"equal","waic","1240",0.483333333333333,0.687981854054801,0.476088347864407,0.438211485571615
60,300,"equal","hbi","1240",0.783333333333333,0.849109999731118,0.780526771130473,0.78047754548108
60,300,"extreme","bf_ps","1240",0.906666666666667,0.896579144348638,0.844601430315716,0.865137710566665
60,300,"extreme","psis","1240",0.72,0.66057358755472,0.519671201814059,0.665140219638175
60,300,"extreme","waic","1240",0.713333333333333,0.648806594162631,0.484397348683063,0.636126997715697
60,300,"extreme","hbi","1240",0.89,0.891268595350228,0.820211930926217,0.839192669078864
120,300,"equal","bf_ps","1240",0.88,0.92109938983645,0.874945314323756,0.8824543023315
120,300,"equal","psis","1240",0.59,0.741803388021875,0.574875000483229,0.551204375375007
120,300,"equal","waic","1240",0.56,0.728511982418538,0.54621306801721,0.531764408480956
120,300,"equal","hbi","1240",0.78,0.787664271263935,0.754893513623826,0.7376948584297
120,300,"extreme","bf_ps","1240",0.913333333333333,0.923891192822077,0.82766439909297,0.857059071075811
120,300,"extreme","psis","1240",0.786666666666667,0.699959292904565,0.540601638715603,0.7055019740475
120,300,"extreme","waic","1240",0.786666666666667,0.706928200005123,0.540099094473091,0.711861463769245
120,300,"extreme","hbi","1240",0.876666666666667,0.892443664876597,0.780068216665327,0.793758174695088
60,150,"equal","bf_ps","1241",0.806666666666667,0.856691919191919,0.810748973883985,0.807960332350576
60,150,"equal","psis","1241",0.533333333333333,0.695890957225409,0.527295282720258,0.479010386763401
60,150,"equal","waic","1241",0.5,0.693452380952381,0.496762766128572,0.444810894579151
60,150,"equal","hbi","1241",0.793333333333333,0.836239093338485,0.801229341469616,0.79561742492777
60,150,"extreme","bf_ps","1241",0.913333333333333,0.891867391867392,0.775132275132275,0.807719247745154
60,150,"extreme","psis","1241",0.806666666666667,0.738991820123303,0.609232139019373,0.695641908961462
60,150,"extreme","waic","1241",0.8,0.72611762901618,0.612750094664988,0.702388180519626
60,150,"extreme","hbi","1241",0.88,0.869352346999406,0.723112073112073,0.754038211029093
120,150,"equal","bf_ps","1241",0.9,0.915850815850816,0.872368421052632,0.883014537915073
120,150,"equal","psis","1241",0.606666666666667,0.738828157257598,0.641996015680226,0.572250250944656
120,150,"equal","waic","1241",0.613333333333333,0.744535495464288,0.646757920442131,0.58457172672289
120,150,"equal","hbi","1241",0.813333333333333,0.850907029478458,0.797387700019279,0.792123356519641
120,150,"extreme","bf_ps","1241",0.953333333333333,0.762142857142857,0.92322695035461,0.877621755773016
120,150,"extreme","psis","1241",0.766666666666667,0.680444444444444,0.690927895981088,0.674660894660895
120,150,"extreme","waic","1241",0.766666666666667,0.667261904761905,0.680585106382979,0.660389185977421
120,150,"extreme","hbi","1241",0.886666666666667,0.852374551971326,0.847842789598109,0.772568707617727
60,300,"equal","bf_ps","1241",0.776666666666667,0.824596014946419,0.775336561990957,0.773434370430616
60,300,"equal","psis","1241",0.48,0.651360310927366,0.499692474013689,0.44567188709266
60,300,"equal","waic","1241",0.476666666666667,0.647056091827628,0.496696834892877,0.447423465406323
60,300,"equal","hbi","1241",0.696666666666667,0.721305823443799,0.713032235443648,0.670538804515534
60,300,"extreme","bf_ps","1241",0.896666666666667,0.856109945800667,0.806630426311277,0.802315716213919
60,300,"extreme","psis","1241",0.713333333333333,0.628556536448802,0.486341672511885,0.615305728183026
60,300,"extreme","waic","1241",0.73,0.610652680652681,0.476236750837815,0.602600603058269
60,300,"extreme","hbi","1241",0.88,0.852319179824632,0.785733769776323,0.778211531326383
120,300,"equal","bf_ps","1241",0.833333333333333,0.882137703566275,0.827539155196963,0.826388324786494
120,300,"equal","psis","1241",0.516666666666667,0.699130434782609,0.541010052233146,0.488095527142722
120,300,"equal","waic","1241",0.543333333333333,0.704318866054793,0.566551911171736,0.527561305108246
120,300,"equal","hbi","1241",0.733333333333333,0.779749559645633,0.742950131461641,0.704995614174827
120,300,"extreme","bf_ps","1241",0.926666666666667,0.888905775075988,0.855902655902656,0.856785850370482
120,300,"extreme","psis","1241",0.753333333333333,0.658064883211548,0.511233918842614,0.654127627590626
120,300,"extreme","waic","1241",0.756666666666667,0.661715226971292,0.510223593763966,0.648473342825502
120,300,"extreme","hbi","1241",0.856666666666667,0.862625767316843,0.784535037174789,0.76040408204887
60,150,"equal","bf_ps","1242",0.873333333333333,0.902215431627196,0.868621994252246,0.86849765421194
60,150,"equal","psis","1242",0.533333333333333,0.710459183673469,0.551458905240418,0.497954324582255
60,150,"equal","waic","1242",0.513333333333333,0.708032521308919,0.533935952003179,0.473929804798488
60,150,"equal","hbi","1242",0.76,0.823383899014151,0.751058605260286,0.71608278939106
60,150,"extreme","bf_ps","1242",0.92,0.889196108550947,0.828917748917749,0.850822986537272
60,150,"extreme","psis","1242",0.733333333333333,0.670258980785297,0.493204955963577,0.646547581680696
60,150,"extreme","waic","1242",0.706666666666667,0.658602589037372,0.470347813106434,0.615304084757407
60,150,"extreme","hbi","1242",0.873333333333333,0.851573129251701,0.762597402597403,0.775753288926882
120,150,"equal","bf_ps","1242",0.853333333333333,0.895321230724957,0.859786052682086,0.855419589598895
120,150,"equal","psis","1242",0.573333333333333,0.744011009799337,0.585537446737862,0.544479486165669
120,150,"equal","waic","1242",0.566666666666667,0.728622202761371,0.574607774905934,0.543404174023113
120,150,"equal","hbi","1242",0.786666666666667,0.840113677049767,0.806848065079851,0.788358034008253
120,150,"extreme","bf_ps","1242",0.926666666666667,0.879038613081166,0.830559537081276,0.847818072530555
120,150,"extreme","psis","1242",0.74,0.68695652173913,0.519482932526411,0.641633246794653
120,150,"extreme","waic","1242",0.746666666666667,0.685708534621578,0.508440834527791,0.647217086300204
120,150,"extreme","hbi","1242",0.88,0.841996753246753,0.763192121887774,0.774035500725113
60,300,"equal","bf_ps","1242",0.883333333333333,0.913818677015437,0.874716937874833,0.878338447395382
60,300,"equal","psis","1242",0.536666666666667,0.726429851809791,0.562378999757721,0.51112160492816
60,300,"equal","waic","1242",0.496666666666667,0.712858397641006,0.521793030257999,0.459229328396288
60,300,"equal","hbi","1242",0.816666666666667,0.85644421434695,0.810478800704365,0.808058988353839
60,300,"extreme","bf_ps","1242",0.91,0.884356248026108,0.81766868189282,0.832251082251082
60,300,"extreme","psis","1242",0.796666666666667,0.780950245952039,0.594701093603586,0.574655834873995
60,300,"extreme","waic","1242",0.756666666666667,0.725626432007402,0.537250840775182,0.591729470789996
60,300,"extreme","hbi","1242",0.856666666666667,0.83968253968254,0.733354078308439,0.740614419283695
120,300,"equal","bf_ps","1242",0.88,0.9190556222489,0.874021276374157,0.87651887243724
120,300,"equal","psis","1242",0.52,0.709759448391718,0.543596901040708,0.49947919035053
120,300,"equal","waic","1242",0.523333333333333,0.70693612277331,0.543214070847722,0.511821948182935
120,300,"equal","hbi","1242",0.816666666666667,0.874499672176221,0.810470539629457,0.799505744388755
120,300,"extreme","bf_ps","1242",0.913333333333333,0.896863730649009,0.841816782610393,0.860516520852732
120,300,"extreme","psis","1242",0.756666666666667,0.672347315040491,0.513717371244041,0.660636162885159
120,300,"extreme","waic","1242",0.73,0.660508067250354,0.49146909688498,0.630178085803724
120,300,"extreme","hbi","1242",0.85,0.865604624828655,0.761677795591654,0.758403191405834
60,150,"equal","bf_ps","1243",0.82,0.889263066682421,0.820184990992444,0.819192945293093
60,150,"equal","psis","1243",0.553333333333333,0.66651098102711,0.534529652542075,0.553295079624867
60,150,"equal","waic","1243",0.526666666666667,0.583321582692157,0.510835954935334,0.615323565323565
60,150,"equal","hbi","1243",0.813333333333333,0.876192803612158,0.812817617165443,0.809699818624768
60,150,"extreme","bf_ps","1243",0.913333333333333,0.895804803099636,0.876151229722658,0.874885816504569
60,150,"extreme","psis","1243",0.7,0.75289298515105,0.592176870748299,0.671195717231523
60,150,"extreme","waic","1243",0.666666666666667,0.673659077797009,0.465737833594977,0.60700289291783
60,150,"extreme","hbi","1243",0.886666666666667,0.883901141101602,0.859406070120356,0.853002827116099
120,150,"equal","bf_ps","1243",0.853333333333333,0.905086020894844,0.846753246753247,0.850503449744436
120,150,"equal","psis","1243",0.566666666666667,0.7003663003663,0.554810509183911,0.51972569653793
120,150,"equal","waic","1243",0.553333333333333,0.691330633830175,0.542388148935463,0.504964682414412
120,150,"equal","hbi","1243",0.773333333333333,0.839078185852379,0.775759457933371,0.755763523847505
120,150,"extreme","bf_ps","1243",0.893333333333333,0.863636363636364,0.793956043956044,0.799548120930412
120,150,"extreme","psis","1243",0.733333333333333,0.702002555408128,0.518565644881434,0.673517126148705
120,150,"extreme","waic","1243",0.706666666666667,0.680822021116139,0.466497975708502,0.626181816557598
120,150,"extreme","hbi","1243",0.866666666666667,0.846615477874318,0.753846153846154,0.739411608799364
60,300,"equal","bf_ps","1243",0.82,0.878883037085802,0.81636853521352,0.815121384221788
60,300,"equal","psis","1243",0.526666666666667,0.691096276731117,0.513053264751817,0.47269132998084
60,300,"equal","waic","1243",0.51,0.681591549224553,0.497972407233984,0.45245575762401
60,300,"equal","hbi","1243",0.78,0.831633693312175,0.773555977963273,0.765110271881081
60,300,"extreme","bf_ps","1243",0.91,0.882570623557341,0.848293605877876,0.857415337078339
60,300,"extreme","psis","1243",0.723333333333333,0.766262386798101,0.543991649609627,0.540056383749958
60,300,"extreme","waic","1243",0.71,0.722850195540522,0.507408638026616,0.559200117203343
60,300,"extreme","hbi","1243",0.846666666666667,0.837456128916681,0.767401532570072,0.751702170449387
120,300,"equal","bf_ps","1243",0.836666666666667,0.884433177130566,0.836471834262532,0.836978151871769
120,300,"equal","psis","1243",0.55,0.703691661586398,0.541332790146269,0.502555835739889
120,300,"equal","waic","1243",0.56,0.699050341139591,0.547180983244106,0.517117810674512
120,300,"equal","hbi","1243",0.75,0.77725973618191,0.739003948629008,0.728673905465993
120,300,"extreme","bf_ps","1243",0.916666666666667,0.88278054180765,0.843609022556391,0.854699293818883
120,300,"extreme","psis","1243",0.723333333333333,0.73003660822057,0.525008950948801,0.573179256824892
120,300,"extreme","waic","1243",0.703333333333333,0.67069914505619,0.48891275808569,0.636544808142982
120,300,"extreme","hbi","1243",0.876666666666667,0.856129628885047,0.785034013605442,0.797151689812552
60,150,"equal","bf_ps","1244",0.86,0.901027077497666,0.848966572274843,0.850453349317142
60,150,"equal","psis","1244",0.5,0.695464420840618,0.518683885037268,0.482426606983282
60,150,"equal","waic","1244",0.486666666666667,0.69681622725101,0.507129023858347,0.467730573750516
60,150,"equal","hbi","1244",0.833333333333333,0.880056211673859,0.820256810858315,0.816128767976472
60,150,"extreme","bf_ps","1244",0.913333333333333,0.904029304029304,0.851190476190476,0.84853251275723
60,150,"extreme","psis","1244",0.746666666666667,0.642297770722428,0.543132183908046,0.666966079703877
60,150,"extreme","waic","1244",0.76,0.643631469979296,0.54367816091954,0.667559460780592
60,150,"extreme","hbi","1244",0.886666666666667,0.891945724293448,0.822762725779967,0.80385567305072
120,150,"equal","bf_ps","1244",0.886666666666667,0.896245635935534,0.86422268907563,0.869142199389877
120,150,"equal","psis","1244",0.586666666666667,0.715201465201465,0.56922268907563,0.543977666300916
120,150,"equal","waic","1244",0.54,0.695650086104995,0.529747899159664,0.507536129540227
120,150,"equal","hbi","1244",0.806666666666667,0.848576007326007,0.767247899159664,0.743962866489488
120,150,"extreme","bf_ps","1244",0.926666666666667,0.910510625884898,0.83586889301175,0.864002928288643
120,150,"extreme","psis","1244",0.746666666666667,0.639692172041338,0.528841655239171,0.650167992926614
120,150,"extreme","waic","1244",0.773333333333333,0.65143951833607,0.524552983248635,0.653145111231253
120,150,"extreme","hbi","1244",0.9,0.872415387789659,0.778726035868893,0.783793921609048
60,300,"equal","bf_ps","1244",0.866666666666667,0.89951714951715,0.866795918747983,0.868011000165858
60,300,"equal","psis","1244",0.553333333333333,0.713725349310247,0.552865381240612,0.500563661623592
60,300,"equal","waic","1244",0.526666666666667,0.706488049765361,0.526046812118969,0.479760424536969
60,300,"equal","hbi","1244",0.776666666666667,0.816365759373195,0.7705724435712,0.742708228792162
60,300,"extreme","bf_ps","1244",0.906666666666667,0.860004934616334,0.820671505852895,0.830397839860254
60,300,"extreme","psis","1244",0.74,0.720865837741915,0.569012705997744,0.532292655323647
60,300,"extreme","waic","1244",0.753333333333333,0.731463968808204,0.577397769045648,0.54166950949317
60,300,"extreme","hbi","1244",0.866666666666667,0.710879120879121,0.734897802432133,0.83335571093209
120,300,"equal","bf_ps","1244",0.863333333333333,0.892567519340262,0.858730613790292,0.862372266184197
120,300,"equal","psis","1244",0.536666666666667,0.659075261869468,0.520839133189938,0.532907716896469
120,300,"equal","waic","1244",0.52,0.690098924185059,0.504861986309833,0.458830486053686
120,300,"equal","hbi","1244",0.786666666666667,0.807597917541783,0.767025830077205,0.760996988611127
120,300,"extreme","bf_ps","1244",0.93,0.916563644688645,0.86382855377673,0.884649503442687
120,300,"extreme","psis","1244",0.746666666666667,0.780816302453025,0.575784057095231,0.554285375485726
120,300,"extreme","waic","1244",0.746666666666667,0.775752451668197,0.562082924468268,0.540402504731621
120,300,"extreme","hbi","1244",0.89,0.883216783216783,0.797894487842664,0.807310439840362
60,150,"equal","bf_ps","1245",0.84,0.883264194970184,0.840915926179084,0.843320267791289
60,150,"equal","psis","1245",0.593333333333333,0.739973716759431,0.554455769548649,0.532340944040451
60,150,"equal","waic","1245",0.553333333333333,0.720221388150402,0.51634898297437,0.481171707345633
60,150,"equal","hbi","1245",0.8,0.843235793851557,0.803021189336979,0.80257063292943
60,150,"extreme","bf_ps","1245",0.926666666666667,0.865831489770369,0.870955325210644,0.864175661362362
60,150,"extreme","psis","1245",0.8,0.674376075731497,0.654934230466145,0.700646131780098
60,150,"extreme","waic","1245",0.773333333333333,0.659371199082042,0.61797599563557,0.660654046632034
60,150,"extreme","hbi","1245",0.873333333333333,0.80506866714297,0.769815724071043,0.757748638908059
120,150,"equal","bf_ps","1245",0.78,0.824740938504005,0.778688131090877,0.770153182943112
120,150,"equal","psis","1245",0.573333333333333,0.676308036505405,0.516105765942314,0.548308391869422
120,150,"equal","waic","1245",0.553333333333333,0.663365258384055,0.500450686214008,0.569092055058828
120,150,"equal","hbi","1245",0.753333333333333,0.697223294723295,0.753740438849952,0.838503555268261
120,150,"extreme","bf_ps","1245",0.906666666666667,0.893144270695291,0.831385281385281,0.851059620220743
120,150,"extreme","psis","1245",0.74,0.676716769820218,0.552611367127496,0.67587855180119
120,150,"extreme","waic","1245",0.733333333333333,0.722008301404853,0.565814830330959,0.616269841269841
120,150,"extreme","hbi","1245",0.853333333333333,0.859720836305645,0.737445887445887,0.739604358226807
60,300,"equal","bf_ps","1245",0.806666666666667,0.852080634481754,0.824153502600491,0.818784730720767
60,300,"equal","psis","1245",0.556666666666667,0.660946775042277,0.503817140120308,0.530733413121272
60,300,"equal","waic","1245",0.506666666666667,0.551238087142715,0.453957928858377,0.566357683052589
60,300,"equal","hbi","1245",0.77,0.81708152958153,0.781301136228961,0.76934899348002
60,300,"extreme","bf_ps","1245",0.916666666666667,0.894686407416252,0.841198979591837,0.852945969040002
60,300,"extreme","psis","1245",0.73,0.755461697602764,0.602651768824974,0.599052417710048
60,300,"extreme","waic","1245",0.733333333333333,0.755841072194909,0.595691903704487,0.591561290183808
60,300,"extreme","hbi","1245",0.873333333333333,0.84357976999106,0.766794217687075,0.865046501501875
120,300,"equal","bf_ps","1245",0.826666666666667,0.845696656563762,0.835642793576474,0.828659019671437
120,300,"equal","psis","1245",0.543333333333333,0.650058330322935,0.500662035292514,0.517684263661034
120,300,"equal","waic","1245",0.52,0.687953464566061,0.485173558315244,0.439104490954234
120,300,"equal","hbi","1245",0.73,0.798648073238237,0.745140951296697,0.72714162202508
120,300,"extreme","bf_ps","1245",0.916666666666667,0.900454654223498,0.832983193277311,0.843960295553128
120,300,"extreme","psis","1245",0.743333333333333,0.689553295002211,0.543271764664415,0.674961513952019
120,300,"extreme","waic","1245",0.73,0.664184748735342,0.509878096316247,0.640376481207427
120,300,"extreme","hbi","1245",0.886666666666667,0.883530548176769,0.781282513005202,0.772116078867606
60,150,"equal","bf_ps","1246",0.826666666666667,0.858507402961184,0.807351735387717,0.816062637762013
60,150,"equal","psis","1246",0.593333333333333,0.71066097463613,0.590379720901302,0.537421234113272
60,150,"equal","waic","1246",0.56,0.688836114155807,0.55996166874412,0.506728342038315
60,150,"equal","hbi","1246",0.74,0.785253623188406,0.722936150972133,0.79877089076303
60,150,"extreme","bf_ps","1246",0.926666666666667,0.891138101664417,0.868255894590846,0.872237873489245
60,150,"extreme","psis","1246",0.793333333333333,0.644978354978355,0.56451687471105,0.679195621132794
60,150,"extreme","waic","1246",0.766666666666667,0.621028181922328,0.551427415626445,0.658994708994709
60,150,"extreme","hbi","1246",0.853333333333333,0.813729246487867,0.764285714285714,0.844586494775752
120,150,"equal","bf_ps","1246",0.833333333333333,0.870908363345338,0.843586744639376,0.839878423719887
120,150,"equal","psis","1246",0.526666666666667,0.66269982740571,0.522897339968278,0.539767385117866
120,150,"equal","waic","1246",0.54,0.71451770338284,0.53351878661457,0.500590943448086
120,150,"equal","hbi","1246",0.74,0.795368072787428,0.746459385177921,0.71934083978419
120,150,"extreme","bf_ps","1246",0.913333333333333,0.928923293455313,0.833333333333333,0.860889020620655
120,150,"extreme","psis","1246",0.76,0.647460631156283,0.513840963116325,0.656459185318855
120,150,"extreme","waic","1246",0.746666666666667,0.661338761838762,0.534084809447128,0.667263555815694
120,150,"extreme","hbi","1246",0.853333333333333,0.884018155757286,0.76535541752933,0.782910318418163
60,300,"equal","bf_ps","1246",0.81,0.874140137656476,0.817567937429331,0.809980205265837
60,300,"equal","psis","1246",0.506666666666667,0.687369376974534,0.508562395013706,0.474041852097648
60,300,"equal","waic","1246",0.486666666666667,0.680922344392664,0.487624758022637,0.450728683273593
60,300,"equal","hbi","1246",0.753333333333333,0.840287209256764,0.760705334765485,0.746110257723161
60,300,"extreme","bf_ps","1246",0.896666666666667,0.85671768707483,0.786326979116802,0.80890180763916
60,300,"extreme","psis","1246",0.733333333333333,0.651385281385281,0.504467409186755,0.645314875291458
60,300,"extreme","waic","1246",0.74,0.657998102466793,0.497756050996684,0.640351569588097
60,300,"extreme","hbi","1246",0.866666666666667,0.847879248411163,0.750421707917413,0.771684040785495
120,300,"equal","bf_ps","1246",0.84,0.871677364780813,0.849980096531821,0.83739581153518
120,300,"equal","psis","1246",0.526666666666667,0.696005810334554,0.543873176631797,0.491172883297379
120,300,"equal","waic","1246",0.53,0.703190036860128,0.549728432487053,0.497803891481189
120,300,"equal","hbi","1246",0.803333333333333,0.862262231578441,0.784990297059263,0.785402606844629
120,300,"extreme","bf_ps","1246",0.903333333333333,0.863480038480039,0.821266037720992,0.831141622250828
120,300,"extreme","psis","1246",0.723333333333333,0.725157262828496,0.545709863063781,0.60478362735923
120,300,"extreme","waic","1246",0.746666666666667,0.768453227663754,0.561661049740002,0.550888666503391
120,300,"extreme","hbi","1246",0.856666666666667,0.848836543433723,0.773147398494281,0.772422704554511
60,150,"equal","bf_ps","1247",0.813333333333333,0.882337175020102,0.818090145148969,0.814186600618693
60,150,"equal","psis","1247",0.566666666666667,0.727788668551344,0.575034053979403,0.528719465462266
60,150,"equal","waic","1247",0.54,0.699133727770487,0.545499059203461,0.501834673263245
60,150,"equal","hbi","1247",0.706666666666667,0.682372949179672,0.71018710459012,0.788227687617931
60,150,"extreme","bf_ps","1247",0.933333333333333,0.880315336837076,0.877858969674826,0.863713311411521
60,150,"extreme","psis","1247",0.773333333333333,0.781280193236715,0.63231031543052,0.620773051253098
60,150,"extreme","waic","1247",0.78,0.776436130007559,0.62273083146302,0.612217231390164
60,150,"extreme","hbi","1247",0.913333333333333,0.877631578947368,0.845798319327731,0.829913056131544
120,150,"equal","bf_ps","1247",0.866666666666667,0.889614512471655,0.862549019607843,0.856050569874057
120,150,"equal","psis","1247",0.56,0.686264271790588,0.583326542738307,0.552297596964798
120,150,"equal","waic","1247",0.553333333333333,0.672922595611671,0.567621594092182,0.545772257088052
120,150,"equal","hbi","1247",0.78,0.758172168388887,0.754323062558357,0.721121377434808
120,150,"extreme","bf_ps","1247",0.933333333333333,0.887654505684984,0.883074534161491,0.880693581780538
120,150,"extreme","psis","1247",0.753333333333333,0.677327732561203,0.529750542847043,0.675834748160724
120,150,"extreme","waic","1247",0.74,0.657620724346076,0.493777457960915,0.632063492063492
120,150,"extreme","hbi","1247",0.8,0.825094801838988,0.78060899863657,0.732839802587702
60,300,"equal","bf_ps","1247",0.816666666666667,0.856570797333018,0.822834132909227,0.814173238856783
60,300,"equal","psis","1247",0.536666666666667,0.708044941450345,0.550869124164548,0.505372906760925
60,300,"equal","waic","1247",0.526666666666667,0.691698870235456,0.535988253401324,0.494243667013774
60,300,"equal","hbi","1247",0.73,0.717821057308928,0.738697190664323,0.699765966044442
60,300,"extreme","bf_ps","1247",0.903333333333333,0.865358451072737,0.833237873618999,0.844475683124577
60,300,"extreme","psis","1247",0.743333333333333,0.701141096979526,0.531441459688802,0.580329145828372
60,300,"extreme","waic","1247",0.73,0.695586272547057,0.518454446701789,0.564859590734405
60,300,"extreme","hbi","1247",0.833333333333333,0.799701065993408,0.716636738544957,0.71983649165367
120,300,"equal","bf_ps","1247",0.863333333333333,0.883217705686926,0.86671360710747,0.862787017473087
120,300,"equal","psis","1247",0.56,0.723818325186073,0.55879023308947,0.50765674983713
120,300,"equal","waic","1247",0.57,0.715971546334109,0.567937603725216,0.539764661608324
120,300,"equal","hbi","1247",0.806666666666667,0.831953332711531,0.807175226271659,0.794790428357691
120,300,"extreme","bf_ps","1247",0.923333333333333,0.897904026475455,0.857142857142857,0.865311711370529
120,300,"extreme","psis","1247",0.74,0.712710094340945,0.54480039734277,0.574670453282415
120,300,"extreme","waic","1247",0.74,0.63873488147073,0.515428074750109,0.638266078184111
120,300,"extreme","hbi","1247",0.903333333333333,0.88590384218767,0.835164835164835,0.838476513418109
60,150,"equal","bf_ps","1248",0.826666666666667,0.843361028621975,0.831410789538868,0.827161035541904
60,150,"equal","psis","1248",0.586666666666667,0.711185124456287,0.56741093471389,0.54236759080732
60,150,"equal","waic","1248",0.553333333333333,0.69793956043956,0.533109439821262,0.510637177701111
60,150,"equal","hbi","1248",0.8,0.862622826908541,0.775890775890776,0.778582151650067
60,150,"extreme","bf_ps","1248",0.9,0.867338962942285,0.835501744557472,0.823836494067045
60,150,"extreme","psis","1248",0.713333333333333,0.694176060118089,0.539995934577978,0.579791433947097
60,150,"extreme","waic","1248",0.726666666666667,0.632190476190476,0.50450379513847,0.628946648052339
60,150,"extreme","hbi","1248",0.853333333333333,0.854957860337117,0.775793650793651,0.853292546399676
120,150,"equal","bf_ps","1248",0.853333333333333,0.877102868174297,0.849016067965648,0.850781046910079
120,150,"equal","psis","1248",0.546666666666667,0.686930526122255,0.549601910694348,0.50203452461517
120,150,"equal","waic","1248",0.613333333333333,0.718908812768907,0.612996849089286,0.595901171388677
120,150,"equal","hbi","1248",0.833333333333333,0.881181318681319,0.803011204481793,0.816754352725315
120,150,"extreme","bf_ps","1248",0.926666666666667,0.936323218425947,0.860037348272642,0.885252394968877
120,150,"extreme","psis","1248",0.813333333333333,0.806077979991023,0.599149514878415,0.685868821873423
120,150,"extreme","waic","1248",0.8,0.793166109253066,0.582196646774652,0.665104930150568
120,150,"extreme","hbi","1248",0.866666666666667,0.884833721286923,0.784407096171802,0.786537510108939
60,300,"equal","bf_ps","1248",0.84,0.878328502232011,0.82414460704456,0.833121133355325
60,300,"equal","psis","1248",0.523333333333333,0.639492916121437,0.51664950626422,0.530561035071886
60,300,"equal","waic","1248",0.52,0.64100757161102,0.514116165884043,0.529740286046514
60,300,"equal","hbi","1248",0.8,0.882928975786119,0.768519715578539,0.767602253996651
60,300,"extreme","bf_ps","1248",0.9,0.885169285105347,0.834329263292374,0.840222737294364
60,300,"extreme","psis","1248",0.75,0.709269237263096,0.523844861519338,0.676525990582026
60,300,"extreme","waic","1248",0.723333333333333,0.679891854555794,0.505469522169422,0.650975768729392
60,300,"extreme","hbi","1248",0.856666666666667,0.862570560138949,0.775617142080253,0.761841156038486
120,300,"equal","bf_ps","1248",0.843333333333333,0.888664130900156,0.839912086471175,0.840218067347484
120,300,"equal","psis","1248",0.536666666666667,0.705315053358417,0.538453630689983,0.485018024622308
120,300,"equal","waic","1248",0.51,0.688777971972509,0.508214711843378,0.464171026976614
120,300,"equal","hbi","1248",0.76,0.827512984024719,0.740565516065403,0.728829512262153
120,300,"extreme","bf_ps","1248",0.916666666666667,0.876799816724629,0.850349898580122,0.860605691551983
120,300,"extreme","psis","1248",0.733333333333333,0.640998438843387,0.51892132715155,0.654308072064921
120,300,"extreme","waic","1248",0.756666666666667,0.654477417839194,0.532944074181397,0.671040354435785
120,300,"extreme","hbi","1248",0.89,0.877603432225281,0.801361199652275,0.819848557252792
60,150,"equal","bf_ps","1249",0.886666666666667,0.905452160621333,0.880380298572518,0.885651749071722
60,150,"equal","psis","1249",0.58,0.736980757215167,0.586308161708619,0.536491636823863
60,150,"equal","waic","1249",0.56,0.726859187324304,0.573549362536777,0.526881028874974
60,150,"equal","hbi","1249",0.78,0.82148105306,0.786449820202681,0.75945298079931
60,150,"extreme","bf_ps","1249",0.933333333333333,0.896698750422155,0.878225478225478,0.859958629336339
60,150,"extreme","psis","1249",0.733333333333333,0.716503654003654,0.577452177452177,0.604345509824478
60,150,"extreme","waic","1249",0.706666666666667,0.711754593389867,0.556288156288156,0.580531897096314
60,150,"extreme","hbi","1249",0.9,0.85501012145749,0.823280423280423,0.888647137703741
120,150,"equal","bf_ps","1249",0.82,0.898507790212859,0.805585392051557,0.808814190279708
120,150,"equal","psis","1249",0.533333333333333,0.710643504055487,0.537308120668696,0.491638563798256
120,150,"equal","waic","1249",0.526666666666667,0.70691391941392,0.529789323676215,0.500409956145641
120,150,"equal","hbi","1249",0.786666666666667,0.848490165296888,0.770357570945999,0.766300850061301
120,150,"extreme","bf_ps","1249",0.926666666666667,0.867153550383364,0.823486438654978,0.840555834588984
120,150,"extreme","psis","1249",0.72,0.704556881027469,0.509347861875952,0.553121418796167
120,150,"extreme","waic","1249",0.68,0.680536130536131,0.466076058772688,0.501425347279352
120,150,"extreme","hbi","1249",0.886666666666667,0.844759009986974,0.762589002757542,0.774444625625426
60,300,"equal","bf_ps","1249",0.82,0.883761105086157,0.817111806473509,0.820685022835425
60,300,"equal","psis","1249",0.543333333333333,0.70660456959084,0.532201467475824,0.500933844309083
60,300,"equal","waic","1249",0.55,0.710640512758848,0.538017783930438,0.506558216104053
60,300,"equal","hbi","1249",0.786666666666667,0.835378265645164,0.785511771570002,0.78531737046025
60,300,"extreme","bf_ps","1249",0.93,0.892762660619803,0.84550181276524,0.861650279735386
60,300,"extreme","psis","1249",0.73,0.647410345972088,0.514282649144951,0.644008299392915
60,300,"extreme","waic","1249",0.713333333333333,0.641872859507564,0.49902402439939,0.6162674741258
60,300,"extreme","hbi","1249",0.893333333333333,0.841392115356781,0.779978640285546,0.783194539756418
120,300,"equal","bf_ps","1249",0.826666666666667,0.897869976145182,0.824123343728207,0.828123411891834
120,300,"equal","psis","1249",0.516666666666667,0.715347018172592,0.516991527920562,0.483587686233633
120,300,"equal","waic","1249",0.506666666666667,0.708422344681156,0.505990281908744,0.484193767741047
120,300,"equal","hbi","1249",0.793333333333333,0.846381048145754,0.788200960310119,0.790023305622214
120,300,"extreme","bf_ps","1249",0.923333333333333,0.886511281531246,0.836381051898293,0.853739133487369
120,300,"extreme","psis","1249",0.77,0.69911220043573,0.541241835451571,0.69417680023832
120,300,"extreme","waic","1249",0.76,0.67618015732885,0.514975191146186,0.66449351762563
120,300,"extreme","hbi","1249",0.886666666666667,0.872017711492497,0.78723192516296,0.806520806520806
60,150,"equal","bf_ps","1250",0.786666666666667,0.86186987615559,0.817058092811269,0.817657375846745
60,150,"equal","psis","1250",0.62,0.728624871001032,0.574614069133125,0.66406697781053
60,150,"equal","waic","1250",0.586666666666667,0.710817619730819,0.542442574565987,0.632868618297407
60,150,"equal","hbi","1250",0.66,0.679565672422815,0.709496974760133,0.779902577054316
60,150,"extreme","bf_ps","1250",0.913333333333333,0.870098039215686,0.772581032412965,0.880582453849781
60,150,"extreme","psis","1250",0.733333333333333,0.625652497652886,0.487749099639856,0.611523687362853
60,150,"extreme","waic","1250",0.72,0.622815496739547,0.470264105642257,0.602145386684493
60,150,"extreme","hbi","1250",0.906666666666667,0.856775371338478,0.754723889555822,0.867147114273551
120,150,"equal","bf_ps","1250",0.806666666666667,0.881751305173232,0.808812615955473,0.804084429470713
120,150,"equal","psis","1250",0.513333333333333,0.685044419459116,0.517603404998363,0.502743844849108
120,150,"equal","waic","1250",0.52,0.691679537427619,0.516713958310597,0.502329050000097
120,150,"equal","hbi","1250",0.78,0.845849094786656,0.780210265924552,0.764286502057152
120,150,"extreme","bf_ps","1250",0.906666666666667,0.890052599730019,0.789424860853432,0.810753317720531
120,150,"extreme","psis","1250",0.78,0.655624568668047,0.489486703772418,0.636669950738916
120,150,"extreme","waic","1250",0.773333333333333,0.650997120487375,0.485783000068714,0.63070300301344
120,150,"extreme","hbi","1250",0.873333333333333,0.849813928761297,0.717996289424861,0.819837600758653
60,300,"equal","bf_ps","1250",0.83,0.886131400943815,0.844165827659097,0.846869104561232
60,300,"equal","psis","1250",0.573333333333333,0.743052634779798,0.553375504288338,0.52399171255322
60,300,"equal","waic","1250",0.55,0.739852026953103,0.525510523381074,0.496646851538156
60,300,"equal","hbi","1250",0.76,0.855417732817837,0.784060923878553,0.770786093579866
60,300,"extreme","bf_ps","1250",0.903333333333333,0.898030876844436,0.793382106071355,0.827176353397316
60,300,"extreme","psis","1250",0.75,0.71811914259137,0.562752397084122,0.549872172594496
60,300,"extreme","waic","1250",0.713333333333333,0.691485555261065,0.508315351160743,0.493236214863813
60,300,"extreme","hbi","1250",0.89,0.872503541368121,0.752658558587845,0.775451334566498
120,300,"equal","bf_ps","1250",0.796666666666667,0.86842930970838,0.800267483194313,0.795191779136691
120,300,"equal","psis","1250",0.533333333333333,0.696918862267158,0.53199075411619,0.496397777284371
120,300,"equal","waic","1250",0.51,0.683113844899296,0.505292162347912,0.472549863719901
120,300,"equal","hbi","1250",0.72,0.677003890304189,0.715223790920655,0.795519868223755
120,300,"extreme","bf_ps","1250",0.883333333333333,0.851468386447708,0.752585813376087,0.761190578333436
120,300,"extreme","psis","1250",0.756666666666667,0.613983076627494,0.489118615258433,0.62173905270042
120,300,"extreme","waic","1250",0.75,0.611779638490165,0.471566258800301,0.606690071856711
120,300,"extreme","hbi","1250",0.843333333333333,0.83328039909727,0.694016722892103,0.6759215288491
60,150,"equal","bf_ps","1251",0.813333333333333,0.861988237684832,0.827777777777778,0.82185433614005
60,150,"equal","psis","1251",0.553333333333333,0.725793650793651,0.545759637188209,0.514706049643938
60,150,"equal","waic","1251",0.52,0.711976361601436,0.507074829931973,0.464535935698314
60,150,"equal","hbi","1251",0.753333333333333,0.809907662124411,0.758730158730159,0.749289187105325
60,150,"extreme","bf_ps","1251",0.92,0.912769890564922,0.835476254121001,0.864773581622073
60,150,"extreme","psis","1251",0.76,0.747294372294372,0.574149705324525,0.640742446051123
60,150,"extreme","waic","1251",0.726666666666667,0.73023088023088,0.525641221471213,0.595424821705116
60,150,"extreme","hbi","1251",0.88,0.873242630385488,0.737137383689108,0.863989191844756
120,150,"equal","bf_ps","1251",0.813333333333333,0.872010342598578,0.828275658089323,0.809250615139673
120,150,"equal","psis","1251",0.5,0.671020103373045,0.501281672089126,0.44178630101598
120,150,"equal","waic","1251",0.506666666666667,0.615387872628726,0.503815439219166,0.525735453005452
120,150,"equal","hbi","1251",0.746666666666667,0.821321160042965,0.761579414374445,0.727221309979931
120,150,"extreme","bf_ps","1251",0.92,0.86198676139766,0.80989010989011,0.827932153967893
120,150,"extreme","psis","1251",0.76,0.696697012138189,0.57130670747692,0.639472345375799
120,150,"extreme","waic","1251",0.766666666666667,0.680151515151515,0.545296547424207,0.620073940507377
120,150,"extreme","hbi","1251",0.86,0.823432343234323,0.708991008991009,0.708837381106289
60,300,"equal","bf_ps","1251",0.81,0.855971523708938,0.821735866244367,0.813449999835411
60,300,"equal","psis","1251",0.503333333333333,0.702821059488649,0.502680244995435,0.450727326030006
60,300,"equal","waic","1251",0.49,0.69598829793799,0.485353373268834,0.430491399756025
60,300,"equal","hbi","1251",0.79,0.836968190057052,0.787152541940504,0.781763417689568
60,300,"extreme","bf_ps","1251",0.896666666666667,0.885052202699262,0.792001449702688,0.823839946883922
60,300,"extreme","psis","1251",0.72,0.69682013993068,0.500382054251576,0.554194356796875
60,300,"extreme","waic","1251",0.696666666666667,0.688816509653411,0.482670735028284,0.53120565390504
60,300,"extreme","hbi","1251",0.876666666666667,0.867534002640386,0.762483209658132,0.785039955444999
120,300,"equal","bf_ps","1251",0.836666666666667,0.877412492470159,0.83945085224155,0.837192947523326
120,300,"equal","psis","1251",0.526666666666667,0.694259733240139,0.532280497273075,0.47650364664818
120,300,"equal","waic","1251",0.523333333333333,0.694288293479633,0.52816934897588,0.471644654669993
120,300,"equal","hbi","1251",0.783333333333333,0.826605968766046,0.784033746824444,0.769349315735951
120,300,"extreme","bf_ps","1251",0.926666666666667,0.914664855841326,0.836904761904762,0.860881231750867
120,300,"extreme","psis","1251",0.76,0.640789817019472,0.52724292615597,0.649768402167872
120,300,"extreme","waic","1251",0.736666666666667,0.680424067775258,0.504830917874396,0.541077742871034
120,300,"extreme","hbi","1251",0.876666666666667,0.881632113590876,0.770445134575569,0.785329785825636
60,150,"equal","bf_ps","1252",0.84,0.882758275724083,0.847269960615825,0.845032498555795
60,150,"equal","psis","1252",0.573333333333333,0.725785869903517,0.551784222460914,0.51137362746517
60,150,"equal","waic","1252",0.573333333333333,0.686623673416957,0.552634562596969,0.58525767570257
60,150,"equal","hbi","1252",0.706666666666667,0.752378240171228,0.74171440506027,0.701926064709184
60,150,"extreme","bf_ps","1252",0.873333333333333,0.829680735930736,0.794150025601638,0.798280423280423
60,150,"extreme","psis","1252",0.693333333333333,0.663576815117911,0.516705069124424,0.581862656886436
60,150,"extreme","waic","1252",0.713333333333333,0.68339653810242,0.625281618023554,0.68009438009438
60,150,"extreme","hbi","1252",0.82,0.646585997272496,0.601344086021505,0.788510045444492
120,150,"equal","bf_ps","1252",0.84,0.891689450899977,0.842527519599698,0.845406387511109
120,150,"equal","psis","1252",0.64,0.76659125188537,0.564976146149845,0.634116406056093
120,150,"equal","waic","1252",0.626666666666667,0.744197584694255,0.563650474605711,0.646137972066872
120,150,"equal","hbi","1252",0.706666666666667,0.773020498521989,0.735183428693816,0.705999301682057
120,150,"extreme","bf_ps","1252",0.96,0.941291540539661,0.916064783170046,0.92530052875033
120,150,"extreme","psis","1252",0.786666666666667,0.776503084035365,0.641729323308271,0.699028938570738
120,150,"extreme","waic","1252",0.806666666666667,0.792320261437908,0.662593984962406,0.719436481941649
120,150,"extreme","hbi","1252",0.873333333333333,0.752109866502992,0.730145439355966,0.847785848822118
60,300,"equal","bf_ps","1252",0.84,0.899998975408086,0.853069781371668,0.8520056121476
60,300,"equal","psis","1252",0.566666666666667,0.735024207904877,0.529885558187445,0.503922311737586
60,300,"equal","waic","1252",0.536666666666667,0.716347743916844,0.499826658317224,0.468589460375448
60,300,"equal","hbi","1252",0.793333333333333,0.858912374222608,0.809002196266347,0.810477215477466
60,300,"extreme","bf_ps","1252",0.896666666666667,0.878542876572433,0.806850160012478,0.818887174685188
60,300,"extreme","psis","1252",0.713333333333333,0.66785422655916,0.508488121048935,0.577257485466441
60,300,"extreme","waic","1252",0.706666666666667,0.668953824252774,0.482148128543529,0.55027050345342
60,300,"extreme","hbi","1252",0.856666666666667,0.853505385084332,0.749161497502939,0.738813928084084
120,300,"equal","bf_ps","1252",0.806666666666667,0.886299208386821,0.828645758057523,0.820698589549929
120,300,"equal","psis","1252",0.53,0.662568886110076,0.5010148582904,0.541634140996042
120,300,"equal","waic","1252",0.536666666666667,0.716388827789872,0.505593908735191,0.470124211438483
120,300,"equal","hbi","1252",0.72,0.79290194169449,0.744505757818451,0.711566130089275
120,300,"extreme","bf_ps","1252",0.886666666666667,0.887115715851558,0.790328579656903,0.808597334453638
120,300,"extreme","psis","1252",0.686666666666667,0.74826071171585,0.501875726376717,0.498076944789391
120,300,"extreme","waic","1252",0.706666666666667,0.750157898949995,0.509319142862964,0.519898535536887
120,300,"extreme","hbi","1252",0.853333333333333,0.878576771022545,0.742132600426441,0.74327597050382
60,150,"equal","bf_ps","1253",0.846666666666667,0.87983709273183,0.840368412811349,0.842251179741014
60,150,"equal","psis","1253",0.52,0.692857142857143,0.527684620759059,0.479684867990715
60,150,"equal","waic","1253",0.5,0.670624018838305,0.507649764711377,0.454566744730679
60,150,"equal","hbi","1253",0.76,0.82757514353259,0.743496254336975,0.732937245132367
60,150,"extreme","bf_ps","1253",0.94,0.885270869481396,0.846938775510204,0.854069551811627
60,150,"extreme","psis","1253",0.733333333333333,0.670364082248632,0.535587867685644,0.666254112783193
60,150,"extreme","waic","1253",0.72,0.679746031746032,0.531833490759558,0.657863815382612
60,150,"extreme","hbi","1253",0.886666666666667,0.842567910637218,0.76530612244898,0.858991442202046
120,150,"equal","bf_ps","1253",0.826666666666667,0.883545918367347,0.81871325605341,0.821676505887032
120,150,"equal","psis","1253",0.58,0.706790235322844,0.57037203323472,0.544658376531796
120,150,"equal","waic","1253",0.586666666666667,0.714209045815087,0.572163345370859,0.554268364347274
120,150,"equal","hbi","1253",0.786666666666667,0.83274949826674,0.772112797688245,0.764860957790761
120,150,"extreme","bf_ps","1253",0.926666666666667,0.883963133640553,0.854819466248038,0.8650173869846
120,150,"extreme","psis","1253",0.74,0.656027704820808,0.551916971916972,0.653883785591103
120,150,"extreme","waic","1253",0.753333333333333,0.653048748353096,0.550964590964591,0.653013482501434
120,150,"extreme","hbi","1253",0.846666666666667,0.8331957154235,0.738758067329496,0.733588828685961
60,300,"equal","bf_ps","1253",0.846666666666667,0.882955182072829,0.836929579083878,0.843762862144724
60,300,"equal","psis","1253",0.52,0.685892164695337,0.525798061406103,0.474112036848879
60,300,"equal","waic","1253",0.503333333333333,0.673938858014035,0.506567305480349,0.461617974403119
60,300,"equal","hbi","1253",0.806666666666667,0.86686974789916,0.788263958989686,0.786814969296721
60,300,"extreme","bf_ps","1253",0.916666666666667,0.876052239077449,0.843864541141573,0.851862863147928
60,300,"extreme","psis","1253",0.74,0.747935537851504,0.593263484739412,0.569910206812842
60,300,"extreme","waic","1253",0.7,0.678485675899278,0.506144999436239,0.541476725934522
60,300,"extreme","hbi","1253",0.873333333333333,0.838256372244871,0.768519996183769,0.862033462033462
120,300,"equal","bf_ps","1253",0.84,0.893608592601214,0.84153833780015,0.841567171396931
120,300,"equal","psis","1253",0.56,0.718508058319508,0.556454255427701,0.509050531041951
120,300,"equal","waic","1253",0.543333333333333,0.711715141836202,0.539180943593249,0.506278684060186
120,300,"equal","hbi","1253",0.78,0.829147746054944,0.771480325911844,0.755411663531507
120,300,"extreme","bf_ps","1253",0.936666666666667,0.930398495773798,0.862215320910973,0.887868329913184
120,300,"extreme","psis","1253",0.75,0.708979331615994,0.548181280417305,0.696012446873103
120,300,"extreme","waic","1253",0.723333333333333,0.749058454843029,0.550566355659523,0.587382964112524
120,300,"extreme","hbi","1253",0.9,0.910994344097792,0.797506117071334,0.814052165000332
60,150,"equal","bf_ps","1254",0.813333333333333,0.867197913648218,0.81675342201658,0.799782200516876
60,150,"equal","psis","1254",0.493333333333333,0.684819483926627,0.522246863412277,0.472113040918606
60,150,"equal","waic","1254",0.486666666666667,0.68059595633125,0.501541378421078,0.476708857389773
60,150,"equal","hbi","1254",0.76,0.835290186249939,0.751567980891289,0.733517371182301
60,150,"extreme","bf_ps","1254",0.873333333333333,0.839201293165488,0.783452136835595,0.78468794494542
60,150,"extreme","psis","1254",0.706666666666667,0.713888888888889,0.555845783289392,0.622164931573073
60,150,"extreme","waic","1254",0.7,0.696482638639501,0.523801386583342,0.590623496873497
60,150,"extreme","hbi","1254",0.806666666666667,0.793908472479901,0.735483188490707,0.71491398966482
120,150,"equal","bf_ps","1254",0.853333333333333,0.86946686946687,0.84977469248569,0.84669048397391
120,150,"equal","psis","1254",0.573333333333333,0.758772739865177,0.610231048941316,0.569400700330492
120,150,"equal","waic","1254",0.58,0.754431441506993,0.609580788837274,0.581179329202801
120,150,"equal","hbi","1254",0.746666666666667,0.754872475305912,0.749312768585695,0.718424811422755
120,150,"extreme","bf_ps","1254",0.94,0.918017152096326,0.90974025974026,0.908324673472299
120,150,"extreme","psis","1254",0.726666666666667,0.755390522631902,0.550092318337932,0.620470810947001
120,150,"extreme","waic","1254",0.733333333333333,0.748179483914778,0.540345729643975,0.612978196685672
120,150,"extreme","hbi","1254",0.866666666666667,0.884267752044638,0.846883116883117,0.833193277310924
60,300,"equal","bf_ps","1254",0.873333333333333,0.879424496476168,0.859269171688527,0.86234726448719
60,300,"equal","psis","1254",0.483333333333333,0.694595406031817,0.502618143322554,0.464411030158775
60,300,"equal","waic","1254",0.476666666666667,0.686319721865899,0.495541456568448,0.453403552294846
60,300,"equal","hbi","1254",0.82,0.86697495351158,0.802701169797944,0.798151393158041
60,300,"extreme","bf_ps","1254",0.896666666666667,0.891303630307259,0.838039944650984,0.853986317468202
60,300,"extreme","psis","1254",0.756666666666667,0.749802729024088,0.553507300319453,0.630310836549337
60,300,"extreme","waic","1254",0.746666666666667,0.737139441807219,0.550509784356596,0.619461289699533
60,300,"extreme","hbi","1254",0.86,0.859313442768412,0.805746628211327,0.809347840168907
120,300,"equal","bf_ps","1254",0.85,0.867181930167502,0.839125436197905,0.841950307791834
120,300,"equal","psis","1254",0.496666666666667,0.701854672336982,0.512417872846013,0.473944397876563
120,300,"equal","waic","1254",0.513333333333333,0.711406004709576,0.5275202615223,0.497269948072315
120,300,"equal","hbi","1254",0.773333333333333,0.69126132432016,0.75377502122183,0.836385757639869
120,300,"extreme","bf_ps","1254",0.926666666666667,0.923876622349838,0.881643356643357,0.894559909446626
120,300,"extreme","psis","1254",0.766666666666667,0.762430037570702,0.552613350504917,0.739160755092324
120,300,"extreme","waic","1254",0.743333333333333,0.701895793044799,0.515569069484732,0.67415732899518
120,300,"extreme","hbi","1254",0.876666666666667,0.887306030478695,0.829370629370629,0.834049301879672
60,150,"equal","bf_ps","1255",0.88,0.898715041572184,0.855295093922096,0.8589175530352
60,150,"equal","psis","1255",0.493333333333333,0.690221815221815,0.524317099580475,0.494822009149859
60,150,"equal","waic","1255",0.453333333333333,0.682933598659405,0.495534680474606,0.446819738911576
60,150,"equal","hbi","1255",0.76,0.811164105281752,0.740496746489478,0.722686202686203
60,150,"extreme","bf_ps","1255",0.933333333333333,0.862512827697529,0.860805860805861,0.854748603351955
60,150,"extreme","psis","1255",0.746666666666667,0.809863945578231,0.612296037296037,0.645486957264194
60,150,"extreme","waic","1255",0.733333333333333,0.803610333022098,0.571361971361971,0.596078431372549
60,150,"extreme","hbi","1255",0.853333333333333,0.844322344322344,0.794871794871795,0.773291925465838
120,150,"equal","bf_ps","1255",0.886666666666667,0.912568778267508,0.888473824312334,0.882972082220203
120,150,"equal","psis","1255",0.526666666666667,0.720684427617201,0.547406092871931,0.474931437440521
120,150,"equal","waic","1255",0.486666666666667,0.71105715013278,0.504514936409346,0.448223033360501
120,150,"equal","hbi","1255",0.813333333333333,0.838888888888889,0.808070097604259,0.791120210009675
120,150,"extreme","bf_ps","1255",0.966666666666667,0.946446811615351,0.950396825396825,0.943741769678433
120,150,"extreme","psis","1255",0.806666666666667,0.825525525525525,0.658189033189033,0.708989083258089
120,150,"extreme","waic","1255",0.773333333333333,0.792747747747748,0.632395382395382,0.69912910326347
120,150,"extreme","hbi","1255",0.906666666666667,0.909755206430398,0.878968253968254,0.853222912353347
60,300,"equal","bf_ps","1255",0.866666666666667,0.898688107028083,0.853633271490414,0.855243764172336
60,300,"equal","psis","1255",0.483333333333333,0.68062656641604,0.51049654710369,0.47183100117053
60,300,"equal","waic","1255",0.47,0.675458176199455,0.497857400535972,0.45757947652189
60,300,"equal","hbi","1255",0.806666666666667,0.844677664999558,0.795910636982066,0.789609558108958
60,300,"extreme","bf_ps","1255",0.933333333333333,0.875982891887075,0.883504378763,0.877026961527164
60,300,"extreme","psis","1255",0.743333333333333,0.644045032177186,0.546886973180077,0.666923213737258
60,300,"extreme","waic","1255",0.743333333333333,0.625798011512297,0.508109508171085,0.636449447414642
60,300,"extreme","hbi","1255",0.863333333333333,0.84039652953446,0.841611932129174,0.796466483569637
120,300,"equal","bf_ps","1255",0.866666666666667,0.89945927945928,0.864372117362151,0.86404983701549
120,300,"equal","psis","1255",0.543333333333333,0.709988295204242,0.552437054631866,0.520884289322342
120,300,"equal","waic","1255",0.54,0.707266526875019,0.5493372296122,0.520600703103789
120,300,"equal","hbi","1255",0.843333333333333,0.883115513112105,0.840585715502659,0.835039265891636
120,300,"extreme","bf_ps","1255",0.926666666666667,0.892402961184474,0.880422168867547,0.873216904558285
120,300,"extreme","psis","1255",0.77,0.759745678010614,0.575898078529657,0.639778458491909
120,300,"extreme","waic","1255",0.736666666666667,0.727560778148026,0.542324298140309,0.58679536522157
120,300,"extreme","hbi","1255",0.87,0.872787114845938,0.82765579916177,0.7935048477857
60,150,"equal","bf_ps","1256",0.82,0.870836755754934,0.807602040816327,0.810999152269195
60,150,"equal","psis","1256",0.513333333333333,0.673095641418623,0.496296097386323,0.455551813384995
60,150,"equal","waic","1256",0.513333333333333,0.674684574684575,0.496192266380236,0.443478749911668
60,150,"equal","hbi","1256",0.746666666666667,0.8281276280402,0.746683673469388,0.731671613001556
60,150,"extreme","bf_ps","1256",0.926666666666667,0.850546231443549,0.836180124223602,0.832435613541604
60,150,"extreme","psis","1256",0.733333333333333,0.731181773879142,0.536268855368234,0.570847620997322
60,150,"extreme","waic","1256",0.706666666666667,0.722679587482219,0.514307897071872,0.548315833220156
60,150,"extreme","hbi","1256",0.853333333333333,0.702137998056365,0.718537414965986,0.798109857978279
120,150,"equal","bf_ps","1256",0.786666666666667,0.859235209235209,0.792863856068743,0.786894850563607
120,150,"equal","psis","1256",0.506666666666667,0.670338447082633,0.515397422126745,0.553266075766664
120,150,"equal","waic","1256",0.553333333333333,0.734237597478016,0.564172932330827,0.53378750599472
120,150,"equal","hbi","1256",0.7,0.799659863945578,0.738151181525242,0.697462765717399
120,150,"extreme","bf_ps","1256",0.906666666666667,0.877762588288904,0.807142857142857,0.827136250916739
120,150,"extreme","psis","1256",0.766666666666667,0.73198715682809,0.560371166010264,0.611958049036069
120,150,"extreme","waic","1256",0.753333333333333,0.706524469682364,0.513623344074472,0.580312636721932
120,150,"extreme","hbi","1256",0.84,0.82929717341482,0.734962406015038,0.744184981684982
60,300,"equal","bf_ps","1256",0.813333333333333,0.885017462794452,0.815368451616847,0.815037026248383
60,300,"equal","psis","1256",0.506666666666667,0.711469338850291,0.510563951575993,0.483934717538696
60,300,"equal","waic","1256",0.453333333333333,0.675394704929019,0.45248227673213,0.418008863033234
60,300,"equal","hbi","1256",0.68,0.75157405536472,0.706494187518874,0.677490424029237
60,300,"extreme","bf_ps","1256",0.92,0.882753679748635,0.815454386882958,0.835442144062834
60,300,"extreme","psis","1256",0.74,0.762228847582989,0.552497893537192,0.556888165894377
60,300,"extreme","waic","1256",0.723333333333333,0.711876993356415,0.501091732724794,0.557325669426093
60,300,"extreme","hbi","1256",0.863333333333333,0.85295864377497,0.746663943876487,0.734494858873579
120,300,"equal","bf_ps","1256",0.826666666666667,0.898920437740313,0.838608699293671,0.834708812569552
120,300,"equal","psis","1256",0.533333333333333,0.723606221486333,0.539125615983543,0.512783457735536
120,300,"equal","waic","1256",0.53,0.71186936452303,0.528796647662146,0.524278575985893
120,300,"equal","hbi","1256",0.766666666666667,0.85176683781335,0.791896578809047,0.773747962278946
120,300,"extreme","bf_ps","1256",0.91,0.887340845429081,0.824646781789639,0.835170407804143
120,300,"extreme","psis","1256",0.726666666666667,0.654843208593209,0.493176579906964,0.635363758544316
120,300,"extreme","waic","1256",0.733333333333333,0.645900676923764,0.492086513140374,0.630827365814959
120,300,"extreme","hbi","1256",0.876666666666667,0.871011206414933,0.787711315410691,0.78631836810979
60,150,"equal","bf_ps","1257",0.826666666666667,0.871130952380952,0.838383838383838,0.831362948505806
60,150,"equal","psis","1257",0.52,0.641893339503634,0.503968253968254,0.533015228499099
60,150,"equal","waic","1257",0.506666666666667,0.640873015873016,0.490440115440115,0.512812580897818
60,150,"equal","hbi","1257",0.766666666666667,0.828161802355351,0.776334776334776,0.761677440839428
60,150,"extreme","bf_ps","1257",0.933333333333333,0.922546897546898,0.887998112998113,0.896322873718776
60,150,"extreme","psis","1257",0.78,0.697571828121027,0.566736041736042,0.719857202251434
60,150,"extreme","waic","1257",0.766666666666667,0.75453216374269,0.610386835386835,0.693846729212583
60,150,"extreme","hbi","1257",0.866666666666667,0.745459401709402,0.717821067821068,0.835131290016873
120,150,"equal","bf_ps","1257",0.806666666666667,0.873992673992674,0.814548546691404,0.796461421061634
120,150,"equal","psis","1257",0.52,0.686328094456173,0.516640627542883,0.454295078355229
120,150,"equal","waic","1257",0.526666666666667,0.691397028897029,0.525550890212544,0.468733495481216
120,150,"equal","hbi","1257",0.753333333333333,0.830075187969925,0.744666048237477,0.698775552878896
120,150,"extreme","bf_ps","1257",0.88,0.852625467316189,0.80151833460657,0.801235230934479
120,150,"extreme","psis","1257",0.746666666666667,0.727741566208766,0.527951649868158,0.604464758233858
120,150,"extreme","waic","1257",0.76,0.721323529411765,0.514702801941891,0.601504466846601
120,150,"extreme","hbi","1257",0.806666666666667,0.778792575032721,0.705444421170228,0.787161084529506
60,300,"equal","bf_ps","1257",0.83,0.868281206431824,0.833320964749536,0.826612240194717
60,300,"equal","psis","1257",0.546666666666667,0.660320588296427,0.542681003321472,0.551336732948402
60,300,"equal","waic","1257",0.55,0.708683696390745,0.549447502128787,0.492977594572736
60,300,"equal","hbi","1257",0.756666666666667,0.777947224024937,0.747987078777352,0.705096800978595
60,300,"extreme","bf_ps","1257",0.91,0.887527285956828,0.843552374885071,0.855441080541806
60,300,"extreme","psis","1257",0.786666666666667,0.724093347634749,0.55317726178975,0.731382719959956
60,300,"extreme","waic","1257",0.78,0.729391660970608,0.550007217431714,0.725260733059922
60,300,"extreme","hbi","1257",0.87,0.867739634043982,0.805320718162792,0.79045954045954
120,300,"equal","bf_ps","1257",0.833333333333333,0.881678617392903,0.833829996337604,0.827642731375891
120,300,"equal","psis","1257",0.51,0.686721838888773,0.523725520631877,0.449275460064359
120,300,"equal","waic","1257",0.503333333333333,0.682572076449627,0.521434460389334,0.449229846339063
120,300,"equal","hbi","1257",0.786666666666667,0.836416056988833,0.768878051201327,0.745969279756423
120,300,"extreme","bf_ps","1257",0.893333333333333,0.848810699641264,0.810176305158935,0.816684971423742
120,300,"extreme","psis","1257",0.736666666666667,0.714203131703132,0.55037059516544,0.594828512264494
120,300,"extreme","waic","1257",0.7,0.631883490073145,0.475762986758949,0.612516595503804
120,300,"extreme","hbi","1257",0.853333333333333,0.833437770422474,0.764480261378294,0.760386666647204
60,150,"equal","bf_ps","1258",0.766666666666667,0.806646825396825,0.76306309963599,0.755733155733156
60,150,"equal","psis","1258",0.506666666666667,0.660397395032283,0.511412246057843,0.456289234696684
60,150,"equal","waic","1258",0.48,0.642228029423151,0.482926262292357,0.441905267242627
60,150,"equal","hbi","1258",0.726666666666667,0.769585253456221,0.727988200110962,0.715262211040491
60,150,"extreme","bf_ps","1258",0.86,0.743616363373202,0.736542443064182,0.716995830590301
60,150,"extreme","psis","1258",0.646666666666667,0.53870841995842,0.389648033126294,0.489492769613252
60,150,"extreme","waic","1258",0.66,0.5895181429428,0.419772256728778,0.537254229307503
60,150,"extreme","hbi","1258",0.806666666666667,0.718809224569593,0.690579710144927,0.653877820079911
120,150,"equal","bf_ps","1258",0.86,0.899725274725275,0.853823953823954,0.850162673765158
120,150,"equal","psis","1258",0.533333333333333,0.666744813867576,0.559055187731658,0.58374820965304
120,150,"equal","waic","1258",0.58,0.748953317064772,0.589276323235302,0.55858078429507
120,150,"equal","hbi","1258",0.74,0.7700973365935,0.75992187278952,0.717978908285598
120,150,"extreme","bf_ps","1258",0.886666666666667,0.851234567901235,0.784923510466989,0.808112973957925
120,150,"extreme","psis","1258",0.78,0.713280053280053,0.583351279514192,0.689608843537415
120,150,"extreme","waic","1258",0.76,0.692044571018588,0.546158062200493,0.654866247904015
120,150,"extreme","hbi","1258",0.826666666666667,0.811775853012966,0.720008051529791,0.736590288445127
60,300,"equal","bf_ps","1258",0.87,0.898538011695906,0.863991126219387,0.859260091425358
60,300,"equal","psis","1258",0.523333333333333,0.696270820156019,0.53990900266486,0.478904718522203
60,300,"equal","waic","1258",0.506666666666667,0.689402318013636,0.523756176113916,0.464519580591513
60,300,"equal","hbi","1258",0.85,0.848854262959539,0.842332316788839,0.839503189362973
60,300,"extreme","bf_ps","1258",0.876666666666667,0.878976697061803,0.794952596423185,0.804292532863962
60,300,"extreme","psis","1258",0.743333333333333,0.690207459207459,0.51882308867603,0.668028026565224
60,300,"extreme","waic","1258",0.726666666666667,0.672395979612004,0.493947229241347,0.647502586976886
60,300,"extreme","hbi","1258",0.843333333333333,0.846985204947854,0.7604038118744,0.760533492783231
120,300,"equal","bf_ps","1258",0.853333333333333,0.89646960005169,0.84516240518793,0.850249675330939
120,300,"equal","psis","1258",0.543333333333333,0.70637630010335,0.549020899960046,0.503054192724307
120,300,"equal","waic","1258",0.526666666666667,0.69673670756563,0.537346540637603,0.502489420732402
120,300,"equal","hbi","1258",0.816666666666667,0.853724347027918,0.812541487314601,0.808800793725259
120,300,"extreme","bf_ps","1258",0.9,0.868612006205991,0.817215776027251,0.82672182032055
120,300,"extreme","psis","1258",0.746666666666667,0.650284205731014,0.503243204882549,0.63033213530675
120,300,"extreme","waic","1258",0.793333333333333,0.751623945460041,0.588418582783337,0.661045845371467
120,300,"extreme","hbi","1258",0.853333333333333,0.826816423635275,0.754526382087857,0.761082078645093
60,150,"equal","bf_ps","1259",0.846666666666667,0.860817890374541,0.855856168554378,0.853500751017182
60,150,"equal","psis","1259",0.546666666666667,0.697727272727273,0.515405684012736,0.487502421508182
60,150,"equal","waic","1259",0.54,0.64973544973545,0.503413887294048,0.535168919943279
60,150,"equal","hbi","1259",0.833333333333333,0.861748048844823,0.845367190354403,0.839395245277598
60,150,"extreme","bf_ps","1259",0.9,0.86771853877117,0.795018007202881,0.817701777985996
60,150,"extreme","psis","1259",0.733333333333333,0.725811688311688,0.548834751291821,0.607077306596537
60,150,"extreme","waic","1259",0.693333333333333,0.696419321419321,0.466647528576648,0.53515367095851
60,150,"extreme","hbi","1259",0.813333333333333,0.656463675213675,0.563325330132053,0.773857586512866
120,150,"equal","bf_ps","1259",0.826666666666667,0.861468829956225,0.828339788866105,0.826278014579651
120,150,"equal","psis","1259",0.58,0.708881196629732,0.578149920255183,0.539373194851235
120,150,"equal","waic","1259",0.56,0.691638282241368,0.556458787661795,0.530762654006533
120,150,"equal","hbi","1259",0.733333333333333,0.747194072136864,0.72061512005121,0.689736031578937
120,150,"extreme","bf_ps","1259",0.933333333333333,0.90793023401719,0.879341210168278,0.883589395517377
120,150,"extreme","psis","1259",0.693333333333333,0.717649017649018,0.53051052957068,0.681309098777453
120,150,"extreme","waic","1259",0.693333333333333,0.711111111111111,0.519435764736517,0.669776203328835
120,150,"extreme","hbi","1259",0.846666666666667,0.869205622752534,0.800715262181428,0.780310960395796
60,300,"equal","bf_ps","1259",0.843333333333333,0.887678202185058,0.852467860754008,0.849428246132175
60,300,"equal","psis","1259",0.563333333333333,0.731098786980232,0.545214811910608,0.48831187156253
60,300,"equal","waic","1259",0.55,0.715582622577224,0.531451166917728,0.491006166988846
60,300,"equal","hbi","1259",0.743333333333333,0.708681726918809,0.74698303790677,0.833355357837857
60,300,"extreme","bf_ps","1259",0.903333333333333,0.883917066205407,0.826530612244898,0.83490593324774
60,300,"extreme","psis","1259",0.716666666666667,0.743035572647682,0.531517646931181,0.602562242903634
60,300,"extreme","waic","1259",0.686666666666667,0.709373756920927,0.475383263353188,0.547655059343471
60,300,"extreme","hbi","1259",0.85,0.854063644688645,0.76515693996897,0.740020258453438
120,300,"equal","bf_ps","1259",0.86,0.901481145573853,0.860450026164312,0.862043342630254
120,300,"equal","psis","1259",0.55,0.718199446774757,0.550896108722196,0.483420472456533
120,300,"equal","waic","1259",0.533333333333333,0.706277034504718,0.538299395566476,0.482613349828558
120,300,"equal","hbi","1259",0.773333333333333,0.832001089958383,0.775447409733124,0.758721264742605
120,300,"extreme","bf_ps","1259",0.94,0.889757360010336,0.880688085381452,0.878804863460893
120,300,"extreme","psis","1259",0.753333333333333,0.672780156903977,0.556350428878589,0.675035108765591
120,300,"extreme","waic","1259",0.756666666666667,0.674829319135482,0.547419851737749,0.670080415171558
120,300,"extreme","hbi","1259",0.903333333333333,0.869454011991325,0.821482439129498,0.818652171996287
60,150,"equal","bf_ps","1260",0.866666666666667,0.902236652236652,0.866605644546148,0.864028675968766
60,150,"equal","psis","1260",0.533333333333333,0.698165869218501,0.542445710549666,0.502280218144818
60,150,"equal","waic","1260",0.52,0.677006009190527,0.517881972010772,0.465149485354089
60,150,"equal","hbi","1260",0.78,0.713461142032571,0.766370584847211,0.848496119772716
60,150,"extreme","bf_ps","1260",0.886666666666667,0.874891774891775,0.799267399267399,0.801866056672418
60,150,"extreme","psis","1260",0.766666666666667,0.678429027113238,0.514874321081218,0.654941636361444
60,150,"extreme","waic","1260",0.786666666666667,0.699734688658739,0.526217001389415,0.672085650932467
60,150,"extreme","hbi","1260",0.833333333333333,0.848564022383147,0.730695970695971,0.704323308270677
120,150,"equal","bf_ps","1260",0.853333333333333,0.909221005475361,0.857353955568241,0.860724398455034
120,150,"equal","psis","1260",0.5,0.656371406371406,0.497859154303254,0.530546899203616
120,150,"equal","waic","1260",0.533333333333333,0.718806515235087,0.527661874466386,0.502899901728942
120,150,"equal","hbi","1260",0.793333333333333,0.884852854185152,0.808804161676832,0.801475300066849
120,150,"extreme","bf_ps","1260",0.92,0.922962454212454,0.841666666666667,0.870105487907346
120,150,"extreme","psis","1260",0.706666666666667,0.613540163540163,0.46373507444936,0.586875715945483
120,150,"extreme","waic","1260",0.706666666666667,0.672808800395007,0.504860615574901,0.564318783068783
120,150,"extreme","hbi","1260",0.893333333333333,0.917545787545788,0.803571428571429,0.834540647978037
60,300,"equal","bf_ps","1260",0.82,0.864999160545577,0.825931920156844,0.824773827511442
60,300,"equal","psis","1260",0.516666666666667,0.701713174721365,0.516252911464096,0.48189901444185
60,300,"equal","waic","1260",0.48,0.693546662473465,0.477899680217077,0.432367271277812
60,300,"equal","hbi","1260",0.77,0.82677693955295,0.781429083900688,0.765951439864483
60,300,"extreme","bf_ps","1260",0.886666666666667,0.854609038963193,0.78390847711928,0.799929040915595
60,300,"extreme","psis","1260",0.716666666666667,0.603811677452982,0.467043366729939,0.590198642244547
60,300,"extreme","waic","1260",0.696666666666667,0.593935909892403,0.440258441994239,0.55853942082778
60,300,"extreme","hbi","1260",0.823333333333333,0.812720982486211,0.710436362017905,0.698515375533943
120,300,"equal","bf_ps","1260",0.85,0.905189986953686,0.845810130031135,0.850348097513988
120,300,"equal","psis","1260",0.546666666666667,0.733758160211618,0.549825062493057,0.50565059788381
120,300,"equal","waic","1260",0.536666666666667,0.734850580206762,0.541694230414987,0.503081486270283
120,300,"equal","hbi","1260",0.816666666666667,0.868822241540294,0.820092440172082,0.817527182962968
120,300,"extreme","bf_ps","1260",0.92,0.885167879695923,0.842012288786482,0.857526607547658
120,300,"extreme","psis","1260",0.753333333333333,0.653289261064461,0.49772313849139,0.627020934423104
120,300,"extreme","waic","1260",0.716666666666667,0.676347852863551,0.490548953027731,0.537589118835395
120,300,"extreme","hbi","1260",0.886666666666667,0.875915750915751,0.79844470046083,0.820261545764223
60,150,"equal","bf_ps","1261",0.873333333333333,0.904231032802461,0.86478288633461,0.872907990175542
60,150,"equal","psis","1261",0.593333333333333,0.70715811965812,0.568689563948185,0.600558826210276
60,150,"equal","waic","1261",0.58,0.693827651019145,0.563530833789454,0.57918846111303
60,150,"equal","hbi","1261",0.846666666666667,0.904052688728768,0.835780423280423,0.833709509444803
60,150,"extreme","bf_ps","1261",0.96,0.930952380952381,0.909340659340659,0.903652765454008
60,150,"extreme","psis","1261",0.793333333333333,0.678888888888889,0.58050283050283,0.692697466467958
60,150,"extreme","waic","1261",0.753333333333333,0.655420666290232,0.546037296037296,0.635138274888582
60,150,"extreme","hbi","1261",0.9,0.890896543070456,0.824481074481074,0.774747474747475
120,150,"equal","bf_ps","1261",0.853333333333333,0.909216857474697,0.842456520088099,0.852456912352595
120,150,"equal","psis","1261",0.586666666666667,0.727484594535286,0.581210728842308,0.569277122364386
120,150,"equal","waic","1261",0.64,0.750216674537232,0.631577175261386,0.63422454253019
120,150,"equal","hbi","1261",0.833333333333333,0.86952781112445,0.824649882281461,0.833138476578588
120,150,"extreme","bf_ps","1261",0.946666666666667,0.943127321850726,0.904761904761905,0.921095605567655
120,150,"extreme","psis","1261",0.806666666666667,0.784537684537685,0.656395891690009,0.739444444444444
120,150,"extreme","waic","1261",0.813333333333333,0.782523967712795,0.638468720821662,0.732455933455981
120,150,"extreme","hbi","1261",0.88,0.902886002886003,0.833333333333333,0.836348413491271
60,300,"equal","bf_ps","1261",0.85,0.896372672870369,0.841471615673296,0.851772926820683
60,300,"equal","psis","1261",0.56,0.71768494438183,0.551300414571863,0.512764334912246
60,300,"equal","waic","1261",0.53,0.692424298879698,0.525095921460979,0.486892746504279
60,300,"equal","hbi","1261",0.776666666666667,0.803597716084636,0.761165385072948,0.745194948678888
60,300,"extreme","bf_ps","1261",0.94,0.913440918048473,0.899121599121599,0.901582105694368
60,300,"extreme","psis","1261",0.706666666666667,0.679673225727685,0.564761814761815,0.671508708352507
60,300,"extreme","waic","1261",0.726666666666667,0.66090064013804,0.529196029196029,0.645716695518387
60,300,"extreme","hbi","1261",0.883333333333333,0.876467392256866,0.822331722331722,0.813688455596816
120,300,"equal","bf_ps","1261",0.87,0.910280853806313,0.860106382978723,0.864373206195593
120,300,"equal","psis","1261",0.533333333333333,0.719587035400288,0.549358476627479,0.49356599188532
120,300,"equal","waic","1261",0.546666666666667,0.725307091092297,0.560046587667924,0.514039072409998
120,300,"equal","hbi","1261",0.83,0.870149317588671,0.806408308004053,0.809940179872323
120,300,"extreme","bf_ps","1261",0.913333333333333,0.890215023994094,0.871866848061731,0.867606732056893
120,300,"extreme","psis","1261",0.72,0.706087045570917,0.509968022585696,0.667046344538394
120,300,"extreme","waic","1261",0.713333333333333,0.683432352066607,0.503791399717919,0.645203890797819
120,300,"extreme","hbi","1261",0.84,0.84921368547419,0.796688637447619,0.779915385291729
60,150,"equal","bf_ps","1262",0.86,0.879717150017902,0.857048630422282,0.859301148471655
60,150,"equal","psis","1262",0.533333333333333,0.693885614938247,0.522276523012058,0.479872486940733
60,150,"equal","waic","1262",0.52,0.633558558558559,0.50087205906101,0.516391129954704
60,150,"equal","hbi","1262",0.753333333333333,0.748873731632352,0.742250019301343,0.713725884116192
60,150,"extreme","bf_ps","1262",0.906666666666667,0.910056390977444,0.757142857142857,0.782149478256264
60,150,"extreme","psis","1262",0.74,0.639045707915273,0.519623233908948,0.641108900661396
60,150,"extreme","waic","1262",0.753333333333333,0.634177489177489,0.55298273155416,0.66687675070028
60,150,"extreme","hbi","1262",0.886666666666667,0.830105179781904,0.731868131868132,0.83768558806922
120,150,"equal","bf_ps","1262",0.8,0.877239271003445,0.812253460824889,0.811589309787167
120,150,"equal","psis","1262",0.54,0.709711779448622,0.507244203042522,0.466874383936506
120,150,"equal","waic","1262",0.54,0.665058479532164,0.50825999397428,0.531672890669046
120,150,"equal","hbi","1262",0.786666666666667,0.873847720906544,0.803571666428809,0.798026096710307
120,150,"extreme","bf_ps","1262",0.92,0.852674610216758,0.816043083900227,0.814509672854941
120,150,"extreme","psis","1262",0.78,0.717749189683501,0.608361678004535,0.616343672865412
120,150,"extreme","waic","1262",0.806666666666667,0.736598087510866,0.595252267573696,0.632027535306224
120,150,"extreme","hbi","1262",0.893333333333333,0.84230674620257,0.77749433106576,0.779301013459736
60,300,"equal","bf_ps","1262",0.803333333333333,0.880467151895723,0.814463940315004,0.805393578643579
60,300,"equal","psis","1262",0.53,0.69639080279095,0.517177493035608,0.476588298367628
60,300,"equal","waic","1262",0.49,0.676268602436908,0.47783650644047,0.437114812573373
60,300,"equal","hbi","1262",0.733333333333333,0.770330877494384,0.74806212908952,0.715850190635775
60,300,"extreme","bf_ps","1262",0.926666666666667,0.932452071737786,0.793245341614907,0.826114806912191
60,300,"extreme","psis","1262",0.766666666666667,0.681064771192959,0.531276129014665,0.561983828042059
60,300,"extreme","waic","1262",0.78,0.623010593742301,0.52711303711535,0.649564651003584
60,300,"extreme","hbi","1262",0.88,0.746170463472113,0.683928571428571,0.795584045584046
120,300,"equal","bf_ps","1262",0.82,0.901978792685981,0.822789115646258,0.824877634571259
120,300,"equal","psis","1262",0.583333333333333,0.734965795798859,0.567559063565703,0.533396116185649
120,300,"equal","waic","1262",0.576666666666667,0.736310843627917,0.562066640766049,0.525716350410549
120,300,"equal","hbi","1262",0.766666666666667,0.85019520851819,0.777482872581657,0.773346397178783
120,300,"extreme","bf_ps","1262",0.896666666666667,0.850443098529512,0.786474233397006,0.784764736229174
120,300,"extreme","psis","1262",0.733333333333333,0.699456908831909,0.509502965495396,0.54900871700433
120,300,"extreme","waic","1262",0.72,0.684444937490353,0.491811038200738,0.539186166950883
120,300,"extreme","hbi","1262",0.86,0.839614512471655,0.732450238295486,0.723726365919057
60,150,"equal","bf_ps","1263",0.833333333333333,0.865986394557823,0.835109335109335,0.829956027630446
60,150,"equal","psis","1263",0.54,0.722328325269502,0.558386058386058,0.527667306238735
60,150,"equal","waic","1263",0.533333333333333,0.715940542745928,0.55000555000555,0.511206713146368
60,150,"equal","hbi","1263",0.706666666666667,0.657561486132915,0.721500721500722,0.790147050594681
60,150,"extreme","bf_ps","1263",0.913333333333333,0.905667366341524,0.860902255639098,0.865034013605442
60,150,"extreme","psis","1263",0.793333333333333,0.731301233013562,0.586233967271119,0.742240117841303
60,150,"extreme","waic","1263",0.74,0.672825396825397,0.522438449063836,0.661123086430328
60,150,"extreme","hbi","1263",0.853333333333333,0.879957502451782,0.794799498746867,0.770184425666958
120,150,"equal","bf_ps","1263",0.846666666666667,0.869461697722567,0.837112622826909,0.832163882101304
120,150,"equal","psis","1263",0.553333333333333,0.694974751223367,0.590905327648301,0.532455815211118
120,150,"equal","waic","1263",0.593333333333333,0.699087977192125,0.615244277787743,0.580938523174548
120,150,"equal","hbi","1263",0.786666666666667,0.840723969013443,0.739092859365969,0.721514679409416
120,150,"extreme","bf_ps","1263",0.893333333333333,0.854545454545454,0.789575830332133,0.810235818465317
120,150,"extreme","psis","1263",0.733333333333333,0.67479524979525,0.470270547243288,0.63144375949254
120,150,"extreme","waic","1263",0.673333333333333,0.643536945812808,0.419084219053475,0.578113850545016
120,150,"extreme","hbi","1263",0.846666666666667,0.852698878524264,0.73405362144858,0.745375470762468
60,300,"equal","bf_ps","1263",0.836666666666667,0.864425289143141,0.829464914930031,0.825230305666881
60,300,"equal","psis","1263",0.496666666666667,0.697129304979169,0.525213040848865,0.473051605626509
60,300,"equal","waic","1263",0.49,0.691756655561842,0.515097191371313,0.472118736277798
60,300,"equal","hbi","1263",0.806666666666667,0.850298611007132,0.789766435115272,0.784236428021656
60,300,"extreme","bf_ps","1263",0.91,0.87255538579068,0.855734005273107,0.85591153020301
60,300,"extreme","psis","1263",0.74,0.774750514863156,0.574073731854057,0.553628201365667
60,300,"extreme","waic","1263",0.733333333333333,0.764989257495488,0.544426374097261,0.533725899793125
60,300,"extreme","hbi","1263",0.846666666666667,0.837790780647924,0.777812297667909,0.771219582651362
120,300,"equal","bf_ps","1263",0.86,0.895906110191825,0.844513230824245,0.845514562553102
120,300,"equal","psis","1263",0.543333333333333,0.708826214546042,0.577722035473913,0.5180723861146
120,300,"equal","waic","1263",0.53,0.69297079511925,0.55357443453501,0.515140101836191
120,300,"equal","hbi","1263",0.796666666666667,0.78596158532319,0.762634901081397,0.739954269315537
120,300,"extreme","bf_ps","1263",0.926666666666667,0.883189807714994,0.851961646727657,0.862755909187335
120,300,"extreme","psis","1263",0.78,0.683582875858547,0.544768942059582,0.695568848228947
120,300,"extreme","waic","1263",0.77,0.660347299759064,0.523146311816263,0.668239044887614
120,300,"extreme","hbi","1263",0.866666666666667,0.850219298245614,0.781729415904293,0.771912765236562
60,150,"equal","bf_ps","1264",0.846666666666667,0.905475360876058,0.839190221543163,0.847454133168419
60,150,"equal","psis","1264",0.56,0.727577119072626,0.545695187165775,0.530837568326251
60,150,"equal","waic","1264",0.56,0.735118418687096,0.547150496562261,0.513126917850578
60,150,"equal","hbi","1264",0.753333333333333,0.742328042328042,0.745250827603769,0.838298094190718
60,150,"extreme","bf_ps","1264",0.893333333333333,0.88849045691151,0.800523286237572,0.814152848865331
60,150,"extreme","psis","1264",0.793333333333333,0.751457030623697,0.565009593581022,0.637597392727352
60,150,"extreme","waic","1264",0.753333333333333,0.708241758241758,0.512332112332112,0.591710758377425
60,150,"extreme","hbi","1264",0.873333333333333,0.87599846390169,0.786394557823129,0.791077822433321
120,150,"equal","bf_ps","1264",0.84,0.902700474129046,0.836472088835534,0.843456657121253
120,150,"equal","psis","1264",0.56,0.701347307663097,0.538496977738464,0.481517378411788
120,150,"equal","waic","1264",0.566666666666667,0.701787802840434,0.550592605463238,0.507223986230761
120,150,"equal","hbi","1264",0.82,0.887301587301587,0.811787214885954,0.806882913404653
120,150,"extreme","bf_ps","1264",0.893333333333333,0.848639455782313,0.811524609843938,0.79435817805383
120,150,"extreme","psis","1264",0.78,0.758335344325592,0.609003601440576,0.676096145245081
120,150,"extreme","waic","1264",0.773333333333333,0.694170771756979,0.537575030012005,0.672899106002554
120,150,"extreme","hbi","1264",0.853333333333333,0.836116497881204,0.756622649059624,0.720607808340728
60,300,"equal","bf_ps","1264",0.82,0.875407879371013,0.81502393270686,0.820873377524211
60,300,"equal","psis","1264",0.516666666666667,0.68963924963925,0.505232074352283,0.454979033278364
60,300,"equal","waic","1264",0.513333333333333,0.69324934161155,0.50441058167539,0.449941372207686
60,300,"equal","hbi","1264",0.766666666666667,0.857533517528762,0.760471439129976,0.75314393379295
60,300,"extreme","bf_ps","1264",0.926666666666667,0.885724785165084,0.829271137026239,0.844202011213021
60,300,"extreme","psis","1264",0.773333333333333,0.724567377382182,0.567296214653109,0.607399544899545
60,300,"extreme","waic","1264",0.79,0.732073135254129,0.573170494678708,0.615587306993065
60,300,"extreme","hbi","1264",0.89,0.866219015594823,0.782575315840622,0.768360493091225
120,300,"equal","bf_ps","1264",0.86,0.913839084891717,0.853039963039963,0.861821307992685
120,300,"equal","psis","1264",0.596666666666667,0.737262886012142,0.57775096693464,0.535831124885527
120,300,"equal","waic","1264",0.566666666666667,0.725062230618653,0.555332037576935,0.51609202310478
120,300,"equal","hbi","1264",0.806666666666667,0.864629759949957,0.79599328415655,0.791779139357417
120,300,"extreme","bf_ps","1264",0.913333333333333,0.885957198204292,0.817106869738449,0.830062657648865
120,300,"extreme","psis","1264",0.78,0.701453599191156,0.512279101502663,0.672227961432507
120,300,"extreme","waic","1264",0.763333333333333,0.679820062977958,0.496866302081818,0.642380156127021
120,300,"extreme","hbi","1264",0.87,0.839385036761612,0.742625795257374,0.841717171717172
60,150,"equal","bf_ps","1265",0.866666666666667,0.857871609278259,0.846767937944409,0.844953097518077
60,150,"equal","psis","1265",0.593333333333333,0.725698375698376,0.570295727885861,0.544640929246192
60,150,"equal","waic","1265",0.586666666666667,0.721360544217687,0.557514092485629,0.532536274272018
60,150,"equal","hbi","1265",0.733333333333333,0.67894197305962,0.734546341282584,0.809669296625818
60,150,"extreme","bf_ps","1265",0.933333333333333,0.920901817631594,0.886755579424752,0.900837742504409
60,150,"extreme","psis","1265",0.706666666666667,0.740479582146249,0.564725745950168,0.633532671032671
60,150,"extreme","waic","1265",0.733333333333333,0.74475238014521,0.573901601502249,0.655898632011425
60,150,"extreme","hbi","1265",0.84,0.811236382664954,0.755803198472371,0.75188040128332
120,150,"equal","bf_ps","1265",0.86,0.903715332286761,0.860166370896185,0.860475247572022
120,150,"equal","psis","1265",0.533333333333333,0.716569236390208,0.558251458686241,0.513991133098319
120,150,"equal","waic","1265",0.573333333333333,0.726138167388167,0.582714366378963,0.579037121880276
120,150,"equal","hbi","1265",0.813333333333333,0.831270139634801,0.793094633110161,0.790826980021847
120,150,"extreme","bf_ps","1265",0.893333333333333,0.859013605442177,0.842768411712511,0.828290324784516
120,150,"extreme","psis","1265",0.72,0.626098901098901,0.480246228926353,0.598722139315367
120,150,"extreme","waic","1265",0.733333333333333,0.61632527809743,0.484749334516415,0.601340032359549
120,150,"extreme","hbi","1265",0.806666666666667,0.816414073731147,0.76691437444543,0.70851118898738
60,300,"equal","bf_ps","1265",0.84,0.87219873396344,0.84930232241553,0.839828374386699
60,300,"equal","psis","1265",0.56,0.719114351467293,0.573784747747012,0.525514986986506
60,300,"equal","waic","1265",0.54,0.709293523806829,0.548695172751776,0.506999628929153
60,300,"equal","hbi","1265",0.753333333333333,0.686584462446531,0.751591580028238,0.826472457658078
60,300,"extreme","bf_ps","1265",0.896666666666667,0.851103633208896,0.849594441625071,0.843581780257734
60,300,"extreme","psis","1265",0.716666666666667,0.700953497011447,0.524345004836861,0.574982150142799
60,300,"extreme","waic","1265",0.7,0.628419694224656,0.483907509914316,0.62078613207345
60,300,"extreme","hbi","1265",0.836666666666667,0.82172884618705,0.776271503582905,0.75322971381588
120,300,"equal","bf_ps","1265",0.84,0.886242589765095,0.826485594259681,0.827110775572498
120,300,"equal","psis","1265",0.533333333333333,0.695043607186464,0.560555683444903,0.519077836812855
120,300,"equal","waic","1265",0.55,0.69618033634434,0.565413775248808,0.541934322986955
120,300,"equal","hbi","1265",0.78,0.756784746418893,0.751647339521094,0.723445146390591
120,300,"extreme","bf_ps","1265",0.88,0.827194044868352,0.818801679097247,0.791199949493667
120,300,"extreme","psis","1265",0.736666666666667,0.563479335195538,0.51003723889615,0.643119098881075
120,300,"extreme","waic","1265",0.743333333333333,0.548954984733748,0.49097432383395,0.631860748702343
120,300,"extreme","hbi","1265",0.85,0.817707045473524,0.793803704865013,0.75794030982502
60,150,"equal","bf_ps","1266",0.806666666666667,0.846807953950811,0.814338042909471,0.807484605533439
60,150,"equal","psis","1266",0.54,0.719413919413919,0.557713239141811,0.511707556711675
60,150,"equal","waic","1266",0.52,0.70828039089973,0.514568288854003,0.466937358970794
60,150,"equal","hbi","1266",0.753333333333333,0.847727272727273,0.764207221350078,0.7445834036836
60,150,"extreme","bf_ps","1266",0.893333333333333,0.882258700581682,0.795918367346939,0.811949426639224
60,150,"extreme","psis","1266",0.693333333333333,0.694658944658945,0.512758997980673,0.518176353800477
60,150,"extreme","waic","1266",0.653333333333333,0.629227994227994,0.458775625031783,0.510818776676319
60,150,"extreme","hbi","1266",0.866666666666667,0.86784036632061,0.751962323390895,0.750348153994563
120,150,"equal","bf_ps","1266",0.826666666666667,0.893891340319912,0.790592280390417,0.806395511619392
120,150,"equal","psis","1266",0.553333333333333,0.709691193550591,0.556103418484098,0.532313631235314
120,150,"equal","waic","1266",0.52,0.692647867866892,0.52028339482246,0.498786932932565
120,150,"equal","hbi","1266",0.78,0.882229532739737,0.747114019520852,0.752652885823241
120,150,"extreme","bf_ps","1266",0.953333333333333,0.97526283240569,0.862337662337662,0.893842665271237
120,150,"extreme","psis","1266",0.793333333333333,0.671111111111111,0.569372294372294,0.679954827780915
120,150,"extreme","waic","1266",0.806666666666667,0.675896640826873,0.551920995670996,0.66987624987625
120,150,"extreme","hbi","1266",0.92,0.951270098114758,0.808766233766234,0.85357936880121
60,300,"equal","bf_ps","1266",0.8,0.866538943786135,0.795443443334781,0.798933391695034
60,300,"equal","psis","1266",0.486666666666667,0.682737570992454,0.483425204569705,0.44429470811337
60,300,"equal","waic","1266",0.473333333333333,0.681190718416302,0.472691921894933,0.425980855575929
60,300,"equal","hbi","1266",0.756666666666667,0.834856892065582,0.758801925025329,0.748324138267747
60,300,"extreme","bf_ps","1266",0.903333333333333,0.872975586173556,0.804584965299251,0.82477663348179
60,300,"extreme","psis","1266",0.723333333333333,0.666160289044456,0.489829278078126,0.542908506807691
60,300,"extreme","waic","1266",0.703333333333333,0.588729912313624,0.441077995225461,0.561831607684801
60,300,"extreme","hbi","1266",0.853333333333333,0.798152096659559,0.722046834374023,0.715490466819603
120,300,"equal","bf_ps","1266",0.85,0.906795216464263,0.829102621785549,0.839465722204276
120,300,"equal","psis","1266",0.496666666666667,0.634359144813253,0.507270078997306,0.51919305050603
120,300,"equal","waic","1266",0.493333333333333,0.681912365061099,0.50548867537419,0.453716668274954
120,300,"equal","hbi","1266",0.786666666666667,0.861976600985222,0.769688789200984,0.759563186622683
120,300,"extreme","bf_ps","1266",0.913333333333333,0.880617655229054,0.820806396531423,0.836662877352533
120,300,"extreme","psis","1266",0.773333333333333,0.645077772922186,0.502962405206369,0.64007162441945
120,300,"extreme","waic","1266",0.746666666666667,0.686819429029473,0.542970164380056,0.594506892735596
120,300,"extreme","hbi","1266",0.873333333333333,0.85942858373562,0.75731433303936,0.743950384590779
60,150,"equal","bf_ps","1267",0.813333333333333,0.875595238095238,0.824713472989335,0.81183704002523
60,150,"equal","psis","1267",0.506666666666667,0.653307563903963,0.500859166376408,0.535702858358964
60,150,"equal","waic","1267",0.466666666666667,0.63486979772146,0.464042726111692,0.493239474299382
60,150,"equal","hbi","1267",0.713333333333333,0.825008325008325,0.732535535983812,0.692195767195767
60,150,"extreme","bf_ps","1267",0.933333333333333,0.912619047619048,0.861135758651287,0.869409465914025
60,150,"extreme","psis","1267",0.713333333333333,0.674074074074074,0.561224489795918,0.555707900149193
60,150,"extreme","waic","1267",0.7,0.575805668016194,0.501996450754215,0.567300157033848
60,150,"extreme","hbi","1267",0.886666666666667,0.85,0.765897663413191,0.861111111111111
120,150,"equal","bf_ps","1267",0.886666666666667,0.902187370674766,0.878147925837001,0.878149847228795
120,150,"equal","psis","1267",0.54,0.706947715553387,0.574921786896577,0.511692685759655
120,150,"equal","waic","1267",0.54,0.700237262737263,0.57495270835607,0.517538046608087
120,150,"equal","hbi","1267",0.826666666666667,0.87208519771545,0.795421501934107,0.76333307425205
120,150,"extreme","bf_ps","1267",0.906666666666667,0.847675736961451,0.786324786324786,0.808794162826421
120,150,"extreme","psis","1267",0.726666666666667,0.696287121763596,0.556902248078719,0.591539256254446
120,150,"extreme","waic","1267",0.706666666666667,0.680650684931507,0.542616533793004,0.567235879115316
120,150,"extreme","hbi","1267",0.846666666666667,0.766949827871988,0.693650793650794,0.780655528859687
60,300,"equal","bf_ps","1267",0.826666666666667,0.878584151950758,0.831180191070684,0.825272110415157
60,300,"equal","psis","1267",0.55,0.707384244020189,0.557724278958724,0.510862273575706
60,300,"equal","waic","1267",0.533333333333333,0.707622185935439,0.539154373579461,0.47345585403776
60,300,"equal","hbi","1267",0.76,0.844645396249919,0.773440021832257,0.742186161981104
60,300,"extreme","bf_ps","1267",0.926666666666667,0.898175657497691,0.822943722943723,0.832912392004977
60,300,"extreme","psis","1267",0.76,0.751022720753045,0.556828487296476,0.518762569145529
60,300,"extreme","waic","1267",0.713333333333333,0.66658461966871,0.494427725886939,0.515234095271626
60,300,"extreme","hbi","1267",0.893333333333333,0.864862293760627,0.769722434428317,0.758393567637265
120,300,"equal","bf_ps","1267",0.866666666666667,0.897789115646259,0.867326303625596,0.862219489467836
120,300,"equal","psis","1267",0.553333333333333,0.713441759846899,0.56866781090596,0.507553293780607
120,300,"equal","waic","1267",0.556666666666667,0.712109112716713,0.570593050162431,0.5260303429558
120,300,"equal","hbi","1267",0.763333333333333,0.837930043812397,0.761022508093227,0.734506733055463
120,300,"extreme","bf_ps","1267",0.92,0.876982685822465,0.838871765715084,0.847114845938375
120,300,"extreme","psis","1267",0.703333333333333,0.68506217923411,0.492646178706087,0.534394607860756
120,300,"extreme","waic","1267",0.71,0.662804562888251,0.462497755700521,0.507701682119491
120,300,"extreme","hbi","1267",0.866666666666667,0.862773526647872,0.762974544656572,0.749231863410613
60,150,"equal","bf_ps","1268",0.826666666666667,0.867873816193144,0.83842627960275,0.82531012404962
60,150,"equal","psis","1268",0.553333333333333,0.708976273436204,0.560333997122422,0.515252459071922
60,150,"equal","waic","1268",0.526666666666667,0.697925479595276,0.524506920972765,0.485805931416637
60,150,"equal","hbi","1268",0.746666666666667,0.697408963585434,0.749527275381165,0.823236399892537
60,150,"extreme","bf_ps","1268",0.906666666666667,0.908368519821722,0.80952380952381,0.82357880701439
60,150,"extreme","psis","1268",0.7,0.697850790513834,0.525309591824255,0.558382085126271
60,150,"extreme","waic","1268",0.7,0.621939534434463,0.503030711459047,0.616579639599774
60,150,"extreme","hbi","1268",0.82,0.805870496346687,0.731668781987203,0.700341136454582
120,150,"equal","bf_ps","1268",0.786666666666667,0.868219433006018,0.791125541125541,0.786266742124128
120,150,"equal","psis","1268",0.533333333333333,0.704446454446454,0.52444260000651,0.485486481403701
120,150,"equal","waic","1268",0.54,0.660091747591748,0.531111056862937,0.570202515336543
120,150,"equal","hbi","1268",0.733333333333333,0.822067334839074,0.736626468769326,0.710929608263677
120,150,"extreme","bf_ps","1268",0.946666666666667,0.911851257356875,0.916550882068123,0.899474335188621
120,150,"extreme","psis","1268",0.706666666666667,0.743219509936152,0.633740684602754,0.558440798506897
120,150,"extreme","waic","1268",0.746666666666667,0.754161550434842,0.649203191444571,0.586634909805641
120,150,"extreme","hbi","1268",0.9,0.883540372670807,0.854737695254937,0.823767149317828
60,300,"equal","bf_ps","1268",0.823333333333333,0.878225748402981,0.829624230644639,0.827190913310948
60,300,"equal","psis","1268",0.55,0.72875516587704,0.550885312532898,0.509912112165202
60,300,"equal","waic","1268",0.513333333333333,0.705600575305009,0.512751043726653,0.46937083114253
60,300,"equal","hbi","1268",0.73,0.689791266497943,0.736572916513185,0.81609287561444
60,300,"extreme","bf_ps","1268",0.9,0.856235168936565,0.820553221288515,0.827372301816154
60,300,"extreme","psis","1268",0.7,0.634665832998102,0.525185074029612,0.636993020389015
60,300,"extreme","waic","1268",0.68,0.608833107639462,0.496473589435774,0.605118839211303
60,300,"extreme","hbi","1268",0.856666666666667,0.863329507728202,0.771233493397359,0.761752120711658
120,300,"equal","bf_ps","1268",0.826666666666667,0.896639690358902,0.819858541287113,0.825419279005017
120,300,"equal","psis","1268",0.546666666666667,0.71625787492442,0.540618647285754,0.488176393595402
120,300,"equal","waic","1268",0.536666666666667,0.716761974411668,0.531189926439034,0.499702566704486
120,300,"equal","hbi","1268",0.773333333333333,0.851922046495549,0.770837685275375,0.766855106487639
120,300,"extreme","bf_ps","1268",0.933333333333333,0.891874731874732,0.848835688121402,0.861948834578888
120,300,"extreme","psis","1268",0.763333333333333,0.644988127882258,0.534626785823913,0.656095916514605
120,300,"extreme","waic","1268",0.746666666666667,0.615689410426252,0.504505121773677,0.617262592720373
120,300,"extreme","hbi","1268",0.873333333333333,0.851269646769257,0.759994694052954,0.757661413970884
60,150,"equal","bf_ps","1269",0.82,0.881401471157569,0.835003232062056,0.8281290138433
60,150,"equal","psis","1269",0.56,0.706425987675988,0.552026708119145,0.514058618976652
60,150,"equal","waic","1269",0.513333333333333,0.694387755102041,0.505942633463642,0.454790067839641
60,150,"equal","hbi","1269",0.76,0.833803986710963,0.779713423831071,0.75096381662144
60,150,"extreme","bf_ps","1269",0.913333333333333,0.857960900040971,0.875595238095238,0.852409593860371
60,150,"extreme","psis","1269",0.693333333333333,0.680019305019305,0.55374149659864,0.587605042016807
60,150,"extreme","waic","1269",0.72,0.628650994575045,0.516624149659864,0.619234185169669
60,150,"extreme","hbi","1269",0.86,0.825137729776905,0.813392857142857,0.86242656101274
120,150,"equal","bf_ps","1269",0.84,0.892617046818727,0.840582667849749,0.8375752926959
120,150,"equal","psis","1269",0.6,0.737433003504432,0.608779462732696,0.567819767053371
120,150,"equal","waic","1269",0.626666666666667,0.739417989417989,0.630363275745081,0.605232961108972
120,150,"equal","hbi","1269",0.82,0.868683837171232,0.825018181185518,0.804083542809995
120,150,"extreme","bf_ps","1269",0.913333333333333,0.904081632653061,0.808823529411765,0.819338787251602
120,150,"extreme","psis","1269",0.693333333333333,0.607241351484773,0.490484011786533,0.49949494949495
120,150,"extreme","waic","1269",0.7,0.602923447860157,0.483925570228091,0.488369396815662
120,150,"extreme","hbi","1269",0.88,0.888741083477926,0.75735294117647,0.763370009443549
60,300,"equal","bf_ps","1269",0.83,0.878398482918787,0.832034741463457,0.830043211562076
60,300,"equal","psis","1269",0.506666666666667,0.693059410852615,0.507771928586604,0.453288992422731
60,300,"equal","waic","1269",0.48,0.679765204049611,0.481865186909965,0.424209846422054
60,300,"equal","hbi","1269",0.773333333333333,0.826927429623193,0.775370807390885,0.748321350209901
60,300,"extreme","bf_ps","1269",0.91,0.886935433486765,0.859473909054821,0.854805016673258
60,300,"extreme","psis","1269",0.73,0.737180326889312,0.516072917667645,0.572160384013805
60,300,"extreme","waic","1269",0.723333333333333,0.692140330933434,0.512003609101356,0.639330706103602
60,300,"extreme","hbi","1269",0.856666666666667,0.832177973373987,0.787804310983034,0.863700842951043
120,300,"equal","bf_ps","1269",0.873333333333333,0.903978383258551,0.874536833760989,0.872738235069577
120,300,"equal","psis","1269",0.543333333333333,0.707040816326531,0.542714214546748,0.504415567987477
120,300,"equal","waic","1269",0.55,0.711012371775448,0.553090382752389,0.525138090166747
120,300,"equal","hbi","1269",0.83,0.875168941334355,0.828540803213463,0.817133454125935
120,300,"extreme","bf_ps","1269",0.94,0.902234884604075,0.879116961469903,0.87934977503601
120,300,"extreme","psis","1269",0.716666666666667,0.657343647555912,0.541331665533346,0.646905155883251
120,300,"extreme","waic","1269",0.693333333333333,0.687627329710663,0.516695993082548,0.524492797161071
120,300,"extreme","hbi","1269",0.926666666666667,0.896140340194049,0.862030126736009,0.862015068634312
60,150,"equal","bf_ps","1270",0.853333333333333,0.855224867724868,0.83340727595386,0.832828846133986
60,150,"equal","psis","1270",0.546666666666667,0.686379882922436,0.570263690760585,0.526538245852321
60,150,"equal","waic","1270",0.526666666666667,0.672942413505027,0.553995176665984,0.498415302935566
60,150,"equal","hbi","1270",0.733333333333333,0.730487412356247,0.716067162651014,0.681782107736023
60,150,"extreme","bf_ps","1270",0.92,0.91992408557626,0.857743097238896,0.882164401771531
60,150,"extreme","psis","1270",0.766666666666667,0.789007129194923,0.607643057222889,0.698251448251448
60,150,"extreme","waic","1270",0.76,0.755534188034188,0.557923169267707,0.636185200078839
60,150,"extreme","hbi","1270",0.873333333333333,0.885201863354037,0.798919567827131,0.804098357540073
120,150,"equal","bf_ps","1270",0.88,0.883124018838305,0.853582485625829,0.862067608405369
120,150,"equal","psis","1270",0.573333333333333,0.722211122211122,0.581560815493772,0.559570079539746
120,150,"equal","waic","1270",0.606666666666667,0.735794030530873,0.597003778321169,0.590387087143735
120,150,"equal","hbi","1270",0.84,0.867516012252854,0.811358871033794,0.820025446075866
120,150,"extreme","bf_ps","1270",0.886666666666667,0.888725490196078,0.837336473050759,0.850770463396001
120,150,"extreme","psis","1270",0.713333333333333,0.683004427577483,0.502728705893263,0.663949066906195
120,150,"extreme","waic","1270",0.733333333333333,0.695612964776179,0.508153660685306,0.675961504477177
120,150,"extreme","hbi","1270",0.813333333333333,0.854210602340026,0.761486132914704,0.760572760572761
60,300,"equal","bf_ps","1270",0.87,0.891365418388124,0.85936704181385,0.859116972648106
60,300,"equal","psis","1270",0.55,0.723991355740448,0.588638397431276,0.511768414042251
60,300,"equal","waic","1270",0.51,0.697812733754288,0.547513586506205,0.475543974229069
60,300,"equal","hbi","1270",0.853333333333333,0.877047893558432,0.839041614345566,0.838929815395333
60,300,"extreme","bf_ps","1270",0.916666666666667,0.899911268855368,0.840362811791383,0.856785225726345
60,300,"extreme","psis","1270",0.726666666666667,0.732354268538479,0.547451963241437,0.588755320516239
60,300,"extreme","waic","1270",0.733333333333333,0.739448302026956,0.534116242988423,0.586304667820771
60,300,"extreme","hbi","1270",0.856666666666667,0.86978306774162,0.773813104189044,0.76953796756281
120,300,"equal","bf_ps","1270",0.89,0.892755868125651,0.881150886928198,0.882466921188726
120,300,"equal","psis","1270",0.57,0.72682988210606,0.5836254564187,0.537825311769438
120,300,"equal","waic","1270",0.59,0.72424115879861,0.598209575841748,0.579192877721168
120,300,"equal","hbi","1270",0.803333333333333,0.833566790352505,0.790519179699852,0.783069671178888
120,300,"extreme","bf_ps","1270",0.913333333333333,0.886674306771159,0.847100542344597,0.851230500513358
120,300,"extreme","psis","1270",0.74,0.696553873140393,0.524429118505393,0.663671749882361
120,300,"extreme","waic","1270",0.743333333333333,0.740749066611136,0.536421957864459,0.576751479746062
120,300,"extreme","hbi","1270",0.86,0.850777314928258,0.78219798557721,0.763784325574673
60,150,"equal","bf_ps","1271",0.846666666666667,0.862365947083555,0.840709109730849,0.839988363766559
60,150,"equal","psis","1271",0.56,0.70895473574045,0.519857738879478,0.492468892529004
60,150,"equal","waic","1271",0.566666666666667,0.709585253456221,0.520675701110484,0.499913748243486
60,150,"equal","hbi","1271",0.806666666666667,0.832752335383914,0.807422046552481,0.803570892865241
60,150,"extreme","bf_ps","1271",0.92,0.933693907460395,0.855309396485867,0.870295525710808
60,150,"extreme","psis","1271",0.733333333333333,0.700476844910878,0.528293389237302,0.692887970276322
60,150,"extreme","waic","1271",0.733333333333333,0.6951221001221,0.516069429886119,0.683525017355797
60,150,"extreme","hbi","1271",0.893333333333333,0.916748126425546,0.803361344537815,0.923167633546934
120,150,"equal","bf_ps","1271",0.793333333333333,0.818448411305554,0.790737347570607,0.792111776244199
120,150,"equal","psis","1271",0.52,0.702372371873651,0.505796552030423,0.475259126650285
120,150,"equal","waic","1271",0.513333333333333,0.690936477506955,0.495012238304933,0.471390062334459
120,150,"equal","hbi","1271",0.773333333333333,0.846908939014202,0.772845980497462,0.767785029644612
120,150,"extreme","bf_ps","1271",0.906666666666667,0.909465534465534,0.827891156462585,0.845461628042303
120,150,"extreme","psis","1271",0.72,0.75133729106608,0.548982798986541,0.621174794040648
120,150,"extreme","waic","1271",0.746666666666667,0.753930097680098,0.543302936680172,0.626788529505921
120,150,"extreme","hbi","1271",0.86,0.870535714285714,0.764945496270797,0.869960964049634
60,300,"equal","bf_ps","1271",0.836666666666667,0.851409672248509,0.83989516161367,0.83668663476089
60,300,"equal","psis","1271",0.53,0.701716607489391,0.516624558079672,0.486183614892886
60,300,"equal","waic","1271",0.523333333333333,0.703439260192589,0.497382994025254,0.460702677739286
60,300,"equal","hbi","1271",0.753333333333333,0.783927091340548,0.758499398495698,0.74124828499667
60,300,"extreme","bf_ps","1271",0.886666666666667,0.890173045345459,0.798763971071663,0.818661523606687
60,300,"extreme","psis","1271",0.703333333333333,0.747937304560617,0.517609142993758,0.51440663046111
60,300,"extreme","waic","1271",0.7,0.746765645701816,0.514428477505401,0.509905758381031
60,300,"extreme","hbi","1271",0.85,0.871299871299871,0.76126301049378,0.769595281057001
120,300,"equal","bf_ps","1271",0.836666666666667,0.898160787649778,0.838632701884582,0.842649447075668
120,300,"equal","psis","1271",0.556666666666667,0.73200773460069,0.543043892198028,0.49561611829158
120,300,"equal","waic","1271",0.553333333333333,0.730839332657136,0.537872684959151,0.502864549678514
120,300,"equal","hbi","1271",0.803333333333333,0.86170442442232,0.806069557009407,0.809029059961853
120,300,"extreme","bf_ps","1271",0.916666666666667,0.885115409800284,0.818094954372172,0.842376092376092
120,300,"extreme","psis","1271",0.7,0.620381504404493,0.467904086128006,0.59875114054351
120,300,"extreme","waic","1271",0.67,0.600224109459778,0.444103331940511,0.55749555967696
120,300,"extreme","hbi","1271",0.883333333333333,0.856905041883483,0.758571144848363,0.765795467272718
60,150,"equal","bf_ps","1272",0.833333333333333,0.863886424134871,0.8352619901007,0.829714592060499
60,150,"equal","psis","1272",0.526666666666667,0.727982482633645,0.539490765918336,0.517155737855691
60,150,"equal","waic","1272",0.52,0.725943646996279,0.527535065763878,0.503943355119826
60,150,"equal","hbi","1272",0.726666666666667,0.704476594455386,0.768391994478951,0.83793809768386
60,150,"extreme","bf_ps","1272",0.906666666666667,0.918591950218456,0.85485103132162,0.871908150692067
60,150,"extreme","psis","1272",0.793333333333333,0.76284907902555,0.69298628542326,0.77066289874509
60,150,"extreme","waic","1272",0.76,0.690120307553143,0.533479125916101,0.699593969249142
60,150,"extreme","hbi","1272",0.873333333333333,0.898373542965573,0.816135545127142,0.823078966044
120,150,"equal","bf_ps","1272",0.826666666666667,0.874263038548753,0.826148251062439,0.814181868565886
120,150,"equal","psis","1272",0.54,0.693983493983494,0.562444608993063,0.544631741244254
120,150,"equal","waic","1272",0.58,0.707782701532702,0.590262846047174,0.588258205597315
120,150,"equal","hbi","1272",0.766666666666667,0.677726574500768,0.759450990110372,0.822902530754559
120,150,"extreme","bf_ps","1272",0.893333333333333,0.897051503528241,0.810526315789474,0.830750965117542
120,150,"extreme","psis","1272",0.693333333333333,0.692637435090995,0.470314453918626,0.537716426005017
120,150,"extreme","waic","1272",0.706666666666667,0.738398415393322,0.507358362391106,0.532920248972503
120,150,"extreme","hbi","1272",0.86,0.881829840369883,0.772932330827068,0.777534809910586
60,300,"equal","bf_ps","1272",0.79,0.849898177219606,0.804911923860148,0.792191367437721
60,300,"equal","psis","1272",0.516666666666667,0.705088724452992,0.531007646582909,0.494391497340993
60,300,"equal","waic","1272",0.513333333333333,0.706668646668647,0.521633192910736,0.48978325998101
60,300,"equal","hbi","1272",0.733333333333333,0.782517006802721,0.745360433311097,0.717249241352864
60,300,"extreme","bf_ps","1272",0.9,0.900798770665746,0.827735046587805,0.847241924775282
60,300,"extreme","psis","1272",0.733333333333333,0.745430432734917,0.553106776307361,0.539387240010442
60,300,"extreme","waic","1272",0.716666666666667,0.732463389848904,0.535914444829315,0.523947925750826
60,300,"extreme","hbi","1272",0.856666666666667,0.872999669821704,0.778384397237156,0.790277002420526
120,300,"equal","bf_ps","1272",0.82,0.883306884123544,0.821060749881348,0.82001649960982
120,300,"equal","psis","1272",0.496666666666667,0.676452894562283,0.498860939724727,0.457777237927145
120,300,"equal","waic","1272",0.49,0.666005944985089,0.490142646205769,0.452907476049824
120,300,"equal","hbi","1272",0.776666666666667,0.84041376811449,0.776117966566472,0.761423614538654
120,300,"extreme","bf_ps","1272",0.923333333333333,0.904948541566683,0.831394096099978,0.855962609772639
120,300,"extreme","psis","1272",0.763333333333333,0.664818161889924,0.523723335488041,0.654080871613825
120,300,"extreme","waic","1272",0.753333333333333,0.709912634408602,0.528718666953961,0.572518976572922
120,300,"extreme","hbi","1272",0.893333333333333,0.886516118474881,0.787330316742081,0.805545155124987
60,150,"equal","bf_ps","1273",0.853333333333333,0.910894430235862,0.851426689154884,0.861216435834376
60,150,"equal","psis","1273",0.54,0.731870312227455,0.54300530999314,0.520628578843589
60,150,"equal","waic","1273",0.546666666666667,0.750170068027211,0.545327606433083,0.516905387527859
60,150,"equal","hbi","1273",0.833333333333333,0.898535123269166,0.830627564907484,0.839508611689063
60,150,"extreme","bf_ps","1273",0.906666666666667,0.905230208025239,0.827619047619048,0.855971368167112
60,150,"extreme","psis","1273",0.766666666666667,0.74040404040404,0.568627450980392,0.650973730760965
60,150,"extreme","waic","1273",0.76,0.714804581735463,0.544621848739496,0.629779942279942
60,150,"extreme","hbi","1273",0.866666666666667,0.871133805404322,0.774761904761905,0.798123361076274
120,150,"equal","bf_ps","1273",0.913333333333333,0.913036800927267,0.911494708994709,0.911397649969079
120,150,"equal","psis","1273",0.6,0.745723546034292,0.581464646464646,0.540503692977561
120,150,"equal","waic","1273",0.6,0.737008506443722,0.589095719095719,0.56855277227948
120,150,"equal","hbi","1273",0.806666666666667,0.852356813693219,0.81781746031746,0.802274108869854
120,150,"extreme","bf_ps","1273",0.926666666666667,0.944046353032528,0.826530612244898,0.864350293100423
120,150,"extreme","psis","1273",0.726666666666667,0.638915989159892,0.464591836734694,0.60604826546003
120,150,"extreme","waic","1273",0.72,0.684688644688645,0.481753246753247,0.631482769985718
120,150,"extreme","hbi","1273",0.9,0.892404087140929,0.779387755102041,0.802833539188409
60,300,"equal","bf_ps","1273",0.876666666666667,0.907921261631038,0.885585862251878,0.883446712018141
60,300,"equal","psis","1273",0.59,0.755284526592516,0.580590618816142,0.536736723286178
60,300,"equal","waic","1273",0.573333333333333,0.749654788223322,0.564150709519089,0.518722094042019
60,300,"equal","hbi","1273",0.833333333333333,0.860600823907276,0.837367811151278,0.838743115007545
60,300,"extreme","bf_ps","1273",0.91,0.911443932411674,0.820798538851277,0.850873319346226
60,300,"extreme","psis","1273",0.766666666666667,0.69072692361178,0.537963147641502,0.695138939618561
60,300,"extreme","waic","1273",0.756666666666667,0.684429080993238,0.502280894444657,0.659894467058646
60,300,"extreme","hbi","1273",0.9,0.894226794802242,0.799223585538111,0.824008343708578
120,300,"equal","bf_ps","1273",0.86,0.902700378396973,0.860694464731732,0.863358784944727
120,300,"equal","psis","1273",0.52,0.710956376233535,0.51507802672399,0.477799626301573
120,300,"equal","waic","1273",0.526666666666667,0.714719418179061,0.519883322057235,0.476354417102706
120,300,"equal","hbi","1273",0.783333333333333,0.849330866112277,0.789370163904325,0.784252308366819
120,300,"extreme","bf_ps","1273",0.936666666666667,0.939538910151267,0.854511278195489,0.885850255419727
120,300,"extreme","psis","1273",0.753333333333333,0.723986048185067,0.535965118184881,0.598642366084952
120,300,"extreme","waic","1273",0.703333333333333,0.683942001628544,0.492525101778436,0.544220938101931
120,300,"extreme","hbi","1273",0.886666666666667,0.894038668098818,0.77353112076939,0.786402138718293
60,150,"equal","bf_ps","1274",0.833333333333333,0.864459017684824,0.83183655543904,0.828473472541269
60,150,"equal","psis","1274",0.56,0.706805813234385,0.570195298145609,0.510360440638414
60,150,"equal","waic","1274",0.566666666666667,0.714326076006369,0.570034416928827,0.511934706577301
60,150,"equal","hbi","1274",0.8,0.71981351981352,0.774161759565486,0.86071546588788
60,150,"extreme","bf_ps","1274",0.953333333333333,0.943197653098643,0.878205128205128,0.901841821079955
60,150,"extreme","psis","1274",0.766666666666667,0.701640724201395,0.676598203383918,0.709864495301544
60,150,"extreme","waic","1274",0.78,0.683775363804058,0.65037938252224,0.693832603710652
60,150,"extreme","hbi","1274",0.906666666666667,0.868884927708457,0.788461538461538,0.786204850361197
120,150,"equal","bf_ps","1274",0.833333333333333,0.893037789278391,0.835034013605442,0.828703232692465
120,150,"equal","psis","1274",0.566666666666667,0.713068181818182,0.564977101951892,0.525355091366393
120,150,"equal","waic","1274",0.58,0.716499554367201,0.57885265217198,0.554011095329623
120,150,"equal","hbi","1274",0.806666666666667,0.874860350092548,0.807823129251701,0.793995312362247
120,150,"extreme","bf_ps","1274",0.94,0.90970154069533,0.874263038548753,0.886983254840398
120,150,"extreme","psis","1274",0.733333333333333,0.656458860516832,0.524987676229912,0.641376308599539
120,150,"extreme","waic","1274",0.74,0.722440727345791,0.56931874198955,0.60826415770911
120,150,"extreme","hbi","1274",0.88,0.875217391304348,0.791043083900227,0.770877931592217
60,300,"equal","bf_ps","1274",0.85,0.882070393374741,0.849632062038077,0.851576407438964
60,300,"equal","psis","1274",0.53,0.695965330033067,0.536413667805813,0.473309931144393
60,300,"equal","waic","1274",0.51,0.680660247970156,0.517893086624698,0.464173869737748
60,300,"equal","hbi","1274",0.82,0.851280465713565,0.816346708129737,0.809765291397945
60,300,"extreme","bf_ps","1274",0.933333333333333,0.88857057974705,0.868911236625798,0.873534031191933
60,300,"extreme","psis","1274",0.756666666666667,0.725100394385107,0.562929696468751,0.611381335584309
60,300,"extreme","waic","1274",0.71,0.630404725992961,0.487878036460486,0.61110219845514
60,300,"extreme","hbi","1274",0.85,0.67162702791703,0.617478991596639,0.686283990241129
120,300,"equal","bf_ps","1274",0.85,0.89309785436653,0.839420754751765,0.847523627222289
120,300,"equal","psis","1274",0.546666666666667,0.7112573700809,0.542272274763564,0.479148706499608
120,300,"equal","waic","1274",0.543333333333333,0.709972245469203,0.542961995096141,0.486872240898161
120,300,"equal","hbi","1274",0.796666666666667,0.868694037711124,0.777213649687517,0.771059006018759
120,300,"extreme","bf_ps","1274",0.946666666666667,0.926645112440986,0.871553884711779,0.891756760555462
120,300,"extreme","psis","1274",0.77,0.723395416663871,0.556172973203084,0.596129408681012
120,300,"extreme","waic","1274",0.763333333333333,0.747961262427049,0.554453366396461,0.527164924727097
120,300,"extreme","hbi","1274",0.89,0.880220764677652,0.782031631201964,0.77542095619655
60,150,"equal","bf_ps","1275",0.826666666666667,0.86231260224448,0.842063372031612,0.832280749104104
60,150,"equal","psis","1275",0.573333333333333,0.71990231990232,0.556415806895454,0.507528832904773
60,150,"equal","waic","1275",0.56,0.664506835651,0.54018962293528,0.554472733113512
60,150,"equal","hbi","1275",0.82,0.866947466947467,0.813150932887775,0.811450592513649
60,150,"extreme","bf_ps","1275",0.886666666666667,0.895399117093646,0.813229231086374,0.829486090871621
60,150,"extreme","psis","1275",0.7,0.620041230910796,0.45252009894867,0.604876764693535
60,150,"extreme","waic","1275",0.68,0.606798756798757,0.431091527520099,0.574747578842593
60,150,"extreme","hbi","1275",0.846666666666667,0.855669537318474,0.762363430220573,0.868972729804868
120,150,"equal","bf_ps","1275",0.866666666666667,0.858988129664821,0.826764254088732,0.831449195424351
120,150,"equal","psis","1275",0.52,0.692829962173549,0.544579804626565,0.50954289101578
120,150,"equal","waic","1275",0.473333333333333,0.652831847523318,0.488526192114563,0.474333491031183
120,150,"equal","hbi","1275",0.846666666666667,0.849886621315193,0.807660160838529,0.807672311348782
120,150,"extreme","bf_ps","1275",0.86,0.827606421356421,0.774326668189847,0.790350554636269
120,150,"extreme","psis","1275",0.653333333333333,0.705022188086704,0.493634579147658,0.585610766045549
120,150,"extreme","waic","1275",0.62,0.689998563527975,0.459147436511622,0.545651596646445
120,150,"extreme","hbi","1275",0.793333333333333,0.817830340391316,0.709133924425675,0.729605542700172
60,300,"equal","bf_ps","1275",0.803333333333333,0.85037013781775,0.81043956043956,0.795562289036364
60,300,"equal","psis","1275",0.456666666666667,0.661186041213215,0.468366621558111,0.429398922955624
60,300,"equal","waic","1275",0.436666666666667,0.652914288320692,0.447913965467157,0.403166264288833
60,300,"equal","hbi","1275",0.76,0.789845650328745,0.742889055389055,0.706239502756279
60,300,"extreme","bf_ps","1275",0.91,0.907734452410095,0.836507936507937,0.857714959627634
60,300,"extreme","psis","1275",0.71,0.779361894730826,0.549844776035252,0.535991033625334
60,300,"extreme","waic","1275",0.703333333333333,0.731835601848378,0.505206698063841,0.573511656222885
60,300,"extreme","hbi","1275",0.886666666666667,0.89064856451055,0.805189255189255,0.820861427166737
120,300,"equal","bf_ps","1275",0.833333333333333,0.886215538847118,0.825926551473982,0.822750023125718
120,300,"equal","psis","1275",0.486666666666667,0.683534464205134,0.5157265301649,0.492717974216602
120,300,"equal","waic","1275",0.52,0.700648944890371,0.535519161017872,0.533023055375997
120,300,"equal","hbi","1275",0.79,0.826443397871969,0.768050979656057,0.76727689564557
120,300,"extreme","bf_ps","1275",0.913333333333333,0.902779183962742,0.834863945578231,0.854833385325897
120,300,"extreme","psis","1275",0.74,0.671054065165999,0.509712358446919,0.655732992069366
120,300,"extreme","waic","1275",0.703333333333333,0.647197936328949,0.487316212689753,0.612404152965534
120,300,"extreme","hbi","1275",0.876666666666667,0.868354485548669,0.793402885719832,0.800784274958491
60,150,"equal","bf_ps","1276",0.786666666666667,0.875754376985904,0.778861544617847,0.768110211117414
60,150,"equal","psis","1276",0.546666666666667,0.716128170075539,0.529384720395335,0.518033264792413
60,150,"equal","waic","1276",0.506666666666667,0.682942142779556,0.481418979074884,0.471599020779349
60,150,"equal","hbi","1276",0.74,0.773809523809524,0.729541816726691,0.703936893906499
60,150,"extreme","bf_ps","1276",0.893333333333333,0.881818309404516,0.819178039090297,0.835251023486318
60,150,"extreme","psis","1276",0.706666666666667,0.627283183804923,0.49678471083657,0.630275477276701
60,150,"extreme","waic","1276",0.686666666666667,0.625402399765877,0.485358571496602,0.612151808091658
60,150,"extreme","hbi","1276",0.846666666666667,0.879846344132058,0.756678039090297,0.749416057149677
120,150,"equal","bf_ps","1276",0.826666666666667,0.889916018223957,0.823526473526474,0.826598395460012
120,150,"equal","psis","1276",0.533333333333333,0.701472345920676,0.539727064915035,0.498999666012268
120,150,"equal","waic","1276",0.533333333333333,0.690217391304348,0.538572392519761,0.512373598087884
120,150,"equal","hbi","1276",0.78,0.841474973827915,0.785365824651539,0.766318977831352
120,150,"extreme","bf_ps","1276",0.946666666666667,0.925518925518926,0.880174927113703,0.89211022480058
120,150,"extreme","psis","1276",0.78,0.737967604195674,0.698566569484937,0.730677351983781
120,150,"extreme","waic","1276",0.746666666666667,0.726359898798229,0.682288629737609,0.707493028433986
120,150,"extreme","hbi","1276",0.9,0.913294252916894,0.8,0.798207282913165
60,300,"equal","bf_ps","1276",0.816666666666667,0.877224518499383,0.819841303148757,0.815322240717335
60,300,"equal","psis","1276",0.5,0.688866425507501,0.493959488136507,0.449382894202457
60,300,"equal","waic","1276",0.473333333333333,0.624066032073219,0.46610121454842,0.487712585982185
60,300,"equal","hbi","1276",0.75,0.793099971377432,0.754989400952134,0.717530168793239
60,300,"extreme","bf_ps","1276",0.913333333333333,0.927862394957983,0.819047619047619,0.852039015637278
60,300,"extreme","psis","1276",0.746666666666667,0.711141783605552,0.502725061583801,0.569009015257595
60,300,"extreme","waic","1276",0.74,0.708271897152867,0.486670950757144,0.558646933828422
60,300,"extreme","hbi","1276",0.856666666666667,0.871574779165397,0.734972170686456,0.755635355756503
120,300,"equal","bf_ps","1276",0.816666666666667,0.885884804850322,0.819254697530364,0.816980928118623
120,300,"equal","psis","1276",0.503333333333333,0.688341061713517,0.501751530682841,0.445737967368757
120,300,"equal","waic","1276",0.516666666666667,0.68800252191072,0.515584022567461,0.48029487963071
120,300,"equal","hbi","1276",0.773333333333333,0.846881045451826,0.778077620639001,0.765718087053387
120,300,"extreme","bf_ps","1276",0.926666666666667,0.913063121461768,0.849819927971188,0.866381265896664
120,300,"extreme","psis","1276",0.733333333333333,0.71027665317139,0.535362260846368,0.680996400014913
120,300,"extreme","waic","1276",0.756666666666667,0.742354190742739,0.55179579078008,0.597805831024645
120,300,"extreme","hbi","1276",0.883333333333333,0.866210739614995,0.800965023690636,0.800345122037999
60,150,"equal","bf_ps","1277",0.82,0.845523524094953,0.796756176154672,0.79711315560707
60,150,"equal","psis","1277",0.52,0.686759502955516,0.5414918632988,0.514324219998155
60,150,"equal","waic","1277",0.466666666666667,0.656977942692228,0.495812688403035,0.453094685597872
60,150,"equal","hbi","1277",0.766666666666667,0.775337306371789,0.733490870032223,0.7100148430768
60,150,"extreme","bf_ps","1277",0.906666666666667,0.87179802955665,0.815718157181572,0.831360191799752
60,150,"extreme","psis","1277",0.746666666666667,0.708825681360893,0.574645930917708,0.626925770308123
60,150,"extreme","waic","1277",0.686666666666667,0.688115560909679,0.541512977924128,0.579127420198849
60,150,"extreme","hbi","1277",0.84,0.833190654538969,0.779218942110928,0.745728617625341
120,150,"equal","bf_ps","1277",0.853333333333333,0.890779137742053,0.858939473225187,0.853041045964646
120,150,"equal","psis","1277",0.58,0.726098047914818,0.585690110502141,0.585783763956033
120,150,"equal","waic","1277",0.626666666666667,0.732631984417699,0.626013140298855,0.632160145405237
120,150,"equal","hbi","1277",0.84,0.879705215419501,0.848341090822294,0.843069733955485
120,150,"extreme","bf_ps","1277",0.933333333333333,0.892232767232767,0.908819668218164,0.879933495094251
120,150,"extreme","psis","1277",0.733333333333333,0.711248917748918,0.547053510399375,0.672547817996285
120,150,"extreme","waic","1277",0.726666666666667,0.737789225279153,0.537075914895464,0.664876498627763
120,150,"extreme","hbi","1277",0.886666666666667,0.87991718426501,0.831543143573219,0.8145029573601
60,300,"equal","bf_ps","1277",0.846666666666667,0.871514344943155,0.844079055650241,0.841145102810295
60,300,"equal","psis","1277",0.523333333333333,0.69507560530563,0.540543875439751,0.484318367738029
60,300,"equal","waic","1277",0.483333333333333,0.615711834056347,0.498566306132549,0.510826611811834
60,300,"equal","hbi","1277",0.736666666666667,0.688718118826478,0.740825142160123,0.814649204164566
60,300,"extreme","bf_ps","1277",0.9,0.843850804961341,0.864477577865002,0.830922498728451
60,300,"extreme","psis","1277",0.74,0.69268827656993,0.564776129887692,0.612677904745106
60,300,"extreme","waic","1277",0.73,0.684961356953094,0.552934810287751,0.600903239369067
60,300,"extreme","hbi","1277",0.82,0.672243125049248,0.764360644989448,0.807034967819458
120,300,"equal","bf_ps","1277",0.816666666666667,0.866278434048646,0.831219615438885,0.819419773107082
120,300,"equal","psis","1277",0.546666666666667,0.72520405761149,0.552892382329719,0.512015537627771
120,300,"equal","waic","1277",0.523333333333333,0.720626363123974,0.526390440365135,0.488130128963173
120,300,"equal","hbi","1277",0.786666666666667,0.839523978956464,0.806779204453623,0.790944012861821
120,300,"extreme","bf_ps","1277",0.933333333333333,0.900947759817136,0.871858996407552,0.874483199492022
120,300,"extreme","psis","1277",0.753333333333333,0.764429365344338,0.563256218348327,0.524849622325499
120,300,"extreme","waic","1277",0.75,0.721195457170862,0.549080934960867,0.573549168176234
120,300,"extreme","hbi","1277",0.863333333333333,0.823683341065373,0.769429594414196,0.747146291779045
60,150,"equal","bf_ps","1278",0.84,0.891156462585034,0.833235653235653,0.837121884326853
60,150,"equal","psis","1278",0.566666666666667,0.716408603879891,0.601197009618062,0.538671760570257
60,150,"equal","waic","1278",0.506666666666667,0.69154286220417,0.54236360131097,0.470074403670045
60,150,"equal","hbi","1278",0.74,0.786802721088435,0.750818070818071,0.816130771823391
60,150,"extreme","bf_ps","1278",0.913333333333333,0.860754985754986,0.819369129895446,0.823481116584565
60,150,"extreme","psis","1278",0.74,0.634184289605976,0.592805245436824,0.638343722554249
60,150,"extreme","waic","1278",0.733333333333333,0.630880230880231,0.579337231968811,0.624396399250284
60,150,"extreme","hbi","1278",0.853333333333333,0.8427624872579,0.747510189615453,0.72641043596926
120,150,"equal","bf_ps","1278",0.9,0.905242905242905,0.879434850863422,0.885596439928125
120,150,"equal","psis","1278",0.626666666666667,0.751363667153141,0.634980495694781,0.612859140749879
120,150,"equal","waic","1278",0.626666666666667,0.744697177116461,0.631152656866943,0.620188055671927
120,150,"equal","hbi","1278",0.813333333333333,0.852645338532435,0.790952380952381,0.789495477824997
120,150,"extreme","bf_ps","1278",0.953333333333333,0.940284178187404,0.910364145658263,0.921571179405788
120,150,"extreme","psis","1278",0.813333333333333,0.780448717948718,0.623522866238174,0.684335528521475
120,150,"extreme","waic","1278",0.84,0.800082041721875,0.647541755669863,0.708924980137805
120,150,"extreme","hbi","1278",0.913333333333333,0.908852888234332,0.862136158811351,0.864490527393753
60,300,"equal","bf_ps","1278",0.82,0.847768540418964,0.81335749841102,0.810945117346583
60,300,"equal","psis","1278",0.496666666666667,0.669283604914834,0.499886018846868,0.46075119629569
60,300,"equal","waic","1278",0.486666666666667,0.666585083155673,0.491008448882449,0.456003825283478
60,300,"equal","hbi","1278",0.806666666666667,0.867161199130509,0.787340708716419,0.790149330166726
60,300,"extreme","bf_ps","1278",0.933333333333333,0.90597318911455,0.858309893604011,0.876639956415431
60,300,"extreme","psis","1278",0.786666666666667,0.72415674464192,0.578529763823881,0.626682010433762
60,300,"extreme","waic","1278",0.76,0.70144437138108,0.534278069572187,0.591575723089902
60,300,"extreme","hbi","1278",0.886666666666667,0.875641025641026,0.799486364192247,0.801146831810447
120,300,"equal","bf_ps","1278",0.846666666666667,0.879751147256071,0.856405719910703,0.845860330395735
120,300,"equal","psis","1278",0.54,0.706885878551164,0.548814699996223,0.485534405737558
120,300,"equal","waic","1278",0.553333333333333,0.708279440808582,0.557719800933733,0.514298500244028
120,300,"equal","hbi","1278",0.826666666666667,0.884537343696238,0.809423834133136,0.811532061322069
120,300,"extreme","bf_ps","1278",0.933333333333333,0.914478849010869,0.879949090277408,0.891696989212059
120,300,"extreme","psis","1278",0.75,0.736294796821113,0.543201212831856,0.596391106296333
120,300,"extreme","waic","1278",0.763333333333333,0.738998604812082,0.540357157662219,0.596691612481086
120,300,"extreme","hbi","1278",0.85,0.817429704122086,0.756681530963337,0.734975770336201
60,150,"equal","bf_ps","1279",0.826666666666667,0.87359410430839,0.838775510204082,0.832726792956972
60,150,"equal","psis","1279",0.613333333333333,0.742719193143371,0.595614035087719,0.572019175436864
60,150,"equal","waic","1279",0.586666666666667,0.731763319578446,0.566630862871464,0.538913911091159
60,150,"equal","hbi","1279",0.84,0.881415343915344,0.833297529538131,0.819155354449472
60,150,"extreme","bf_ps","1279",0.946666666666667,0.925572166851237,0.88638147566719,0.897315717171925
60,150,"extreme","psis","1279",0.726666666666667,0.748480699008868,0.586823774519277,0.637341282348122
60,150,"extreme","waic","1279",0.733333333333333,0.720780809016103,0.59450759148806,0.647866305059365
60,150,"extreme","hbi","1279",0.88,0.74117730095991,0.777972493345164,0.880502857385008
120,150,"equal","bf_ps","1279",0.853333333333333,0.903025210084034,0.851257166065927,0.848214285714286
120,150,"equal","psis","1279",0.52,0.712399635074559,0.543835081775585,0.493785014751057
120,150,"equal","waic","1279",0.546666666666667,0.699148890325361,0.5693476586252,0.529207391768968
120,150,"equal","hbi","1279",0.786666666666667,0.858120276935608,0.786344507985567,0.773236717546645
120,150,"extreme","bf_ps","1279",0.933333333333333,0.899616256759114,0.878505788280224,0.885802301853666
120,150,"extreme","psis","1279",0.706666666666667,0.733592132505176,0.518391627673453,0.57156704569973
120,150,"extreme","waic","1279",0.72,0.72640673245512,0.511354329995761,0.560501732334413
120,150,"extreme","hbi","1279",0.84,0.85444171080817,0.78499615212086,0.752834467120181
60,300,"equal","bf_ps","1279",0.833333333333333,0.871327394455818,0.833729144135901,0.830972461407244
60,300,"equal","psis","1279",0.58,0.732116197433769,0.594577269405165,0.5389297994267
60,300,"equal","waic","1279",0.563333333333333,0.719270302874731,0.578415629858063,0.529713704736313
60,300,"equal","hbi","1279",0.753333333333333,0.691214345574811,0.750602671725654,0.823757749063074
60,300,"extreme","bf_ps","1279",0.9,0.879836880988955,0.815739815739816,0.828689099337827
60,300,"extreme","psis","1279",0.723333333333333,0.729917386450962,0.533397222932107,0.581095797961286
60,300,"extreme","waic","1279",0.736666666666667,0.73282351177088,0.534064643366969,0.587890670327946
60,300,"extreme","hbi","1279",0.873333333333333,0.865477154424523,0.781107781107781,0.774447886955676
120,300,"equal","bf_ps","1279",0.873333333333333,0.913852813852814,0.873975636766334,0.872422710615106
120,300,"equal","psis","1279",0.57,0.735271979564217,0.579878584200518,0.538818322802936
120,300,"equal","waic","1279",0.556666666666667,0.730192019868986,0.567140978132554,0.529049579463465
120,300,"equal","hbi","1279",0.803333333333333,0.847774526967074,0.808361376687969,0.798165876961888
120,300,"extreme","bf_ps","1279",0.93,0.894815921009312,0.879857071033542,0.875342355585885
120,300,"extreme","psis","1279",0.76,0.779676683066514,0.570272211448682,0.627500559385936
120,300,"extreme","waic","1279",0.77,0.774607434663476,0.563046757164404,0.621915841428146
120,300,"extreme","hbi","1279",0.88,0.867348436072888,0.826987718164189,0.804254078600137
60,150,"equal","bf_ps","1280",0.866666666666667,0.896243842364532,0.872795757509716,0.86681808566307
60,150,"equal","psis","1280",0.586666666666667,0.7415027605245,0.59666536942771,0.543467683724207
60,150,"equal","waic","1280",0.56,0.721334767817822,0.57004602603818,0.514441365807825
60,150,"equal","hbi","1280",0.853333333333333,0.863888029959459,0.862332331864859,0.853177793944344
60,150,"extreme","bf_ps","1280",0.906666666666667,0.850351422033344,0.867265087853323,0.82088162733324
60,150,"extreme","psis","1280",0.74,0.652929672666515,0.580538159319672,0.572177731805844
60,150,"extreme","waic","1280",0.74,0.586291486291486,0.549695052846313,0.608297258297258
60,150,"extreme","hbi","1280",0.866666666666667,0.827328248598237,0.823678422417918,0.739332764874561
120,150,"equal","bf_ps","1280",0.88,0.915413533834586,0.86525974025974,0.869711155425441
120,150,"equal","psis","1280",0.566666666666667,0.7238225842877,0.590649350649351,0.540525603132581
120,150,"equal","waic","1280",0.593333333333333,0.731010591475708,0.601601731601732,0.570698909340936
120,150,"equal","hbi","1280",0.82,0.8719508398325,0.778593073593074,0.766983313541504
120,150,"extreme","bf_ps","1280",0.933333333333333,0.941213271778056,0.854359925788497,0.873891166963312
120,150,"extreme","psis","1280",0.726666666666667,0.672129186602871,0.492848574259934,0.627951137444225
120,150,"extreme","waic","1280",0.726666666666667,0.667276572340016,0.486767105527863,0.619843522348235
120,150,"extreme","hbi","1280",0.873333333333333,0.902446390818484,0.771006102331404,0.751741298994046
60,300,"equal","bf_ps","1280",0.85,0.885575210230383,0.841144846818824,0.845374950562381
60,300,"equal","psis","1280",0.533333333333333,0.696750214500619,0.542742205117983,0.494227239623927
60,300,"equal","waic","1280",0.536666666666667,0.702697190874573,0.548082417533879,0.497284146692845
60,300,"equal","hbi","1280",0.773333333333333,0.713381101656964,0.752294123333747,0.839420208957531
60,300,"extreme","bf_ps","1280",0.936666666666667,0.921225867396139,0.870087782587783,0.887562201803149
60,300,"extreme","psis","1280",0.743333333333333,0.726743285305841,0.549579454936598,0.519004781137347
60,300,"extreme","waic","1280",0.753333333333333,0.68235943154841,0.531097936455079,0.571077170862539
60,300,"extreme","hbi","1280",0.853333333333333,0.725310245310245,0.73372520336806,0.841934554189456
120,300,"equal","bf_ps","1280",0.896666666666667,0.918877551020408,0.891528977006463,0.897170058165152
120,300,"equal","psis","1280",0.603333333333333,0.739801487943903,0.607674058386577,0.550341742895118
120,300,"equal","waic","1280",0.6,0.737716857077759,0.601483582196101,0.551707591095628
120,300,"equal","hbi","1280",0.836666666666667,0.871359182764572,0.821190451200347,0.822532334045386
120,300,"extreme","bf_ps","1280",0.94,0.900308025308025,0.876289113918803,0.878509928272493
120,300,"extreme","psis","1280",0.753333333333333,0.636629974439822,0.540890175267669,0.654947213882063
120,300,"extreme","waic","1280",0.743333333333333,0.623980350287628,0.5244724349872,0.628162703535709
120,300,"extreme","hbi","1280",0.903333333333333,0.879151870391763,0.811946710290685,0.808757756005462
60,150,"equal","bf_ps","1281",0.826666666666667,0.872541743970315,0.819007327068759,0.818713441770945
60,150,"equal","psis","1281",0.506666666666667,0.692648432216097,0.510395762330671,0.462979834791059
60,150,"equal","waic","1281",0.48,0.687236806449643,0.49456522684969,0.429449667490349
60,150,"equal","hbi","1281",0.826666666666667,0.857145789350223,0.822484580038912,0.823502050337403
60,150,"extreme","bf_ps","1281",0.933333333333333,0.887135456189165,0.792857142857143,0.821151771053249
60,150,"extreme","psis","1281",0.746666666666667,0.725976099251961,0.537248734080098,0.629788135990182
60,150,"extreme","waic","1281",0.733333333333333,0.581301443654385,0.446179223569127,0.569015114595106
60,150,"extreme","hbi","1281",0.906666666666667,0.875757575757576,0.776785714285714,0.802096932211753
120,150,"equal","bf_ps","1281",0.86,0.916512059369202,0.804166666666667,0.820795415033396
120,150,"equal","psis","1281",0.526666666666667,0.712699581120634,0.521155128718154,0.484440273629222
120,150,"equal","waic","1281",0.546666666666667,0.714175312235657,0.556238050775866,0.52136629256016
120,150,"equal","hbi","1281",0.833333333333333,0.897959183673469,0.756547619047619,0.751356012408644
120,150,"extreme","bf_ps","1281",0.926666666666667,0.892115599411203,0.85,0.849481658692185
120,150,"extreme","psis","1281",0.74,0.681087719298246,0.547517999242137,0.647380670315086
120,150,"extreme","waic","1281",0.76,0.770632651287784,0.573872679045093,0.565019677708327
120,150,"extreme","hbi","1281",0.846666666666667,0.830978798878073,0.755507136541619,0.815231507622812
60,300,"equal","bf_ps","1281",0.84,0.873819638213344,0.820338896423757,0.825642797950827
60,300,"equal","psis","1281",0.513333333333333,0.683689013048619,0.52666950106453,0.468145800972703
60,300,"equal","waic","1281",0.483333333333333,0.670473194739788,0.500837046312417,0.444458775073665
60,300,"equal","hbi","1281",0.82,0.849541937987316,0.795391226132375,0.79836881787545
60,300,"extreme","bf_ps","1281",0.906666666666667,0.839963180540323,0.767657441764585,0.790296860726536
60,300,"extreme","psis","1281",0.726666666666667,0.707970106518097,0.459629144450573,0.524972171460806
60,300,"extreme","waic","1281",0.72,0.66489451276404,0.415044021294021,0.489921201571679
60,300,"extreme","hbi","1281",0.85,0.709044798824052,0.702330252330252,0.80250296282905
120,300,"equal","bf_ps","1281",0.86,0.892638231917685,0.844548457651748,0.851886960821074
120,300,"equal","psis","1281",0.496666666666667,0.679686334303837,0.505960595238463,0.448672268085971
120,300,"equal","waic","1281",0.513333333333333,0.680484124585695,0.528530181586734,0.482927266374349
120,300,"equal","hbi","1281",0.826666666666667,0.859121888239692,0.804330995893905,0.804967954809418
120,300,"extreme","bf_ps","1281",0.94,0.910766434233268,0.855961243058017,0.873841333782136
120,300,"extreme","psis","1281",0.776666666666667,0.689127816627817,0.539956684537422,0.681050301409427
120,300,"extreme","waic","1281",0.763333333333333,0.67142620770926,0.511767482435176,0.657087501028336
120,300,"extreme","hbi","1281",0.9,0.885455218356773,0.803667113625038,0.814306633628751
60,150,"equal","bf_ps","1282",0.84,0.862341735325606,0.841084854994629,0.841309050368284
60,150,"equal","psis","1282",0.506666666666667,0.686355311355311,0.511754385964912,0.470761824543337
60,150,"equal","waic","1282",0.473333333333333,0.673917748917749,0.477769423558897,0.433019025085686
60,150,"equal","hbi","1282",0.8,0.833957458581519,0.807921589688507,0.792067702912651
60,150,"extreme","bf_ps","1282",0.926666666666667,0.881362135497474,0.827838827838828,0.847632758801353
60,150,"extreme","psis","1282",0.733333333333333,0.640824665418487,0.482426303854875,0.621617376775272
60,150,"extreme","waic","1282",0.706666666666667,0.622528640441684,0.486612593755451,0.598109897995648
60,150,"extreme","hbi","1282",0.9,0.869520030234316,0.78021978021978,0.797847231135641
120,150,"equal","bf_ps","1282",0.846666666666667,0.878308178308178,0.859006734006734,0.858769081795398
120,150,"equal","psis","1282",0.593333333333333,0.771891185553425,0.58020683020683,0.554114237186361
120,150,"equal","waic","1282",0.6,0.774381500852089,0.587361712361712,0.574182183889776
120,150,"equal","hbi","1282",0.786666666666667,0.858333333333333,0.812590187590188,0.792901181039437
120,150,"extreme","bf_ps","1282",0.94,0.948466213543352,0.888278388278388,0.910399124684839
120,150,"extreme","psis","1282",0.793333333333333,0.754600574406978,0.582255892849793,0.756528091455978
120,150,"extreme","waic","1282",0.786666666666667,0.746954694921447,0.533469740532341,0.714297844642672
120,150,"extreme","hbi","1282",0.906666666666667,0.948773448773449,0.837519623233909,0.865245744737551
60,300,"equal","bf_ps","1282",0.853333333333333,0.876116451892896,0.86182770481551,0.858785401938144
60,300,"equal","psis","1282",0.583333333333333,0.702290072256075,0.561661407697993,0.590270294838449
60,300,"equal","waic","1282",0.556666666666667,0.687726471059804,0.534033040130601,0.555611412388906
60,300,"equal","hbi","1282",0.79,0.84433674237941,0.80681005985884,0.794569404200223
60,300,"extreme","bf_ps","1282",0.91,0.877009794982919,0.838186889388262,0.846015715968575
60,300,"extreme","psis","1282",0.73,0.697300158470371,0.552086439222758,0.586212420327501
60,300,"extreme","waic","1282",0.7,0.714337579328675,0.55487807931417,0.582978735782193
60,300,"extreme","hbi","1282",0.866666666666667,0.856231940102908,0.76218042064724,0.741923828150741
120,300,"equal","bf_ps","1282",0.826666666666667,0.87547633766821,0.846373174592835,0.842320507645243
120,300,"equal","psis","1282",0.583333333333333,0.740776376318994,0.547727587628897,0.520935263518748
120,300,"equal","waic","1282",0.566666666666667,0.735192088890063,0.529192614325505,0.516690283071232
120,300,"equal","hbi","1282",0.776666666666667,0.839675232194191,0.801153019347274,0.794913476527961
120,300,"extreme","bf_ps","1282",0.916666666666667,0.895240943267259,0.836269113908865,0.859478393328882
120,300,"extreme","psis","1282",0.77,0.675129431971537,0.538528552193148,0.691619297129384
120,300,"extreme","waic","1282",0.77,0.725713901145671,0.557209664041962,0.610376472377159
120,300,"extreme","hbi","1282",0.89,0.892432424391187,0.784038735591531,0.803097269669211
60,150,"equal","bf_ps","1283",0.873333333333333,0.87901819034824,0.846007063112326,0.850516674425781
60,150,"equal","psis","1283",0.526666666666667,0.672271062271062,0.537545161605312,0.474929480257109
60,150,"equal","waic","1283",0.466666666666667,0.637515817515818,0.48490137681867,0.406504539937823
60,150,"equal","hbi","1283",0.773333333333333,0.82015306122449,0.751395534290271,0.729852531871165
60,150,"extreme","bf_ps","1283",0.9,0.90609243697479,0.778776737967914,0.81326148796968
60,150,"extreme","psis","1283",0.753333333333333,0.681091368725172,0.581240011678653,0.654700128832271
60,150,"extreme","waic","1283",0.753333333333333,0.674301369863014,0.568171829860471,0.648100358422939
60,150,"extreme","hbi","1283",0.853333333333333,0.879422538246068,0.712915283668326,0.758132705501127
120,150,"equal","bf_ps","1283",0.833333333333333,0.887161410018553,0.80952380952381,0.823163379064
120,150,"equal","psis","1283",0.56,0.698325358851675,0.558835978835979,0.533848969068917
120,150,"equal","waic","1283",0.566666666666667,0.704900001958826,0.570793650793651,0.554631971634154
120,150,"equal","hbi","1283",0.8,0.86359126984127,0.749206349206349,0.847916798648506
120,150,"extreme","bf_ps","1283",0.94,0.909658899020601,0.841071428571429,0.84743596914917
120,150,"extreme","psis","1283",0.8,0.741121951219512,0.601604554865424,0.735503180533008
120,150,"extreme","waic","1283",0.8,0.736363636363636,0.574585921325052,0.721064460077768
120,150,"extreme","hbi","1283",0.9,0.87901397117987,0.794875776397515,0.780413714690583
60,300,"equal","bf_ps","1283",0.84,0.870748634214676,0.833349149017352,0.833505803192443
60,300,"equal","psis","1283",0.53,0.682475231247428,0.555976877290241,0.489347613195631
60,300,"equal","waic","1283",0.533333333333333,0.682810571532376,0.557140610596832,0.499974435646135
60,300,"equal","hbi","1283",0.783333333333333,0.779996646047643,0.752432578008615,0.736629359061952
60,300,"extreme","bf_ps","1283",0.9,0.898849065919284,0.80688137883963,0.836495179871646
60,300,"extreme","psis","1283",0.73,0.692346490638416,0.508268704439057,0.56508382072277
60,300,"extreme","waic","1283",0.716666666666667,0.612646639011553,0.464157848911561,0.603459598701223
60,300,"extreme","hbi","1283",0.85,0.873123206141818,0.747193576071424,0.75330401265472
120,300,"equal","bf_ps","1283",0.84,0.894935291189647,0.832420468187275,0.834914968971091
120,300,"equal","psis","1283",0.556666666666667,0.716244667887474,0.558375068453883,0.512169157213558
120,300,"equal","waic","1283",0.563333333333333,0.700571772664796,0.556809390422836,0.535419858686753
120,300,"equal","hbi","1283",0.77,0.723786066150598,0.726264418811003,0.817719107192791
120,300,"extreme","bf_ps","1283",0.93,0.910195898728377,0.861706259721852,0.877915668985178
120,300,"extreme","psis","1283",0.786666666666667,0.756316815212896,0.577223983788477,0.63094869102273
120,300,"extreme","waic","1283",0.776666666666667,0.757012984202721,0.573007538174087,0.625469206315419
120,300,"extreme","hbi","1283",0.876666666666667,0.857176324156227,0.797438493469677,0.78784933634432
